[detached HEAD c3e44e3] research(p9): bind joint acquisition/combat runtimes before observations
 5 files changed, 887 insertions(+)
 create mode 100644 research/p9-six-route/ash-inheritance-20260909/joint-controller-v1/execution-1/RESOLVED-PROTOCOLS.json
 create mode 100644 research/p9-six-route/ash-inheritance-20260909/joint-controller-v1/execution-1/SEED-METADATA.json
 create mode 100644 research/p9-six-route/ash-inheritance-20260909/joint-controller-v1/execution-1/SOURCE-DELTA.json
 create mode 100644 research/p9-six-route/ash-inheritance-20260909/joint-controller-v1/execution-1/SOURCE-MANIFEST.json
 create mode 100644 research/p9-six-route/ash-inheritance-20260909/joint-controller-v1/execution-1/runtime-source.tar.xz
[detached HEAD ee1d317] research(p9): preserve exact joint query and signed-null qualification
 41 files changed, 10604 insertions(+)
 create mode 100644 research/p9-six-route/ash-inheritance-20260909/joint-controller-v1/execution-1/qualification/RESULTS.json
 create mode 100644 research/p9-six-route/ash-inheritance-20260909/joint-controller-v1/execution-1/qualification/active.jsonl
 create mode 100644 research/p9-six-route/ash-inheritance-20260909/joint-controller-v1/execution-1/qualification/aware-import.command.json
 create mode 100644 research/p9-six-route/ash-inheritance-20260909/joint-controller-v1/execution-1/qualification/aware-import.stderr
 create mode 100644 research/p9-six-route/ash-inheritance-20260909/joint-controller-v1/execution-1/qualification/aware-import.stdout
 create mode 100644 research/p9-six-route/ash-inheritance-20260909/joint-controller-v1/execution-1/qualification/aware-parse.command.json
 create mode 100644 research/p9-six-route/ash-inheritance-20260909/joint-controller-v1/execution-1/qualification/aware-parse.stderr
 create mode 100644 research/p9-six-route/ash-inheritance-20260909/joint-controller-v1/execution-1/qualification/aware-parse.stdout
 create mode 100644 research/p9-six-route/ash-inheritance-20260909/joint-controller-v1/execution-1/qualification/aware-signed.command.json
 create mode 100644 research/p9-six-route/ash-inheritance-20260909/joint-controller-v1/execution-1/qualification/aware-signed.jsonl
 create mode 100644 research/p9-six-route/ash-inheritance-20260909/joint-controller-v1/execution-1/qualification/aware-signed.stderr
 create mode 100644 research/p9-six-route/ash-inheritance-20260909/joint-controller-v1/execution-1/qualification/aware-signed.stdout
 create mode 100644 research/p9-six-route/ash-inheritance-20260909/joint-controller-v1/execution-1/qualification/capability.command.json
 create mode 100644 research/p9-six-route/ash-inheritance-20260909/joint-controller-v1/execution-1/qualification/capability.jsonl
 create mode 100644 research/p9-six-route/ash-inheritance-20260909/joint-controller-v1/execution-1/qualification/capability.stderr
 create mode 100644 research/p9-six-route/ash-inheritance-20260909/joint-controller-v1/execution-1/qualification/capability.stdout
 create mode 100644 research/p9-six-route/ash-inheritance-20260909/joint-controller-v1/execution-1/qualification/consumer_off.jsonl
 create mode 100644 research/p9-six-route/ash-inheritance-20260909/joint-controller-v1/execution-1/qualification/off.jsonl
 create mode 100644 research/p9-six-route/ash-inheritance-20260909/joint-controller-v1/execution-1/qualification/producer_off.jsonl
 create mode 100644 research/p9-six-route/ash-inheritance-20260909/joint-controller-v1/execution-1/qualification/query-active.command.json
 create mode 100644 research/p9-six-route/ash-inheritance-20260909/joint-controller-v1/execution-1/qualification/query-active.stderr
 create mode 100644 research/p9-six-route/ash-inheritance-20260909/joint-controller-v1/execution-1/qualification/query-active.stdout
 create mode 100644 research/p9-six-route/ash-inheritance-20260909/joint-controller-v1/execution-1/qualification/query-consumer_off.command.json
 create mode 100644 research/p9-six-route/ash-inheritance-20260909/joint-controller-v1/execution-1/qualification/query-consumer_off.stderr
 create mode 100644 research/p9-six-route/ash-inheritance-20260909/joint-controller-v1/execution-1/qualification/query-consumer_off.stdout
 create mode 100644 research/p9-six-route/ash-inheritance-20260909/joint-controller-v1/execution-1/qualification/query-off.command.json
 create mode 100644 research/p9-six-route/ash-inheritance-20260909/joint-controller-v1/execution-1/qualification/query-off.stderr
 create mode 100644 research/p9-six-route/ash-inheritance-20260909/joint-controller-v1/execution-1/qualification/query-off.stdout
 create mode 100644 research/p9-six-route/ash-inheritance-20260909/joint-controller-v1/execution-1/qualification/query-producer_off.command.json
 create mode 100644 research/p9-six-route/ash-inheritance-20260909/joint-controller-v1/execution-1/qualification/query-producer_off.stderr
 create mode 100644 research/p9-six-route/ash-inheritance-20260909/joint-controller-v1/execution-1/qualification/query-producer_off.stdout
 create mode 100644 research/p9-six-route/ash-inheritance-20260909/joint-controller-v1/execution-1/qualification/stock-import.command.json
 create mode 100644 research/p9-six-route/ash-inheritance-20260909/joint-controller-v1/execution-1/qualification/stock-import.stderr
 create mode 100644 research/p9-six-route/ash-inheritance-20260909/joint-controller-v1/execution-1/qualification/stock-import.stdout
 create mode 100644 research/p9-six-route/ash-inheritance-20260909/joint-controller-v1/execution-1/qualification/stock-parse.command.json
 create mode 100644 research/p9-six-route/ash-inheritance-20260909/joint-controller-v1/execution-1/qualification/stock-parse.stderr
 create mode 100644 research/p9-six-route/ash-inheritance-20260909/joint-controller-v1/execution-1/qualification/stock-parse.stdout
 create mode 100644 research/p9-six-route/ash-inheritance-20260909/joint-controller-v1/execution-1/qualification/stock-signed.command.json
 create mode 100644 research/p9-six-route/ash-inheritance-20260909/joint-controller-v1/execution-1/qualification/stock-signed.jsonl
 create mode 100644 research/p9-six-route/ash-inheritance-20260909/joint-controller-v1/execution-1/qualification/stock-signed.stderr
 create mode 100644 research/p9-six-route/ash-inheritance-20260909/joint-controller-v1/execution-1/qualification/stock-signed.stdout
[detached HEAD 71efdbe] research(p9): preserve joint v5 assigned group 1
 65 files changed, 596 insertions(+)
 create mode 100644 research/p9-six-route/ash-inheritance-20260909/joint-controller-v1/execution-1/v5/COST-PROGRESS.json
 create mode 100644 research/p9-six-route/ash-inheritance-20260909/joint-controller-v1/execution-1/v5/aware/v5-000.RECEIPT.json
 create mode 100644 research/p9-six-route/ash-inheritance-20260909/joint-controller-v1/execution-1/v5/aware/v5-000.command.json
 create mode 100644 research/p9-six-route/ash-inheritance-20260909/joint-controller-v1/execution-1/v5/aware/v5-000.config.json
 create mode 100644 research/p9-six-route/ash-inheritance-20260909/joint-controller-v1/execution-1/v5/aware/v5-000.cpu.txt
 create mode 100644 research/p9-six-route/ash-inheritance-20260909/joint-controller-v1/execution-1/v5/aware/v5-000.outcomes.jsonl.xz
 create mode 100644 research/p9-six-route/ash-inheritance-20260909/joint-controller-v1/execution-1/v5/aware/v5-000.stderr
 create mode 100644 research/p9-six-route/ash-inheritance-20260909/joint-controller-v1/execution-1/v5/aware/v5-000.stdout
 create mode 100644 research/p9-six-route/ash-inheritance-20260909/joint-controller-v1/execution-1/v5/aware/v5-000.traces.jsonl.xz
 create mode 100644 research/p9-six-route/ash-inheritance-20260909/joint-controller-v1/execution-1/v5/aware/v5-002.RECEIPT.json
 create mode 100644 research/p9-six-route/ash-inheritance-20260909/joint-controller-v1/execution-1/v5/aware/v5-002.command.json
 create mode 100644 research/p9-six-route/ash-inheritance-20260909/joint-controller-v1/execution-1/v5/aware/v5-002.config.json
 create mode 100644 research/p9-six-route/ash-inheritance-20260909/joint-controller-v1/execution-1/v5/aware/v5-002.cpu.txt
 create mode 100644 research/p9-six-route/ash-inheritance-20260909/joint-controller-v1/execution-1/v5/aware/v5-002.outcomes.jsonl.xz
 create mode 100644 research/p9-six-route/ash-inheritance-20260909/joint-controller-v1/execution-1/v5/aware/v5-002.stderr
 create mode 100644 research/p9-six-route/ash-inheritance-20260909/joint-controller-v1/execution-1/v5/aware/v5-002.stdout
 create mode 100644 research/p9-six-route/ash-inheritance-20260909/joint-controller-v1/execution-1/v5/aware/v5-002.traces.jsonl.xz
 create mode 100644 research/p9-six-route/ash-inheritance-20260909/joint-controller-v1/execution-1/v5/aware/v5-004.RECEIPT.json
 create mode 100644 research/p9-six-route/ash-inheritance-20260909/joint-controller-v1/execution-1/v5/aware/v5-004.command.json
 create mode 100644 research/p9-six-route/ash-inheritance-20260909/joint-controller-v1/execution-1/v5/aware/v5-004.config.json
 create mode 100644 research/p9-six-route/ash-inheritance-20260909/joint-controller-v1/execution-1/v5/aware/v5-004.cpu.txt
 create mode 100644 research/p9-six-route/ash-inheritance-20260909/joint-controller-v1/execution-1/v5/aware/v5-004.outcomes.jsonl.xz
 create mode 100644 research/p9-six-route/ash-inheritance-20260909/joint-controller-v1/execution-1/v5/aware/v5-004.stderr
 create mode 100644 research/p9-six-route/ash-inheritance-20260909/joint-controller-v1/execution-1/v5/aware/v5-004.stdout
 create mode 100644 research/p9-six-route/ash-inheritance-20260909/joint-controller-v1/execution-1/v5/aware/v5-004.traces.jsonl.xz
 create mode 100644 research/p9-six-route/ash-inheritance-20260909/joint-controller-v1/execution-1/v5/aware/v5-006.RECEIPT.json
 create mode 100644 research/p9-six-route/ash-inheritance-20260909/joint-controller-v1/execution-1/v5/aware/v5-006.command.json
 create mode 100644 research/p9-six-route/ash-inheritance-20260909/joint-controller-v1/execution-1/v5/aware/v5-006.config.json
 create mode 100644 research/p9-six-route/ash-inheritance-20260909/joint-controller-v1/execution-1/v5/aware/v5-006.cpu.txt
 create mode 100644 research/p9-six-route/ash-inheritance-20260909/joint-controller-v1/execution-1/v5/aware/v5-006.outcomes.jsonl.xz
 create mode 100644 research/p9-six-route/ash-inheritance-20260909/joint-controller-v1/execution-1/v5/aware/v5-006.stderr
 create mode 100644 research/p9-six-route/ash-inheritance-20260909/joint-controller-v1/execution-1/v5/aware/v5-006.stdout
 create mode 100644 research/p9-six-route/ash-inheritance-20260909/joint-controller-v1/execution-1/v5/aware/v5-006.traces.jsonl.xz
 create mode 100644 research/p9-six-route/ash-inheritance-20260909/joint-controller-v1/execution-1/v5/stock/v5-000.RECEIPT.json
 create mode 100644 research/p9-six-route/ash-inheritance-20260909/joint-controller-v1/execution-1/v5/stock/v5-000.command.json
 create mode 100644 research/p9-six-route/ash-inheritance-20260909/joint-controller-v1/execution-1/v5/stock/v5-000.config.json
 create mode 100644 research/p9-six-route/ash-inheritance-20260909/joint-controller-v1/execution-1/v5/stock/v5-000.cpu.txt
 create mode 100644 research/p9-six-route/ash-inheritance-20260909/joint-controller-v1/execution-1/v5/stock/v5-000.outcomes.jsonl.xz
 create mode 100644 research/p9-six-route/ash-inheritance-20260909/joint-controller-v1/execution-1/v5/stock/v5-000.stderr
 create mode 100644 research/p9-six-route/ash-inheritance-20260909/joint-controller-v1/execution-1/v5/stock/v5-000.stdout
 create mode 100644 research/p9-six-route/ash-inheritance-20260909/joint-controller-v1/execution-1/v5/stock/v5-000.traces.jsonl.xz
 create mode 100644 research/p9-six-route/ash-inheritance-20260909/joint-controller-v1/execution-1/v5/stock/v5-002.RECEIPT.json
 create mode 100644 research/p9-six-route/ash-inheritance-20260909/joint-controller-v1/execution-1/v5/stock/v5-002.command.json
 create mode 100644 research/p9-six-route/ash-inheritance-20260909/joint-controller-v1/execution-1/v5/stock/v5-002.config.json
 create mode 100644 research/p9-six-route/ash-inheritance-20260909/joint-controller-v1/execution-1/v5/stock/v5-002.cpu.txt
 create mode 100644 research/p9-six-route/ash-inheritance-20260909/joint-controller-v1/execution-1/v5/stock/v5-002.outcomes.jsonl.xz
 create mode 100644 research/p9-six-route/ash-inheritance-20260909/joint-controller-v1/execution-1/v5/stock/v5-002.stderr
 create mode 100644 research/p9-six-route/ash-inheritance-20260909/joint-controller-v1/execution-1/v5/stock/v5-002.stdout
 create mode 100644 research/p9-six-route/ash-inheritance-20260909/joint-controller-v1/execution-1/v5/stock/v5-002.traces.jsonl.xz
 create mode 100644 research/p9-six-route/ash-inheritance-20260909/joint-controller-v1/execution-1/v5/stock/v5-004.RECEIPT.json
 create mode 100644 research/p9-six-route/ash-inheritance-20260909/joint-controller-v1/execution-1/v5/stock/v5-004.command.json
 create mode 100644 research/p9-six-route/ash-inheritance-20260909/joint-controller-v1/execution-1/v5/stock/v5-004.config.json
 create mode 100644 research/p9-six-route/ash-inheritance-20260909/joint-controller-v1/execution-1/v5/stock/v5-004.cpu.txt
 create mode 100644 research/p9-six-route/ash-inheritance-20260909/joint-controller-v1/execution-1/v5/stock/v5-004.outcomes.jsonl.xz
 create mode 100644 research/p9-six-route/ash-inheritance-20260909/joint-controller-v1/execution-1/v5/stock/v5-004.stderr
 create mode 100644 research/p9-six-route/ash-inheritance-20260909/joint-controller-v1/execution-1/v5/stock/v5-004.stdout
 create mode 100644 research/p9-six-route/ash-inheritance-20260909/joint-controller-v1/execution-1/v5/stock/v5-004.traces.jsonl.xz
 create mode 100644 research/p9-six-route/ash-inheritance-20260909/joint-controller-v1/execution-1/v5/stock/v5-006.RECEIPT.json
 create mode 100644 research/p9-six-route/ash-inheritance-20260909/joint-controller-v1/execution-1/v5/stock/v5-006.command.json
 create mode 100644 research/p9-six-route/ash-inheritance-20260909/joint-controller-v1/execution-1/v5/stock/v5-006.config.json
 create mode 100644 research/p9-six-route/ash-inheritance-20260909/joint-controller-v1/execution-1/v5/stock/v5-006.cpu.txt
 create mode 100644 research/p9-six-route/ash-inheritance-20260909/joint-controller-v1/execution-1/v5/stock/v5-006.outcomes.jsonl.xz
 create mode 100644 research/p9-six-route/ash-inheritance-20260909/joint-controller-v1/execution-1/v5/stock/v5-006.stderr
 create mode 100644 research/p9-six-route/ash-inheritance-20260909/joint-controller-v1/execution-1/v5/stock/v5-006.stdout
 create mode 100644 research/p9-six-route/ash-inheritance-20260909/joint-controller-v1/execution-1/v5/stock/v5-006.traces.jsonl.xz
[detached HEAD 3d70815] research(p9): preserve joint v5 assigned group 2
 65 files changed, 594 insertions(+), 2 deletions(-)
 create mode 100644 research/p9-six-route/ash-inheritance-20260909/joint-controller-v1/execution-1/v5/aware/v5-008.RECEIPT.json
 create mode 100644 research/p9-six-route/ash-inheritance-20260909/joint-controller-v1/execution-1/v5/aware/v5-008.command.json
 create mode 100644 research/p9-six-route/ash-inheritance-20260909/joint-controller-v1/execution-1/v5/aware/v5-008.config.json
 create mode 100644 research/p9-six-route/ash-inheritance-20260909/joint-controller-v1/execution-1/v5/aware/v5-008.cpu.txt
 create mode 100644 research/p9-six-route/ash-inheritance-20260909/joint-controller-v1/execution-1/v5/aware/v5-008.outcomes.jsonl.xz
 create mode 100644 research/p9-six-route/ash-inheritance-20260909/joint-controller-v1/execution-1/v5/aware/v5-008.stderr
 create mode 100644 research/p9-six-route/ash-inheritance-20260909/joint-controller-v1/execution-1/v5/aware/v5-008.stdout
 create mode 100644 research/p9-six-route/ash-inheritance-20260909/joint-controller-v1/execution-1/v5/aware/v5-008.traces.jsonl.xz
 create mode 100644 research/p9-six-route/ash-inheritance-20260909/joint-controller-v1/execution-1/v5/aware/v5-010.RECEIPT.json
 create mode 100644 research/p9-six-route/ash-inheritance-20260909/joint-controller-v1/execution-1/v5/aware/v5-010.command.json
 create mode 100644 research/p9-six-route/ash-inheritance-20260909/joint-controller-v1/execution-1/v5/aware/v5-010.config.json
 create mode 100644 research/p9-six-route/ash-inheritance-20260909/joint-controller-v1/execution-1/v5/aware/v5-010.cpu.txt
 create mode 100644 research/p9-six-route/ash-inheritance-20260909/joint-controller-v1/execution-1/v5/aware/v5-010.outcomes.jsonl.xz
 create mode 100644 research/p9-six-route/ash-inheritance-20260909/joint-controller-v1/execution-1/v5/aware/v5-010.stderr
 create mode 100644 research/p9-six-route/ash-inheritance-20260909/joint-controller-v1/execution-1/v5/aware/v5-010.stdout
 create mode 100644 research/p9-six-route/ash-inheritance-20260909/joint-controller-v1/execution-1/v5/aware/v5-010.traces.jsonl.xz
 create mode 100644 research/p9-six-route/ash-inheritance-20260909/joint-controller-v1/execution-1/v5/aware/v5-012.RECEIPT.json
 create mode 100644 research/p9-six-route/ash-inheritance-20260909/joint-controller-v1/execution-1/v5/aware/v5-012.command.json
 create mode 100644 research/p9-six-route/ash-inheritance-20260909/joint-controller-v1/execution-1/v5/aware/v5-012.config.json
 create mode 100644 research/p9-six-route/ash-inheritance-20260909/joint-controller-v1/execution-1/v5/aware/v5-012.cpu.txt
 create mode 100644 research/p9-six-route/ash-inheritance-20260909/joint-controller-v1/execution-1/v5/aware/v5-012.outcomes.jsonl.xz
 create mode 100644 research/p9-six-route/ash-inheritance-20260909/joint-controller-v1/execution-1/v5/aware/v5-012.stderr
 create mode 100644 research/p9-six-route/ash-inheritance-20260909/joint-controller-v1/execution-1/v5/aware/v5-012.stdout
 create mode 100644 research/p9-six-route/ash-inheritance-20260909/joint-controller-v1/execution-1/v5/aware/v5-012.traces.jsonl.xz
 create mode 100644 research/p9-six-route/ash-inheritance-20260909/joint-controller-v1/execution-1/v5/aware/v5-014.RECEIPT.json
 create mode 100644 research/p9-six-route/ash-inheritance-20260909/joint-controller-v1/execution-1/v5/aware/v5-014.command.json
 create mode 100644 research/p9-six-route/ash-inheritance-20260909/joint-controller-v1/execution-1/v5/aware/v5-014.config.json
 create mode 100644 research/p9-six-route/ash-inheritance-20260909/joint-controller-v1/execution-1/v5/aware/v5-014.cpu.txt
 create mode 100644 research/p9-six-route/ash-inheritance-20260909/joint-controller-v1/execution-1/v5/aware/v5-014.outcomes.jsonl.xz
 create mode 100644 research/p9-six-route/ash-inheritance-20260909/joint-controller-v1/execution-1/v5/aware/v5-014.stderr
 create mode 100644 research/p9-six-route/ash-inheritance-20260909/joint-controller-v1/execution-1/v5/aware/v5-014.stdout
 create mode 100644 research/p9-six-route/ash-inheritance-20260909/joint-controller-v1/execution-1/v5/aware/v5-014.traces.jsonl.xz
 create mode 100644 research/p9-six-route/ash-inheritance-20260909/joint-controller-v1/execution-1/v5/stock/v5-008.RECEIPT.json
 create mode 100644 research/p9-six-route/ash-inheritance-20260909/joint-controller-v1/execution-1/v5/stock/v5-008.command.json
 create mode 100644 research/p9-six-route/ash-inheritance-20260909/joint-controller-v1/execution-1/v5/stock/v5-008.config.json
 create mode 100644 research/p9-six-route/ash-inheritance-20260909/joint-controller-v1/execution-1/v5/stock/v5-008.cpu.txt
 create mode 100644 research/p9-six-route/ash-inheritance-20260909/joint-controller-v1/execution-1/v5/stock/v5-008.outcomes.jsonl.xz
 create mode 100644 research/p9-six-route/ash-inheritance-20260909/joint-controller-v1/execution-1/v5/stock/v5-008.stderr
 create mode 100644 research/p9-six-route/ash-inheritance-20260909/joint-controller-v1/execution-1/v5/stock/v5-008.stdout
 create mode 100644 research/p9-six-route/ash-inheritance-20260909/joint-controller-v1/execution-1/v5/stock/v5-008.traces.jsonl.xz
 create mode 100644 research/p9-six-route/ash-inheritance-20260909/joint-controller-v1/execution-1/v5/stock/v5-010.RECEIPT.json
 create mode 100644 research/p9-six-route/ash-inheritance-20260909/joint-controller-v1/execution-1/v5/stock/v5-010.command.json
 create mode 100644 research/p9-six-route/ash-inheritance-20260909/joint-controller-v1/execution-1/v5/stock/v5-010.config.json
 create mode 100644 research/p9-six-route/ash-inheritance-20260909/joint-controller-v1/execution-1/v5/stock/v5-010.cpu.txt
 create mode 100644 research/p9-six-route/ash-inheritance-20260909/joint-controller-v1/execution-1/v5/stock/v5-010.outcomes.jsonl.xz
 create mode 100644 research/p9-six-route/ash-inheritance-20260909/joint-controller-v1/execution-1/v5/stock/v5-010.stderr
 create mode 100644 research/p9-six-route/ash-inheritance-20260909/joint-controller-v1/execution-1/v5/stock/v5-010.stdout
 create mode 100644 research/p9-six-route/ash-inheritance-20260909/joint-controller-v1/execution-1/v5/stock/v5-010.traces.jsonl.xz
 create mode 100644 research/p9-six-route/ash-inheritance-20260909/joint-controller-v1/execution-1/v5/stock/v5-012.RECEIPT.json
 create mode 100644 research/p9-six-route/ash-inheritance-20260909/joint-controller-v1/execution-1/v5/stock/v5-012.command.json
 create mode 100644 research/p9-six-route/ash-inheritance-20260909/joint-controller-v1/execution-1/v5/stock/v5-012.config.json
 create mode 100644 research/p9-six-route/ash-inheritance-20260909/joint-controller-v1/execution-1/v5/stock/v5-012.cpu.txt
 create mode 100644 research/p9-six-route/ash-inheritance-20260909/joint-controller-v1/execution-1/v5/stock/v5-012.outcomes.jsonl.xz
 create mode 100644 research/p9-six-route/ash-inheritance-20260909/joint-controller-v1/execution-1/v5/stock/v5-012.stderr
 create mode 100644 research/p9-six-route/ash-inheritance-20260909/joint-controller-v1/execution-1/v5/stock/v5-012.stdout
 create mode 100644 research/p9-six-route/ash-inheritance-20260909/joint-controller-v1/execution-1/v5/stock/v5-012.traces.jsonl.xz
 create mode 100644 research/p9-six-route/ash-inheritance-20260909/joint-controller-v1/execution-1/v5/stock/v5-014.RECEIPT.json
 create mode 100644 research/p9-six-route/ash-inheritance-20260909/joint-controller-v1/execution-1/v5/stock/v5-014.command.json
 create mode 100644 research/p9-six-route/ash-inheritance-20260909/joint-controller-v1/execution-1/v5/stock/v5-014.config.json
 create mode 100644 research/p9-six-route/ash-inheritance-20260909/joint-controller-v1/execution-1/v5/stock/v5-014.cpu.txt
 create mode 100644 research/p9-six-route/ash-inheritance-20260909/joint-controller-v1/execution-1/v5/stock/v5-014.outcomes.jsonl.xz
 create mode 100644 research/p9-six-route/ash-inheritance-20260909/joint-controller-v1/execution-1/v5/stock/v5-014.stderr
 create mode 100644 research/p9-six-route/ash-inheritance-20260909/joint-controller-v1/execution-1/v5/stock/v5-014.stdout
 create mode 100644 research/p9-six-route/ash-inheritance-20260909/joint-controller-v1/execution-1/v5/stock/v5-014.traces.jsonl.xz
[detached HEAD 2e2313d] research(p9): preserve joint v5 assigned group 3
 65 files changed, 594 insertions(+), 2 deletions(-)
 create mode 100644 research/p9-six-route/ash-inheritance-20260909/joint-controller-v1/execution-1/v5/aware/v5-016.RECEIPT.json
 create mode 100644 research/p9-six-route/ash-inheritance-20260909/joint-controller-v1/execution-1/v5/aware/v5-016.command.json
 create mode 100644 research/p9-six-route/ash-inheritance-20260909/joint-controller-v1/execution-1/v5/aware/v5-016.config.json
 create mode 100644 research/p9-six-route/ash-inheritance-20260909/joint-controller-v1/execution-1/v5/aware/v5-016.cpu.txt
 create mode 100644 research/p9-six-route/ash-inheritance-20260909/joint-controller-v1/execution-1/v5/aware/v5-016.outcomes.jsonl.xz
 create mode 100644 research/p9-six-route/ash-inheritance-20260909/joint-controller-v1/execution-1/v5/aware/v5-016.stderr
 create mode 100644 research/p9-six-route/ash-inheritance-20260909/joint-controller-v1/execution-1/v5/aware/v5-016.stdout
 create mode 100644 research/p9-six-route/ash-inheritance-20260909/joint-controller-v1/execution-1/v5/aware/v5-016.traces.jsonl.xz
 create mode 100644 research/p9-six-route/ash-inheritance-20260909/joint-controller-v1/execution-1/v5/aware/v5-018.RECEIPT.json
 create mode 100644 research/p9-six-route/ash-inheritance-20260909/joint-controller-v1/execution-1/v5/aware/v5-018.command.json
 create mode 100644 research/p9-six-route/ash-inheritance-20260909/joint-controller-v1/execution-1/v5/aware/v5-018.config.json
 create mode 100644 research/p9-six-route/ash-inheritance-20260909/joint-controller-v1/execution-1/v5/aware/v5-018.cpu.txt
 create mode 100644 research/p9-six-route/ash-inheritance-20260909/joint-controller-v1/execution-1/v5/aware/v5-018.outcomes.jsonl.xz
 create mode 100644 research/p9-six-route/ash-inheritance-20260909/joint-controller-v1/execution-1/v5/aware/v5-018.stderr
 create mode 100644 research/p9-six-route/ash-inheritance-20260909/joint-controller-v1/execution-1/v5/aware/v5-018.stdout
 create mode 100644 research/p9-six-route/ash-inheritance-20260909/joint-controller-v1/execution-1/v5/aware/v5-018.traces.jsonl.xz
 create mode 100644 research/p9-six-route/ash-inheritance-20260909/joint-controller-v1/execution-1/v5/aware/v5-020.RECEIPT.json
 create mode 100644 research/p9-six-route/ash-inheritance-20260909/joint-controller-v1/execution-1/v5/aware/v5-020.command.json
 create mode 100644 research/p9-six-route/ash-inheritance-20260909/joint-controller-v1/execution-1/v5/aware/v5-020.config.json
 create mode 100644 research/p9-six-route/ash-inheritance-20260909/joint-controller-v1/execution-1/v5/aware/v5-020.cpu.txt
 create mode 100644 research/p9-six-route/ash-inheritance-20260909/joint-controller-v1/execution-1/v5/aware/v5-020.outcomes.jsonl.xz
 create mode 100644 research/p9-six-route/ash-inheritance-20260909/joint-controller-v1/execution-1/v5/aware/v5-020.stderr
 create mode 100644 research/p9-six-route/ash-inheritance-20260909/joint-controller-v1/execution-1/v5/aware/v5-020.stdout
 create mode 100644 research/p9-six-route/ash-inheritance-20260909/joint-controller-v1/execution-1/v5/aware/v5-020.traces.jsonl.xz
 create mode 100644 research/p9-six-route/ash-inheritance-20260909/joint-controller-v1/execution-1/v5/aware/v5-022.RECEIPT.json
 create mode 100644 research/p9-six-route/ash-inheritance-20260909/joint-controller-v1/execution-1/v5/aware/v5-022.command.json
 create mode 100644 research/p9-six-route/ash-inheritance-20260909/joint-controller-v1/execution-1/v5/aware/v5-022.config.json
 create mode 100644 research/p9-six-route/ash-inheritance-20260909/joint-controller-v1/execution-1/v5/aware/v5-022.cpu.txt
 create mode 100644 research/p9-six-route/ash-inheritance-20260909/joint-controller-v1/execution-1/v5/aware/v5-022.outcomes.jsonl.xz
 create mode 100644 research/p9-six-route/ash-inheritance-20260909/joint-controller-v1/execution-1/v5/aware/v5-022.stderr
 create mode 100644 research/p9-six-route/ash-inheritance-20260909/joint-controller-v1/execution-1/v5/aware/v5-022.stdout
 create mode 100644 research/p9-six-route/ash-inheritance-20260909/joint-controller-v1/execution-1/v5/aware/v5-022.traces.jsonl.xz
 create mode 100644 research/p9-six-route/ash-inheritance-20260909/joint-controller-v1/execution-1/v5/stock/v5-016.RECEIPT.json
 create mode 100644 research/p9-six-route/ash-inheritance-20260909/joint-controller-v1/execution-1/v5/stock/v5-016.command.json
 create mode 100644 research/p9-six-route/ash-inheritance-20260909/joint-controller-v1/execution-1/v5/stock/v5-016.config.json
 create mode 100644 research/p9-six-route/ash-inheritance-20260909/joint-controller-v1/execution-1/v5/stock/v5-016.cpu.txt
 create mode 100644 research/p9-six-route/ash-inheritance-20260909/joint-controller-v1/execution-1/v5/stock/v5-016.outcomes.jsonl.xz
 create mode 100644 research/p9-six-route/ash-inheritance-20260909/joint-controller-v1/execution-1/v5/stock/v5-016.stderr
 create mode 100644 research/p9-six-route/ash-inheritance-20260909/joint-controller-v1/execution-1/v5/stock/v5-016.stdout
 create mode 100644 research/p9-six-route/ash-inheritance-20260909/joint-controller-v1/execution-1/v5/stock/v5-016.traces.jsonl.xz
 create mode 100644 research/p9-six-route/ash-inheritance-20260909/joint-controller-v1/execution-1/v5/stock/v5-018.RECEIPT.json
 create mode 100644 research/p9-six-route/ash-inheritance-20260909/joint-controller-v1/execution-1/v5/stock/v5-018.command.json
 create mode 100644 research/p9-six-route/ash-inheritance-20260909/joint-controller-v1/execution-1/v5/stock/v5-018.config.json
 create mode 100644 research/p9-six-route/ash-inheritance-20260909/joint-controller-v1/execution-1/v5/stock/v5-018.cpu.txt
 create mode 100644 research/p9-six-route/ash-inheritance-20260909/joint-controller-v1/execution-1/v5/stock/v5-018.outcomes.jsonl.xz
 create mode 100644 research/p9-six-route/ash-inheritance-20260909/joint-controller-v1/execution-1/v5/stock/v5-018.stderr
 create mode 100644 research/p9-six-route/ash-inheritance-20260909/joint-controller-v1/execution-1/v5/stock/v5-018.stdout
 create mode 100644 research/p9-six-route/ash-inheritance-20260909/joint-controller-v1/execution-1/v5/stock/v5-018.traces.jsonl.xz
 create mode 100644 research/p9-six-route/ash-inheritance-20260909/joint-controller-v1/execution-1/v5/stock/v5-020.RECEIPT.json
 create mode 100644 research/p9-six-route/ash-inheritance-20260909/joint-controller-v1/execution-1/v5/stock/v5-020.command.json
 create mode 100644 research/p9-six-route/ash-inheritance-20260909/joint-controller-v1/execution-1/v5/stock/v5-020.config.json
 create mode 100644 research/p9-six-route/ash-inheritance-20260909/joint-controller-v1/execution-1/v5/stock/v5-020.cpu.txt
 create mode 100644 research/p9-six-route/ash-inheritance-20260909/joint-controller-v1/execution-1/v5/stock/v5-020.outcomes.jsonl.xz
 create mode 100644 research/p9-six-route/ash-inheritance-20260909/joint-controller-v1/execution-1/v5/stock/v5-020.stderr
 create mode 100644 research/p9-six-route/ash-inheritance-20260909/joint-controller-v1/execution-1/v5/stock/v5-020.stdout
 create mode 100644 research/p9-six-route/ash-inheritance-20260909/joint-controller-v1/execution-1/v5/stock/v5-020.traces.jsonl.xz
 create mode 100644 research/p9-six-route/ash-inheritance-20260909/joint-controller-v1/execution-1/v5/stock/v5-022.RECEIPT.json
 create mode 100644 research/p9-six-route/ash-inheritance-20260909/joint-controller-v1/execution-1/v5/stock/v5-022.command.json
 create mode 100644 research/p9-six-route/ash-inheritance-20260909/joint-controller-v1/execution-1/v5/stock/v5-022.config.json
 create mode 100644 research/p9-six-route/ash-inheritance-20260909/joint-controller-v1/execution-1/v5/stock/v5-022.cpu.txt
 create mode 100644 research/p9-six-route/ash-inheritance-20260909/joint-controller-v1/execution-1/v5/stock/v5-022.outcomes.jsonl.xz
 create mode 100644 research/p9-six-route/ash-inheritance-20260909/joint-controller-v1/execution-1/v5/stock/v5-022.stderr
 create mode 100644 research/p9-six-route/ash-inheritance-20260909/joint-controller-v1/execution-1/v5/stock/v5-022.stdout
 create mode 100644 research/p9-six-route/ash-inheritance-20260909/joint-controller-v1/execution-1/v5/stock/v5-022.traces.jsonl.xz
[detached HEAD d7d31b9] research(p9): preserve joint v5 assigned group 4
 65 files changed, 594 insertions(+), 2 deletions(-)
 create mode 100644 research/p9-six-route/ash-inheritance-20260909/joint-controller-v1/execution-1/v5/aware/v5-024.RECEIPT.json
 create mode 100644 research/p9-six-route/ash-inheritance-20260909/joint-controller-v1/execution-1/v5/aware/v5-024.command.json
 create mode 100644 research/p9-six-route/ash-inheritance-20260909/joint-controller-v1/execution-1/v5/aware/v5-024.config.json
 create mode 100644 research/p9-six-route/ash-inheritance-20260909/joint-controller-v1/execution-1/v5/aware/v5-024.cpu.txt
 create mode 100644 research/p9-six-route/ash-inheritance-20260909/joint-controller-v1/execution-1/v5/aware/v5-024.outcomes.jsonl.xz
 create mode 100644 research/p9-six-route/ash-inheritance-20260909/joint-controller-v1/execution-1/v5/aware/v5-024.stderr
 create mode 100644 research/p9-six-route/ash-inheritance-20260909/joint-controller-v1/execution-1/v5/aware/v5-024.stdout
 create mode 100644 research/p9-six-route/ash-inheritance-20260909/joint-controller-v1/execution-1/v5/aware/v5-024.traces.jsonl.xz
 create mode 100644 research/p9-six-route/ash-inheritance-20260909/joint-controller-v1/execution-1/v5/aware/v5-026.RECEIPT.json
 create mode 100644 research/p9-six-route/ash-inheritance-20260909/joint-controller-v1/execution-1/v5/aware/v5-026.command.json
 create mode 100644 research/p9-six-route/ash-inheritance-20260909/joint-controller-v1/execution-1/v5/aware/v5-026.config.json
 create mode 100644 research/p9-six-route/ash-inheritance-20260909/joint-controller-v1/execution-1/v5/aware/v5-026.cpu.txt
 create mode 100644 research/p9-six-route/ash-inheritance-20260909/joint-controller-v1/execution-1/v5/aware/v5-026.outcomes.jsonl.xz
 create mode 100644 research/p9-six-route/ash-inheritance-20260909/joint-controller-v1/execution-1/v5/aware/v5-026.stderr
 create mode 100644 research/p9-six-route/ash-inheritance-20260909/joint-controller-v1/execution-1/v5/aware/v5-026.stdout
 create mode 100644 research/p9-six-route/ash-inheritance-20260909/joint-controller-v1/execution-1/v5/aware/v5-026.traces.jsonl.xz
 create mode 100644 research/p9-six-route/ash-inheritance-20260909/joint-controller-v1/execution-1/v5/aware/v5-028.RECEIPT.json
 create mode 100644 research/p9-six-route/ash-inheritance-20260909/joint-controller-v1/execution-1/v5/aware/v5-028.command.json
 create mode 100644 research/p9-six-route/ash-inheritance-20260909/joint-controller-v1/execution-1/v5/aware/v5-028.config.json
 create mode 100644 research/p9-six-route/ash-inheritance-20260909/joint-controller-v1/execution-1/v5/aware/v5-028.cpu.txt
 create mode 100644 research/p9-six-route/ash-inheritance-20260909/joint-controller-v1/execution-1/v5/aware/v5-028.outcomes.jsonl.xz
 create mode 100644 research/p9-six-route/ash-inheritance-20260909/joint-controller-v1/execution-1/v5/aware/v5-028.stderr
 create mode 100644 research/p9-six-route/ash-inheritance-20260909/joint-controller-v1/execution-1/v5/aware/v5-028.stdout
 create mode 100644 research/p9-six-route/ash-inheritance-20260909/joint-controller-v1/execution-1/v5/aware/v5-028.traces.jsonl.xz
 create mode 100644 research/p9-six-route/ash-inheritance-20260909/joint-controller-v1/execution-1/v5/aware/v5-030.RECEIPT.json
 create mode 100644 research/p9-six-route/ash-inheritance-20260909/joint-controller-v1/execution-1/v5/aware/v5-030.command.json
 create mode 100644 research/p9-six-route/ash-inheritance-20260909/joint-controller-v1/execution-1/v5/aware/v5-030.config.json
 create mode 100644 research/p9-six-route/ash-inheritance-20260909/joint-controller-v1/execution-1/v5/aware/v5-030.cpu.txt
 create mode 100644 research/p9-six-route/ash-inheritance-20260909/joint-controller-v1/execution-1/v5/aware/v5-030.outcomes.jsonl.xz
 create mode 100644 research/p9-six-route/ash-inheritance-20260909/joint-controller-v1/execution-1/v5/aware/v5-030.stderr
 create mode 100644 research/p9-six-route/ash-inheritance-20260909/joint-controller-v1/execution-1/v5/aware/v5-030.stdout
 create mode 100644 research/p9-six-route/ash-inheritance-20260909/joint-controller-v1/execution-1/v5/aware/v5-030.traces.jsonl.xz
 create mode 100644 research/p9-six-route/ash-inheritance-20260909/joint-controller-v1/execution-1/v5/stock/v5-024.RECEIPT.json
 create mode 100644 research/p9-six-route/ash-inheritance-20260909/joint-controller-v1/execution-1/v5/stock/v5-024.command.json
 create mode 100644 research/p9-six-route/ash-inheritance-20260909/joint-controller-v1/execution-1/v5/stock/v5-024.config.json
 create mode 100644 research/p9-six-route/ash-inheritance-20260909/joint-controller-v1/execution-1/v5/stock/v5-024.cpu.txt
 create mode 100644 research/p9-six-route/ash-inheritance-20260909/joint-controller-v1/execution-1/v5/stock/v5-024.outcomes.jsonl.xz
 create mode 100644 research/p9-six-route/ash-inheritance-20260909/joint-controller-v1/execution-1/v5/stock/v5-024.stderr
 create mode 100644 research/p9-six-route/ash-inheritance-20260909/joint-controller-v1/execution-1/v5/stock/v5-024.stdout
 create mode 100644 research/p9-six-route/ash-inheritance-20260909/joint-controller-v1/execution-1/v5/stock/v5-024.traces.jsonl.xz
 create mode 100644 research/p9-six-route/ash-inheritance-20260909/joint-controller-v1/execution-1/v5/stock/v5-026.RECEIPT.json
 create mode 100644 research/p9-six-route/ash-inheritance-20260909/joint-controller-v1/execution-1/v5/stock/v5-026.command.json
 create mode 100644 research/p9-six-route/ash-inheritance-20260909/joint-controller-v1/execution-1/v5/stock/v5-026.config.json
 create mode 100644 research/p9-six-route/ash-inheritance-20260909/joint-controller-v1/execution-1/v5/stock/v5-026.cpu.txt
 create mode 100644 research/p9-six-route/ash-inheritance-20260909/joint-controller-v1/execution-1/v5/stock/v5-026.outcomes.jsonl.xz
 create mode 100644 research/p9-six-route/ash-inheritance-20260909/joint-controller-v1/execution-1/v5/stock/v5-026.stderr
 create mode 100644 research/p9-six-route/ash-inheritance-20260909/joint-controller-v1/execution-1/v5/stock/v5-026.stdout
 create mode 100644 research/p9-six-route/ash-inheritance-20260909/joint-controller-v1/execution-1/v5/stock/v5-026.traces.jsonl.xz
 create mode 100644 research/p9-six-route/ash-inheritance-20260909/joint-controller-v1/execution-1/v5/stock/v5-028.RECEIPT.json
 create mode 100644 research/p9-six-route/ash-inheritance-20260909/joint-controller-v1/execution-1/v5/stock/v5-028.command.json
 create mode 100644 research/p9-six-route/ash-inheritance-20260909/joint-controller-v1/execution-1/v5/stock/v5-028.config.json
 create mode 100644 research/p9-six-route/ash-inheritance-20260909/joint-controller-v1/execution-1/v5/stock/v5-028.cpu.txt
 create mode 100644 research/p9-six-route/ash-inheritance-20260909/joint-controller-v1/execution-1/v5/stock/v5-028.outcomes.jsonl.xz
 create mode 100644 research/p9-six-route/ash-inheritance-20260909/joint-controller-v1/execution-1/v5/stock/v5-028.stderr
 create mode 100644 research/p9-six-route/ash-inheritance-20260909/joint-controller-v1/execution-1/v5/stock/v5-028.stdout
 create mode 100644 research/p9-six-route/ash-inheritance-20260909/joint-controller-v1/execution-1/v5/stock/v5-028.traces.jsonl.xz
 create mode 100644 research/p9-six-route/ash-inheritance-20260909/joint-controller-v1/execution-1/v5/stock/v5-030.RECEIPT.json
 create mode 100644 research/p9-six-route/ash-inheritance-20260909/joint-controller-v1/execution-1/v5/stock/v5-030.command.json
 create mode 100644 research/p9-six-route/ash-inheritance-20260909/joint-controller-v1/execution-1/v5/stock/v5-030.config.json
 create mode 100644 research/p9-six-route/ash-inheritance-20260909/joint-controller-v1/execution-1/v5/stock/v5-030.cpu.txt
 create mode 100644 research/p9-six-route/ash-inheritance-20260909/joint-controller-v1/execution-1/v5/stock/v5-030.outcomes.jsonl.xz
 create mode 100644 research/p9-six-route/ash-inheritance-20260909/joint-controller-v1/execution-1/v5/stock/v5-030.stderr
 create mode 100644 research/p9-six-route/ash-inheritance-20260909/joint-controller-v1/execution-1/v5/stock/v5-030.stdout
 create mode 100644 research/p9-six-route/ash-inheritance-20260909/joint-controller-v1/execution-1/v5/stock/v5-030.traces.jsonl.xz
[detached HEAD f1a04c2] research(p9): preserve joint v5 assigned group 5
 65 files changed, 594 insertions(+), 2 deletions(-)
 create mode 100644 research/p9-six-route/ash-inheritance-20260909/joint-controller-v1/execution-1/v5/aware/v5-032.RECEIPT.json
 create mode 100644 research/p9-six-route/ash-inheritance-20260909/joint-controller-v1/execution-1/v5/aware/v5-032.command.json
 create mode 100644 research/p9-six-route/ash-inheritance-20260909/joint-controller-v1/execution-1/v5/aware/v5-032.config.json
 create mode 100644 research/p9-six-route/ash-inheritance-20260909/joint-controller-v1/execution-1/v5/aware/v5-032.cpu.txt
 create mode 100644 research/p9-six-route/ash-inheritance-20260909/joint-controller-v1/execution-1/v5/aware/v5-032.outcomes.jsonl.xz
 create mode 100644 research/p9-six-route/ash-inheritance-20260909/joint-controller-v1/execution-1/v5/aware/v5-032.stderr
 create mode 100644 research/p9-six-route/ash-inheritance-20260909/joint-controller-v1/execution-1/v5/aware/v5-032.stdout
 create mode 100644 research/p9-six-route/ash-inheritance-20260909/joint-controller-v1/execution-1/v5/aware/v5-032.traces.jsonl.xz
 create mode 100644 research/p9-six-route/ash-inheritance-20260909/joint-controller-v1/execution-1/v5/aware/v5-034.RECEIPT.json
 create mode 100644 research/p9-six-route/ash-inheritance-20260909/joint-controller-v1/execution-1/v5/aware/v5-034.command.json
 create mode 100644 research/p9-six-route/ash-inheritance-20260909/joint-controller-v1/execution-1/v5/aware/v5-034.config.json
 create mode 100644 research/p9-six-route/ash-inheritance-20260909/joint-controller-v1/execution-1/v5/aware/v5-034.cpu.txt
 create mode 100644 research/p9-six-route/ash-inheritance-20260909/joint-controller-v1/execution-1/v5/aware/v5-034.outcomes.jsonl.xz
 create mode 100644 research/p9-six-route/ash-inheritance-20260909/joint-controller-v1/execution-1/v5/aware/v5-034.stderr
 create mode 100644 research/p9-six-route/ash-inheritance-20260909/joint-controller-v1/execution-1/v5/aware/v5-034.stdout
 create mode 100644 research/p9-six-route/ash-inheritance-20260909/joint-controller-v1/execution-1/v5/aware/v5-034.traces.jsonl.xz
 create mode 100644 research/p9-six-route/ash-inheritance-20260909/joint-controller-v1/execution-1/v5/aware/v5-036.RECEIPT.json
 create mode 100644 research/p9-six-route/ash-inheritance-20260909/joint-controller-v1/execution-1/v5/aware/v5-036.command.json
 create mode 100644 research/p9-six-route/ash-inheritance-20260909/joint-controller-v1/execution-1/v5/aware/v5-036.config.json
 create mode 100644 research/p9-six-route/ash-inheritance-20260909/joint-controller-v1/execution-1/v5/aware/v5-036.cpu.txt
 create mode 100644 research/p9-six-route/ash-inheritance-20260909/joint-controller-v1/execution-1/v5/aware/v5-036.outcomes.jsonl.xz
 create mode 100644 research/p9-six-route/ash-inheritance-20260909/joint-controller-v1/execution-1/v5/aware/v5-036.stderr
 create mode 100644 research/p9-six-route/ash-inheritance-20260909/joint-controller-v1/execution-1/v5/aware/v5-036.stdout
 create mode 100644 research/p9-six-route/ash-inheritance-20260909/joint-controller-v1/execution-1/v5/aware/v5-036.traces.jsonl.xz
 create mode 100644 research/p9-six-route/ash-inheritance-20260909/joint-controller-v1/execution-1/v5/aware/v5-038.RECEIPT.json
 create mode 100644 research/p9-six-route/ash-inheritance-20260909/joint-controller-v1/execution-1/v5/aware/v5-038.command.json
 create mode 100644 research/p9-six-route/ash-inheritance-20260909/joint-controller-v1/execution-1/v5/aware/v5-038.config.json
 create mode 100644 research/p9-six-route/ash-inheritance-20260909/joint-controller-v1/execution-1/v5/aware/v5-038.cpu.txt
 create mode 100644 research/p9-six-route/ash-inheritance-20260909/joint-controller-v1/execution-1/v5/aware/v5-038.outcomes.jsonl.xz
 create mode 100644 research/p9-six-route/ash-inheritance-20260909/joint-controller-v1/execution-1/v5/aware/v5-038.stderr
 create mode 100644 research/p9-six-route/ash-inheritance-20260909/joint-controller-v1/execution-1/v5/aware/v5-038.stdout
 create mode 100644 research/p9-six-route/ash-inheritance-20260909/joint-controller-v1/execution-1/v5/aware/v5-038.traces.jsonl.xz
 create mode 100644 research/p9-six-route/ash-inheritance-20260909/joint-controller-v1/execution-1/v5/stock/v5-032.RECEIPT.json
 create mode 100644 research/p9-six-route/ash-inheritance-20260909/joint-controller-v1/execution-1/v5/stock/v5-032.command.json
 create mode 100644 research/p9-six-route/ash-inheritance-20260909/joint-controller-v1/execution-1/v5/stock/v5-032.config.json
 create mode 100644 research/p9-six-route/ash-inheritance-20260909/joint-controller-v1/execution-1/v5/stock/v5-032.cpu.txt
 create mode 100644 research/p9-six-route/ash-inheritance-20260909/joint-controller-v1/execution-1/v5/stock/v5-032.outcomes.jsonl.xz
 create mode 100644 research/p9-six-route/ash-inheritance-20260909/joint-controller-v1/execution-1/v5/stock/v5-032.stderr
 create mode 100644 research/p9-six-route/ash-inheritance-20260909/joint-controller-v1/execution-1/v5/stock/v5-032.stdout
 create mode 100644 research/p9-six-route/ash-inheritance-20260909/joint-controller-v1/execution-1/v5/stock/v5-032.traces.jsonl.xz
 create mode 100644 research/p9-six-route/ash-inheritance-20260909/joint-controller-v1/execution-1/v5/stock/v5-034.RECEIPT.json
 create mode 100644 research/p9-six-route/ash-inheritance-20260909/joint-controller-v1/execution-1/v5/stock/v5-034.command.json
 create mode 100644 research/p9-six-route/ash-inheritance-20260909/joint-controller-v1/execution-1/v5/stock/v5-034.config.json
 create mode 100644 research/p9-six-route/ash-inheritance-20260909/joint-controller-v1/execution-1/v5/stock/v5-034.cpu.txt
 create mode 100644 research/p9-six-route/ash-inheritance-20260909/joint-controller-v1/execution-1/v5/stock/v5-034.outcomes.jsonl.xz
 create mode 100644 research/p9-six-route/ash-inheritance-20260909/joint-controller-v1/execution-1/v5/stock/v5-034.stderr
 create mode 100644 research/p9-six-route/ash-inheritance-20260909/joint-controller-v1/execution-1/v5/stock/v5-034.stdout
 create mode 100644 research/p9-six-route/ash-inheritance-20260909/joint-controller-v1/execution-1/v5/stock/v5-034.traces.jsonl.xz
 create mode 100644 research/p9-six-route/ash-inheritance-20260909/joint-controller-v1/execution-1/v5/stock/v5-036.RECEIPT.json
 create mode 100644 research/p9-six-route/ash-inheritance-20260909/joint-controller-v1/execution-1/v5/stock/v5-036.command.json
 create mode 100644 research/p9-six-route/ash-inheritance-20260909/joint-controller-v1/execution-1/v5/stock/v5-036.config.json
 create mode 100644 research/p9-six-route/ash-inheritance-20260909/joint-controller-v1/execution-1/v5/stock/v5-036.cpu.txt
 create mode 100644 research/p9-six-route/ash-inheritance-20260909/joint-controller-v1/execution-1/v5/stock/v5-036.outcomes.jsonl.xz
 create mode 100644 research/p9-six-route/ash-inheritance-20260909/joint-controller-v1/execution-1/v5/stock/v5-036.stderr
 create mode 100644 research/p9-six-route/ash-inheritance-20260909/joint-controller-v1/execution-1/v5/stock/v5-036.stdout
 create mode 100644 research/p9-six-route/ash-inheritance-20260909/joint-controller-v1/execution-1/v5/stock/v5-036.traces.jsonl.xz
 create mode 100644 research/p9-six-route/ash-inheritance-20260909/joint-controller-v1/execution-1/v5/stock/v5-038.RECEIPT.json
 create mode 100644 research/p9-six-route/ash-inheritance-20260909/joint-controller-v1/execution-1/v5/stock/v5-038.command.json
 create mode 100644 research/p9-six-route/ash-inheritance-20260909/joint-controller-v1/execution-1/v5/stock/v5-038.config.json
 create mode 100644 research/p9-six-route/ash-inheritance-20260909/joint-controller-v1/execution-1/v5/stock/v5-038.cpu.txt
 create mode 100644 research/p9-six-route/ash-inheritance-20260909/joint-controller-v1/execution-1/v5/stock/v5-038.outcomes.jsonl.xz
 create mode 100644 research/p9-six-route/ash-inheritance-20260909/joint-controller-v1/execution-1/v5/stock/v5-038.stderr
 create mode 100644 research/p9-six-route/ash-inheritance-20260909/joint-controller-v1/execution-1/v5/stock/v5-038.stdout
 create mode 100644 research/p9-six-route/ash-inheritance-20260909/joint-controller-v1/execution-1/v5/stock/v5-038.traces.jsonl.xz
[detached HEAD ad913f0] research(p9): preserve joint v5 assigned group 6
 65 files changed, 594 insertions(+), 2 deletions(-)
 create mode 100644 research/p9-six-route/ash-inheritance-20260909/joint-controller-v1/execution-1/v5/aware/v5-040.RECEIPT.json
 create mode 100644 research/p9-six-route/ash-inheritance-20260909/joint-controller-v1/execution-1/v5/aware/v5-040.command.json
 create mode 100644 research/p9-six-route/ash-inheritance-20260909/joint-controller-v1/execution-1/v5/aware/v5-040.config.json
 create mode 100644 research/p9-six-route/ash-inheritance-20260909/joint-controller-v1/execution-1/v5/aware/v5-040.cpu.txt
 create mode 100644 research/p9-six-route/ash-inheritance-20260909/joint-controller-v1/execution-1/v5/aware/v5-040.outcomes.jsonl.xz
 create mode 100644 research/p9-six-route/ash-inheritance-20260909/joint-controller-v1/execution-1/v5/aware/v5-040.stderr
 create mode 100644 research/p9-six-route/ash-inheritance-20260909/joint-controller-v1/execution-1/v5/aware/v5-040.stdout
 create mode 100644 research/p9-six-route/ash-inheritance-20260909/joint-controller-v1/execution-1/v5/aware/v5-040.traces.jsonl.xz
 create mode 100644 research/p9-six-route/ash-inheritance-20260909/joint-controller-v1/execution-1/v5/aware/v5-042.RECEIPT.json
 create mode 100644 research/p9-six-route/ash-inheritance-20260909/joint-controller-v1/execution-1/v5/aware/v5-042.command.json
 create mode 100644 research/p9-six-route/ash-inheritance-20260909/joint-controller-v1/execution-1/v5/aware/v5-042.config.json
 create mode 100644 research/p9-six-route/ash-inheritance-20260909/joint-controller-v1/execution-1/v5/aware/v5-042.cpu.txt
 create mode 100644 research/p9-six-route/ash-inheritance-20260909/joint-controller-v1/execution-1/v5/aware/v5-042.outcomes.jsonl.xz
 create mode 100644 research/p9-six-route/ash-inheritance-20260909/joint-controller-v1/execution-1/v5/aware/v5-042.stderr
 create mode 100644 research/p9-six-route/ash-inheritance-20260909/joint-controller-v1/execution-1/v5/aware/v5-042.stdout
 create mode 100644 research/p9-six-route/ash-inheritance-20260909/joint-controller-v1/execution-1/v5/aware/v5-042.traces.jsonl.xz
 create mode 100644 research/p9-six-route/ash-inheritance-20260909/joint-controller-v1/execution-1/v5/aware/v5-044.RECEIPT.json
 create mode 100644 research/p9-six-route/ash-inheritance-20260909/joint-controller-v1/execution-1/v5/aware/v5-044.command.json
 create mode 100644 research/p9-six-route/ash-inheritance-20260909/joint-controller-v1/execution-1/v5/aware/v5-044.config.json
 create mode 100644 research/p9-six-route/ash-inheritance-20260909/joint-controller-v1/execution-1/v5/aware/v5-044.cpu.txt
 create mode 100644 research/p9-six-route/ash-inheritance-20260909/joint-controller-v1/execution-1/v5/aware/v5-044.outcomes.jsonl.xz
 create mode 100644 research/p9-six-route/ash-inheritance-20260909/joint-controller-v1/execution-1/v5/aware/v5-044.stderr
 create mode 100644 research/p9-six-route/ash-inheritance-20260909/joint-controller-v1/execution-1/v5/aware/v5-044.stdout
 create mode 100644 research/p9-six-route/ash-inheritance-20260909/joint-controller-v1/execution-1/v5/aware/v5-044.traces.jsonl.xz
 create mode 100644 research/p9-six-route/ash-inheritance-20260909/joint-controller-v1/execution-1/v5/aware/v5-046.RECEIPT.json
 create mode 100644 research/p9-six-route/ash-inheritance-20260909/joint-controller-v1/execution-1/v5/aware/v5-046.command.json
 create mode 100644 research/p9-six-route/ash-inheritance-20260909/joint-controller-v1/execution-1/v5/aware/v5-046.config.json
 create mode 100644 research/p9-six-route/ash-inheritance-20260909/joint-controller-v1/execution-1/v5/aware/v5-046.cpu.txt
 create mode 100644 research/p9-six-route/ash-inheritance-20260909/joint-controller-v1/execution-1/v5/aware/v5-046.outcomes.jsonl.xz
 create mode 100644 research/p9-six-route/ash-inheritance-20260909/joint-controller-v1/execution-1/v5/aware/v5-046.stderr
 create mode 100644 research/p9-six-route/ash-inheritance-20260909/joint-controller-v1/execution-1/v5/aware/v5-046.stdout
 create mode 100644 research/p9-six-route/ash-inheritance-20260909/joint-controller-v1/execution-1/v5/aware/v5-046.traces.jsonl.xz
 create mode 100644 research/p9-six-route/ash-inheritance-20260909/joint-controller-v1/execution-1/v5/stock/v5-040.RECEIPT.json
 create mode 100644 research/p9-six-route/ash-inheritance-20260909/joint-controller-v1/execution-1/v5/stock/v5-040.command.json
 create mode 100644 research/p9-six-route/ash-inheritance-20260909/joint-controller-v1/execution-1/v5/stock/v5-040.config.json
 create mode 100644 research/p9-six-route/ash-inheritance-20260909/joint-controller-v1/execution-1/v5/stock/v5-040.cpu.txt
 create mode 100644 research/p9-six-route/ash-inheritance-20260909/joint-controller-v1/execution-1/v5/stock/v5-040.outcomes.jsonl.xz
 create mode 100644 research/p9-six-route/ash-inheritance-20260909/joint-controller-v1/execution-1/v5/stock/v5-040.stderr
 create mode 100644 research/p9-six-route/ash-inheritance-20260909/joint-controller-v1/execution-1/v5/stock/v5-040.stdout
 create mode 100644 research/p9-six-route/ash-inheritance-20260909/joint-controller-v1/execution-1/v5/stock/v5-040.traces.jsonl.xz
 create mode 100644 research/p9-six-route/ash-inheritance-20260909/joint-controller-v1/execution-1/v5/stock/v5-042.RECEIPT.json
 create mode 100644 research/p9-six-route/ash-inheritance-20260909/joint-controller-v1/execution-1/v5/stock/v5-042.command.json
 create mode 100644 research/p9-six-route/ash-inheritance-20260909/joint-controller-v1/execution-1/v5/stock/v5-042.config.json
 create mode 100644 research/p9-six-route/ash-inheritance-20260909/joint-controller-v1/execution-1/v5/stock/v5-042.cpu.txt
 create mode 100644 research/p9-six-route/ash-inheritance-20260909/joint-controller-v1/execution-1/v5/stock/v5-042.outcomes.jsonl.xz
 create mode 100644 research/p9-six-route/ash-inheritance-20260909/joint-controller-v1/execution-1/v5/stock/v5-042.stderr
 create mode 100644 research/p9-six-route/ash-inheritance-20260909/joint-controller-v1/execution-1/v5/stock/v5-042.stdout
 create mode 100644 research/p9-six-route/ash-inheritance-20260909/joint-controller-v1/execution-1/v5/stock/v5-042.traces.jsonl.xz
 create mode 100644 research/p9-six-route/ash-inheritance-20260909/joint-controller-v1/execution-1/v5/stock/v5-044.RECEIPT.json
 create mode 100644 research/p9-six-route/ash-inheritance-20260909/joint-controller-v1/execution-1/v5/stock/v5-044.command.json
 create mode 100644 research/p9-six-route/ash-inheritance-20260909/joint-controller-v1/execution-1/v5/stock/v5-044.config.json
 create mode 100644 research/p9-six-route/ash-inheritance-20260909/joint-controller-v1/execution-1/v5/stock/v5-044.cpu.txt
 create mode 100644 research/p9-six-route/ash-inheritance-20260909/joint-controller-v1/execution-1/v5/stock/v5-044.outcomes.jsonl.xz
 create mode 100644 research/p9-six-route/ash-inheritance-20260909/joint-controller-v1/execution-1/v5/stock/v5-044.stderr
 create mode 100644 research/p9-six-route/ash-inheritance-20260909/joint-controller-v1/execution-1/v5/stock/v5-044.stdout
 create mode 100644 research/p9-six-route/ash-inheritance-20260909/joint-controller-v1/execution-1/v5/stock/v5-044.traces.jsonl.xz
 create mode 100644 research/p9-six-route/ash-inheritance-20260909/joint-controller-v1/execution-1/v5/stock/v5-046.RECEIPT.json
 create mode 100644 research/p9-six-route/ash-inheritance-20260909/joint-controller-v1/execution-1/v5/stock/v5-046.command.json
 create mode 100644 research/p9-six-route/ash-inheritance-20260909/joint-controller-v1/execution-1/v5/stock/v5-046.config.json
 create mode 100644 research/p9-six-route/ash-inheritance-20260909/joint-controller-v1/execution-1/v5/stock/v5-046.cpu.txt
 create mode 100644 research/p9-six-route/ash-inheritance-20260909/joint-controller-v1/execution-1/v5/stock/v5-046.outcomes.jsonl.xz
 create mode 100644 research/p9-six-route/ash-inheritance-20260909/joint-controller-v1/execution-1/v5/stock/v5-046.stderr
 create mode 100644 research/p9-six-route/ash-inheritance-20260909/joint-controller-v1/execution-1/v5/stock/v5-046.stdout
 create mode 100644 research/p9-six-route/ash-inheritance-20260909/joint-controller-v1/execution-1/v5/stock/v5-046.traces.jsonl.xz
[detached HEAD adfdbda] research(p9): preserve joint v5 assigned group 7
 65 files changed, 594 insertions(+), 2 deletions(-)
 create mode 100644 research/p9-six-route/ash-inheritance-20260909/joint-controller-v1/execution-1/v5/aware/v5-048.RECEIPT.json
 create mode 100644 research/p9-six-route/ash-inheritance-20260909/joint-controller-v1/execution-1/v5/aware/v5-048.command.json
 create mode 100644 research/p9-six-route/ash-inheritance-20260909/joint-controller-v1/execution-1/v5/aware/v5-048.config.json
 create mode 100644 research/p9-six-route/ash-inheritance-20260909/joint-controller-v1/execution-1/v5/aware/v5-048.cpu.txt
 create mode 100644 research/p9-six-route/ash-inheritance-20260909/joint-controller-v1/execution-1/v5/aware/v5-048.outcomes.jsonl.xz
 create mode 100644 research/p9-six-route/ash-inheritance-20260909/joint-controller-v1/execution-1/v5/aware/v5-048.stderr
 create mode 100644 research/p9-six-route/ash-inheritance-20260909/joint-controller-v1/execution-1/v5/aware/v5-048.stdout
 create mode 100644 research/p9-six-route/ash-inheritance-20260909/joint-controller-v1/execution-1/v5/aware/v5-048.traces.jsonl.xz
 create mode 100644 research/p9-six-route/ash-inheritance-20260909/joint-controller-v1/execution-1/v5/aware/v5-050.RECEIPT.json
 create mode 100644 research/p9-six-route/ash-inheritance-20260909/joint-controller-v1/execution-1/v5/aware/v5-050.command.json
 create mode 100644 research/p9-six-route/ash-inheritance-20260909/joint-controller-v1/execution-1/v5/aware/v5-050.config.json
 create mode 100644 research/p9-six-route/ash-inheritance-20260909/joint-controller-v1/execution-1/v5/aware/v5-050.cpu.txt
 create mode 100644 research/p9-six-route/ash-inheritance-20260909/joint-controller-v1/execution-1/v5/aware/v5-050.outcomes.jsonl.xz
 create mode 100644 research/p9-six-route/ash-inheritance-20260909/joint-controller-v1/execution-1/v5/aware/v5-050.stderr
 create mode 100644 research/p9-six-route/ash-inheritance-20260909/joint-controller-v1/execution-1/v5/aware/v5-050.stdout
 create mode 100644 research/p9-six-route/ash-inheritance-20260909/joint-controller-v1/execution-1/v5/aware/v5-050.traces.jsonl.xz
 create mode 100644 research/p9-six-route/ash-inheritance-20260909/joint-controller-v1/execution-1/v5/aware/v5-052.RECEIPT.json
 create mode 100644 research/p9-six-route/ash-inheritance-20260909/joint-controller-v1/execution-1/v5/aware/v5-052.command.json
 create mode 100644 research/p9-six-route/ash-inheritance-20260909/joint-controller-v1/execution-1/v5/aware/v5-052.config.json
 create mode 100644 research/p9-six-route/ash-inheritance-20260909/joint-controller-v1/execution-1/v5/aware/v5-052.cpu.txt
 create mode 100644 research/p9-six-route/ash-inheritance-20260909/joint-controller-v1/execution-1/v5/aware/v5-052.outcomes.jsonl.xz
 create mode 100644 research/p9-six-route/ash-inheritance-20260909/joint-controller-v1/execution-1/v5/aware/v5-052.stderr
 create mode 100644 research/p9-six-route/ash-inheritance-20260909/joint-controller-v1/execution-1/v5/aware/v5-052.stdout
 create mode 100644 research/p9-six-route/ash-inheritance-20260909/joint-controller-v1/execution-1/v5/aware/v5-052.traces.jsonl.xz
 create mode 100644 research/p9-six-route/ash-inheritance-20260909/joint-controller-v1/execution-1/v5/aware/v5-054.RECEIPT.json
 create mode 100644 research/p9-six-route/ash-inheritance-20260909/joint-controller-v1/execution-1/v5/aware/v5-054.command.json
 create mode 100644 research/p9-six-route/ash-inheritance-20260909/joint-controller-v1/execution-1/v5/aware/v5-054.config.json
 create mode 100644 research/p9-six-route/ash-inheritance-20260909/joint-controller-v1/execution-1/v5/aware/v5-054.cpu.txt
 create mode 100644 research/p9-six-route/ash-inheritance-20260909/joint-controller-v1/execution-1/v5/aware/v5-054.outcomes.jsonl.xz
 create mode 100644 research/p9-six-route/ash-inheritance-20260909/joint-controller-v1/execution-1/v5/aware/v5-054.stderr
 create mode 100644 research/p9-six-route/ash-inheritance-20260909/joint-controller-v1/execution-1/v5/aware/v5-054.stdout
 create mode 100644 research/p9-six-route/ash-inheritance-20260909/joint-controller-v1/execution-1/v5/aware/v5-054.traces.jsonl.xz
 create mode 100644 research/p9-six-route/ash-inheritance-20260909/joint-controller-v1/execution-1/v5/stock/v5-048.RECEIPT.json
 create mode 100644 research/p9-six-route/ash-inheritance-20260909/joint-controller-v1/execution-1/v5/stock/v5-048.command.json
 create mode 100644 research/p9-six-route/ash-inheritance-20260909/joint-controller-v1/execution-1/v5/stock/v5-048.config.json
 create mode 100644 research/p9-six-route/ash-inheritance-20260909/joint-controller-v1/execution-1/v5/stock/v5-048.cpu.txt
 create mode 100644 research/p9-six-route/ash-inheritance-20260909/joint-controller-v1/execution-1/v5/stock/v5-048.outcomes.jsonl.xz
 create mode 100644 research/p9-six-route/ash-inheritance-20260909/joint-controller-v1/execution-1/v5/stock/v5-048.stderr
 create mode 100644 research/p9-six-route/ash-inheritance-20260909/joint-controller-v1/execution-1/v5/stock/v5-048.stdout
 create mode 100644 research/p9-six-route/ash-inheritance-20260909/joint-controller-v1/execution-1/v5/stock/v5-048.traces.jsonl.xz
 create mode 100644 research/p9-six-route/ash-inheritance-20260909/joint-controller-v1/execution-1/v5/stock/v5-050.RECEIPT.json
 create mode 100644 research/p9-six-route/ash-inheritance-20260909/joint-controller-v1/execution-1/v5/stock/v5-050.command.json
 create mode 100644 research/p9-six-route/ash-inheritance-20260909/joint-controller-v1/execution-1/v5/stock/v5-050.config.json
 create mode 100644 research/p9-six-route/ash-inheritance-20260909/joint-controller-v1/execution-1/v5/stock/v5-050.cpu.txt
 create mode 100644 research/p9-six-route/ash-inheritance-20260909/joint-controller-v1/execution-1/v5/stock/v5-050.outcomes.jsonl.xz
 create mode 100644 research/p9-six-route/ash-inheritance-20260909/joint-controller-v1/execution-1/v5/stock/v5-050.stderr
 create mode 100644 research/p9-six-route/ash-inheritance-20260909/joint-controller-v1/execution-1/v5/stock/v5-050.stdout
 create mode 100644 research/p9-six-route/ash-inheritance-20260909/joint-controller-v1/execution-1/v5/stock/v5-050.traces.jsonl.xz
 create mode 100644 research/p9-six-route/ash-inheritance-20260909/joint-controller-v1/execution-1/v5/stock/v5-052.RECEIPT.json
 create mode 100644 research/p9-six-route/ash-inheritance-20260909/joint-controller-v1/execution-1/v5/stock/v5-052.command.json
 create mode 100644 research/p9-six-route/ash-inheritance-20260909/joint-controller-v1/execution-1/v5/stock/v5-052.config.json
 create mode 100644 research/p9-six-route/ash-inheritance-20260909/joint-controller-v1/execution-1/v5/stock/v5-052.cpu.txt
 create mode 100644 research/p9-six-route/ash-inheritance-20260909/joint-controller-v1/execution-1/v5/stock/v5-052.outcomes.jsonl.xz
 create mode 100644 research/p9-six-route/ash-inheritance-20260909/joint-controller-v1/execution-1/v5/stock/v5-052.stderr
 create mode 100644 research/p9-six-route/ash-inheritance-20260909/joint-controller-v1/execution-1/v5/stock/v5-052.stdout
 create mode 100644 research/p9-six-route/ash-inheritance-20260909/joint-controller-v1/execution-1/v5/stock/v5-052.traces.jsonl.xz
 create mode 100644 research/p9-six-route/ash-inheritance-20260909/joint-controller-v1/execution-1/v5/stock/v5-054.RECEIPT.json
 create mode 100644 research/p9-six-route/ash-inheritance-20260909/joint-controller-v1/execution-1/v5/stock/v5-054.command.json
 create mode 100644 research/p9-six-route/ash-inheritance-20260909/joint-controller-v1/execution-1/v5/stock/v5-054.config.json
 create mode 100644 research/p9-six-route/ash-inheritance-20260909/joint-controller-v1/execution-1/v5/stock/v5-054.cpu.txt
 create mode 100644 research/p9-six-route/ash-inheritance-20260909/joint-controller-v1/execution-1/v5/stock/v5-054.outcomes.jsonl.xz
 create mode 100644 research/p9-six-route/ash-inheritance-20260909/joint-controller-v1/execution-1/v5/stock/v5-054.stderr
 create mode 100644 research/p9-six-route/ash-inheritance-20260909/joint-controller-v1/execution-1/v5/stock/v5-054.stdout
 create mode 100644 research/p9-six-route/ash-inheritance-20260909/joint-controller-v1/execution-1/v5/stock/v5-054.traces.jsonl.xz
[detached HEAD f4ec85d] research(p9): preserve joint v5 assigned group 8
 65 files changed, 594 insertions(+), 2 deletions(-)
 create mode 100644 research/p9-six-route/ash-inheritance-20260909/joint-controller-v1/execution-1/v5/aware/v5-056.RECEIPT.json
 create mode 100644 research/p9-six-route/ash-inheritance-20260909/joint-controller-v1/execution-1/v5/aware/v5-056.command.json
 create mode 100644 research/p9-six-route/ash-inheritance-20260909/joint-controller-v1/execution-1/v5/aware/v5-056.config.json
 create mode 100644 research/p9-six-route/ash-inheritance-20260909/joint-controller-v1/execution-1/v5/aware/v5-056.cpu.txt
 create mode 100644 research/p9-six-route/ash-inheritance-20260909/joint-controller-v1/execution-1/v5/aware/v5-056.outcomes.jsonl.xz
 create mode 100644 research/p9-six-route/ash-inheritance-20260909/joint-controller-v1/execution-1/v5/aware/v5-056.stderr
 create mode 100644 research/p9-six-route/ash-inheritance-20260909/joint-controller-v1/execution-1/v5/aware/v5-056.stdout
 create mode 100644 research/p9-six-route/ash-inheritance-20260909/joint-controller-v1/execution-1/v5/aware/v5-056.traces.jsonl.xz
 create mode 100644 research/p9-six-route/ash-inheritance-20260909/joint-controller-v1/execution-1/v5/aware/v5-058.RECEIPT.json
 create mode 100644 research/p9-six-route/ash-inheritance-20260909/joint-controller-v1/execution-1/v5/aware/v5-058.command.json
 create mode 100644 research/p9-six-route/ash-inheritance-20260909/joint-controller-v1/execution-1/v5/aware/v5-058.config.json
 create mode 100644 research/p9-six-route/ash-inheritance-20260909/joint-controller-v1/execution-1/v5/aware/v5-058.cpu.txt
 create mode 100644 research/p9-six-route/ash-inheritance-20260909/joint-controller-v1/execution-1/v5/aware/v5-058.outcomes.jsonl.xz
 create mode 100644 research/p9-six-route/ash-inheritance-20260909/joint-controller-v1/execution-1/v5/aware/v5-058.stderr
 create mode 100644 research/p9-six-route/ash-inheritance-20260909/joint-controller-v1/execution-1/v5/aware/v5-058.stdout
 create mode 100644 research/p9-six-route/ash-inheritance-20260909/joint-controller-v1/execution-1/v5/aware/v5-058.traces.jsonl.xz
 create mode 100644 research/p9-six-route/ash-inheritance-20260909/joint-controller-v1/execution-1/v5/aware/v5-060.RECEIPT.json
 create mode 100644 research/p9-six-route/ash-inheritance-20260909/joint-controller-v1/execution-1/v5/aware/v5-060.command.json
 create mode 100644 research/p9-six-route/ash-inheritance-20260909/joint-controller-v1/execution-1/v5/aware/v5-060.config.json
 create mode 100644 research/p9-six-route/ash-inheritance-20260909/joint-controller-v1/execution-1/v5/aware/v5-060.cpu.txt
 create mode 100644 research/p9-six-route/ash-inheritance-20260909/joint-controller-v1/execution-1/v5/aware/v5-060.outcomes.jsonl.xz
 create mode 100644 research/p9-six-route/ash-inheritance-20260909/joint-controller-v1/execution-1/v5/aware/v5-060.stderr
 create mode 100644 research/p9-six-route/ash-inheritance-20260909/joint-controller-v1/execution-1/v5/aware/v5-060.stdout
 create mode 100644 research/p9-six-route/ash-inheritance-20260909/joint-controller-v1/execution-1/v5/aware/v5-060.traces.jsonl.xz
 create mode 100644 research/p9-six-route/ash-inheritance-20260909/joint-controller-v1/execution-1/v5/aware/v5-062.RECEIPT.json
 create mode 100644 research/p9-six-route/ash-inheritance-20260909/joint-controller-v1/execution-1/v5/aware/v5-062.command.json
 create mode 100644 research/p9-six-route/ash-inheritance-20260909/joint-controller-v1/execution-1/v5/aware/v5-062.config.json
 create mode 100644 research/p9-six-route/ash-inheritance-20260909/joint-controller-v1/execution-1/v5/aware/v5-062.cpu.txt
 create mode 100644 research/p9-six-route/ash-inheritance-20260909/joint-controller-v1/execution-1/v5/aware/v5-062.outcomes.jsonl.xz
 create mode 100644 research/p9-six-route/ash-inheritance-20260909/joint-controller-v1/execution-1/v5/aware/v5-062.stderr
 create mode 100644 research/p9-six-route/ash-inheritance-20260909/joint-controller-v1/execution-1/v5/aware/v5-062.stdout
 create mode 100644 research/p9-six-route/ash-inheritance-20260909/joint-controller-v1/execution-1/v5/aware/v5-062.traces.jsonl.xz
 create mode 100644 research/p9-six-route/ash-inheritance-20260909/joint-controller-v1/execution-1/v5/stock/v5-056.RECEIPT.json
 create mode 100644 research/p9-six-route/ash-inheritance-20260909/joint-controller-v1/execution-1/v5/stock/v5-056.command.json
 create mode 100644 research/p9-six-route/ash-inheritance-20260909/joint-controller-v1/execution-1/v5/stock/v5-056.config.json
 create mode 100644 research/p9-six-route/ash-inheritance-20260909/joint-controller-v1/execution-1/v5/stock/v5-056.cpu.txt
 create mode 100644 research/p9-six-route/ash-inheritance-20260909/joint-controller-v1/execution-1/v5/stock/v5-056.outcomes.jsonl.xz
 create mode 100644 research/p9-six-route/ash-inheritance-20260909/joint-controller-v1/execution-1/v5/stock/v5-056.stderr
 create mode 100644 research/p9-six-route/ash-inheritance-20260909/joint-controller-v1/execution-1/v5/stock/v5-056.stdout
 create mode 100644 research/p9-six-route/ash-inheritance-20260909/joint-controller-v1/execution-1/v5/stock/v5-056.traces.jsonl.xz
 create mode 100644 research/p9-six-route/ash-inheritance-20260909/joint-controller-v1/execution-1/v5/stock/v5-058.RECEIPT.json
 create mode 100644 research/p9-six-route/ash-inheritance-20260909/joint-controller-v1/execution-1/v5/stock/v5-058.command.json
 create mode 100644 research/p9-six-route/ash-inheritance-20260909/joint-controller-v1/execution-1/v5/stock/v5-058.config.json
 create mode 100644 research/p9-six-route/ash-inheritance-20260909/joint-controller-v1/execution-1/v5/stock/v5-058.cpu.txt
 create mode 100644 research/p9-six-route/ash-inheritance-20260909/joint-controller-v1/execution-1/v5/stock/v5-058.outcomes.jsonl.xz
 create mode 100644 research/p9-six-route/ash-inheritance-20260909/joint-controller-v1/execution-1/v5/stock/v5-058.stderr
 create mode 100644 research/p9-six-route/ash-inheritance-20260909/joint-controller-v1/execution-1/v5/stock/v5-058.stdout
 create mode 100644 research/p9-six-route/ash-inheritance-20260909/joint-controller-v1/execution-1/v5/stock/v5-058.traces.jsonl.xz
 create mode 100644 research/p9-six-route/ash-inheritance-20260909/joint-controller-v1/execution-1/v5/stock/v5-060.RECEIPT.json
 create mode 100644 research/p9-six-route/ash-inheritance-20260909/joint-controller-v1/execution-1/v5/stock/v5-060.command.json
 create mode 100644 research/p9-six-route/ash-inheritance-20260909/joint-controller-v1/execution-1/v5/stock/v5-060.config.json
 create mode 100644 research/p9-six-route/ash-inheritance-20260909/joint-controller-v1/execution-1/v5/stock/v5-060.cpu.txt
 create mode 100644 research/p9-six-route/ash-inheritance-20260909/joint-controller-v1/execution-1/v5/stock/v5-060.outcomes.jsonl.xz
 create mode 100644 research/p9-six-route/ash-inheritance-20260909/joint-controller-v1/execution-1/v5/stock/v5-060.stderr
 create mode 100644 research/p9-six-route/ash-inheritance-20260909/joint-controller-v1/execution-1/v5/stock/v5-060.stdout
 create mode 100644 research/p9-six-route/ash-inheritance-20260909/joint-controller-v1/execution-1/v5/stock/v5-060.traces.jsonl.xz
 create mode 100644 research/p9-six-route/ash-inheritance-20260909/joint-controller-v1/execution-1/v5/stock/v5-062.RECEIPT.json
 create mode 100644 research/p9-six-route/ash-inheritance-20260909/joint-controller-v1/execution-1/v5/stock/v5-062.command.json
 create mode 100644 research/p9-six-route/ash-inheritance-20260909/joint-controller-v1/execution-1/v5/stock/v5-062.config.json
 create mode 100644 research/p9-six-route/ash-inheritance-20260909/joint-controller-v1/execution-1/v5/stock/v5-062.cpu.txt
 create mode 100644 research/p9-six-route/ash-inheritance-20260909/joint-controller-v1/execution-1/v5/stock/v5-062.outcomes.jsonl.xz
 create mode 100644 research/p9-six-route/ash-inheritance-20260909/joint-controller-v1/execution-1/v5/stock/v5-062.stderr
 create mode 100644 research/p9-six-route/ash-inheritance-20260909/joint-controller-v1/execution-1/v5/stock/v5-062.stdout
 create mode 100644 research/p9-six-route/ash-inheritance-20260909/joint-controller-v1/execution-1/v5/stock/v5-062.traces.jsonl.xz
[detached HEAD 6024d8f] research(p9): preserve joint v5 assigned group 9
 65 files changed, 594 insertions(+), 2 deletions(-)
 create mode 100644 research/p9-six-route/ash-inheritance-20260909/joint-controller-v1/execution-1/v5/aware/v5-064.RECEIPT.json
 create mode 100644 research/p9-six-route/ash-inheritance-20260909/joint-controller-v1/execution-1/v5/aware/v5-064.command.json
 create mode 100644 research/p9-six-route/ash-inheritance-20260909/joint-controller-v1/execution-1/v5/aware/v5-064.config.json
 create mode 100644 research/p9-six-route/ash-inheritance-20260909/joint-controller-v1/execution-1/v5/aware/v5-064.cpu.txt
 create mode 100644 research/p9-six-route/ash-inheritance-20260909/joint-controller-v1/execution-1/v5/aware/v5-064.outcomes.jsonl.xz
 create mode 100644 research/p9-six-route/ash-inheritance-20260909/joint-controller-v1/execution-1/v5/aware/v5-064.stderr
 create mode 100644 research/p9-six-route/ash-inheritance-20260909/joint-controller-v1/execution-1/v5/aware/v5-064.stdout
 create mode 100644 research/p9-six-route/ash-inheritance-20260909/joint-controller-v1/execution-1/v5/aware/v5-064.traces.jsonl.xz
 create mode 100644 research/p9-six-route/ash-inheritance-20260909/joint-controller-v1/execution-1/v5/aware/v5-066.RECEIPT.json
 create mode 100644 research/p9-six-route/ash-inheritance-20260909/joint-controller-v1/execution-1/v5/aware/v5-066.command.json
 create mode 100644 research/p9-six-route/ash-inheritance-20260909/joint-controller-v1/execution-1/v5/aware/v5-066.config.json
 create mode 100644 research/p9-six-route/ash-inheritance-20260909/joint-controller-v1/execution-1/v5/aware/v5-066.cpu.txt
 create mode 100644 research/p9-six-route/ash-inheritance-20260909/joint-controller-v1/execution-1/v5/aware/v5-066.outcomes.jsonl.xz
 create mode 100644 research/p9-six-route/ash-inheritance-20260909/joint-controller-v1/execution-1/v5/aware/v5-066.stderr
 create mode 100644 research/p9-six-route/ash-inheritance-20260909/joint-controller-v1/execution-1/v5/aware/v5-066.stdout
 create mode 100644 research/p9-six-route/ash-inheritance-20260909/joint-controller-v1/execution-1/v5/aware/v5-066.traces.jsonl.xz
 create mode 100644 research/p9-six-route/ash-inheritance-20260909/joint-controller-v1/execution-1/v5/aware/v5-068.RECEIPT.json
 create mode 100644 research/p9-six-route/ash-inheritance-20260909/joint-controller-v1/execution-1/v5/aware/v5-068.command.json
 create mode 100644 research/p9-six-route/ash-inheritance-20260909/joint-controller-v1/execution-1/v5/aware/v5-068.config.json
 create mode 100644 research/p9-six-route/ash-inheritance-20260909/joint-controller-v1/execution-1/v5/aware/v5-068.cpu.txt
 create mode 100644 research/p9-six-route/ash-inheritance-20260909/joint-controller-v1/execution-1/v5/aware/v5-068.outcomes.jsonl.xz
 create mode 100644 research/p9-six-route/ash-inheritance-20260909/joint-controller-v1/execution-1/v5/aware/v5-068.stderr
 create mode 100644 research/p9-six-route/ash-inheritance-20260909/joint-controller-v1/execution-1/v5/aware/v5-068.stdout
 create mode 100644 research/p9-six-route/ash-inheritance-20260909/joint-controller-v1/execution-1/v5/aware/v5-068.traces.jsonl.xz
 create mode 100644 research/p9-six-route/ash-inheritance-20260909/joint-controller-v1/execution-1/v5/aware/v5-070.RECEIPT.json
 create mode 100644 research/p9-six-route/ash-inheritance-20260909/joint-controller-v1/execution-1/v5/aware/v5-070.command.json
 create mode 100644 research/p9-six-route/ash-inheritance-20260909/joint-controller-v1/execution-1/v5/aware/v5-070.config.json
 create mode 100644 research/p9-six-route/ash-inheritance-20260909/joint-controller-v1/execution-1/v5/aware/v5-070.cpu.txt
 create mode 100644 research/p9-six-route/ash-inheritance-20260909/joint-controller-v1/execution-1/v5/aware/v5-070.outcomes.jsonl.xz
 create mode 100644 research/p9-six-route/ash-inheritance-20260909/joint-controller-v1/execution-1/v5/aware/v5-070.stderr
 create mode 100644 research/p9-six-route/ash-inheritance-20260909/joint-controller-v1/execution-1/v5/aware/v5-070.stdout
 create mode 100644 research/p9-six-route/ash-inheritance-20260909/joint-controller-v1/execution-1/v5/aware/v5-070.traces.jsonl.xz
 create mode 100644 research/p9-six-route/ash-inheritance-20260909/joint-controller-v1/execution-1/v5/stock/v5-064.RECEIPT.json
 create mode 100644 research/p9-six-route/ash-inheritance-20260909/joint-controller-v1/execution-1/v5/stock/v5-064.command.json
 create mode 100644 research/p9-six-route/ash-inheritance-20260909/joint-controller-v1/execution-1/v5/stock/v5-064.config.json
 create mode 100644 research/p9-six-route/ash-inheritance-20260909/joint-controller-v1/execution-1/v5/stock/v5-064.cpu.txt
 create mode 100644 research/p9-six-route/ash-inheritance-20260909/joint-controller-v1/execution-1/v5/stock/v5-064.outcomes.jsonl.xz
 create mode 100644 research/p9-six-route/ash-inheritance-20260909/joint-controller-v1/execution-1/v5/stock/v5-064.stderr
 create mode 100644 research/p9-six-route/ash-inheritance-20260909/joint-controller-v1/execution-1/v5/stock/v5-064.stdout
 create mode 100644 research/p9-six-route/ash-inheritance-20260909/joint-controller-v1/execution-1/v5/stock/v5-064.traces.jsonl.xz
 create mode 100644 research/p9-six-route/ash-inheritance-20260909/joint-controller-v1/execution-1/v5/stock/v5-066.RECEIPT.json
 create mode 100644 research/p9-six-route/ash-inheritance-20260909/joint-controller-v1/execution-1/v5/stock/v5-066.command.json
 create mode 100644 research/p9-six-route/ash-inheritance-20260909/joint-controller-v1/execution-1/v5/stock/v5-066.config.json
 create mode 100644 research/p9-six-route/ash-inheritance-20260909/joint-controller-v1/execution-1/v5/stock/v5-066.cpu.txt
 create mode 100644 research/p9-six-route/ash-inheritance-20260909/joint-controller-v1/execution-1/v5/stock/v5-066.outcomes.jsonl.xz
 create mode 100644 research/p9-six-route/ash-inheritance-20260909/joint-controller-v1/execution-1/v5/stock/v5-066.stderr
 create mode 100644 research/p9-six-route/ash-inheritance-20260909/joint-controller-v1/execution-1/v5/stock/v5-066.stdout
 create mode 100644 research/p9-six-route/ash-inheritance-20260909/joint-controller-v1/execution-1/v5/stock/v5-066.traces.jsonl.xz
 create mode 100644 research/p9-six-route/ash-inheritance-20260909/joint-controller-v1/execution-1/v5/stock/v5-068.RECEIPT.json
 create mode 100644 research/p9-six-route/ash-inheritance-20260909/joint-controller-v1/execution-1/v5/stock/v5-068.command.json
 create mode 100644 research/p9-six-route/ash-inheritance-20260909/joint-controller-v1/execution-1/v5/stock/v5-068.config.json
 create mode 100644 research/p9-six-route/ash-inheritance-20260909/joint-controller-v1/execution-1/v5/stock/v5-068.cpu.txt
 create mode 100644 research/p9-six-route/ash-inheritance-20260909/joint-controller-v1/execution-1/v5/stock/v5-068.outcomes.jsonl.xz
 create mode 100644 research/p9-six-route/ash-inheritance-20260909/joint-controller-v1/execution-1/v5/stock/v5-068.stderr
 create mode 100644 research/p9-six-route/ash-inheritance-20260909/joint-controller-v1/execution-1/v5/stock/v5-068.stdout
 create mode 100644 research/p9-six-route/ash-inheritance-20260909/joint-controller-v1/execution-1/v5/stock/v5-068.traces.jsonl.xz
 create mode 100644 research/p9-six-route/ash-inheritance-20260909/joint-controller-v1/execution-1/v5/stock/v5-070.RECEIPT.json
 create mode 100644 research/p9-six-route/ash-inheritance-20260909/joint-controller-v1/execution-1/v5/stock/v5-070.command.json
 create mode 100644 research/p9-six-route/ash-inheritance-20260909/joint-controller-v1/execution-1/v5/stock/v5-070.config.json
 create mode 100644 research/p9-six-route/ash-inheritance-20260909/joint-controller-v1/execution-1/v5/stock/v5-070.cpu.txt
 create mode 100644 research/p9-six-route/ash-inheritance-20260909/joint-controller-v1/execution-1/v5/stock/v5-070.outcomes.jsonl.xz
 create mode 100644 research/p9-six-route/ash-inheritance-20260909/joint-controller-v1/execution-1/v5/stock/v5-070.stderr
 create mode 100644 research/p9-six-route/ash-inheritance-20260909/joint-controller-v1/execution-1/v5/stock/v5-070.stdout
 create mode 100644 research/p9-six-route/ash-inheritance-20260909/joint-controller-v1/execution-1/v5/stock/v5-070.traces.jsonl.xz
[detached HEAD a1d76fc] research(p9): preserve joint v5 assigned group 10
 65 files changed, 594 insertions(+), 2 deletions(-)
 create mode 100644 research/p9-six-route/ash-inheritance-20260909/joint-controller-v1/execution-1/v5/aware/v5-072.RECEIPT.json
 create mode 100644 research/p9-six-route/ash-inheritance-20260909/joint-controller-v1/execution-1/v5/aware/v5-072.command.json
 create mode 100644 research/p9-six-route/ash-inheritance-20260909/joint-controller-v1/execution-1/v5/aware/v5-072.config.json
 create mode 100644 research/p9-six-route/ash-inheritance-20260909/joint-controller-v1/execution-1/v5/aware/v5-072.cpu.txt
 create mode 100644 research/p9-six-route/ash-inheritance-20260909/joint-controller-v1/execution-1/v5/aware/v5-072.outcomes.jsonl.xz
 create mode 100644 research/p9-six-route/ash-inheritance-20260909/joint-controller-v1/execution-1/v5/aware/v5-072.stderr
 create mode 100644 research/p9-six-route/ash-inheritance-20260909/joint-controller-v1/execution-1/v5/aware/v5-072.stdout
 create mode 100644 research/p9-six-route/ash-inheritance-20260909/joint-controller-v1/execution-1/v5/aware/v5-072.traces.jsonl.xz
 create mode 100644 research/p9-six-route/ash-inheritance-20260909/joint-controller-v1/execution-1/v5/aware/v5-074.RECEIPT.json
 create mode 100644 research/p9-six-route/ash-inheritance-20260909/joint-controller-v1/execution-1/v5/aware/v5-074.command.json
 create mode 100644 research/p9-six-route/ash-inheritance-20260909/joint-controller-v1/execution-1/v5/aware/v5-074.config.json
 create mode 100644 research/p9-six-route/ash-inheritance-20260909/joint-controller-v1/execution-1/v5/aware/v5-074.cpu.txt
 create mode 100644 research/p9-six-route/ash-inheritance-20260909/joint-controller-v1/execution-1/v5/aware/v5-074.outcomes.jsonl.xz
 create mode 100644 research/p9-six-route/ash-inheritance-20260909/joint-controller-v1/execution-1/v5/aware/v5-074.stderr
 create mode 100644 research/p9-six-route/ash-inheritance-20260909/joint-controller-v1/execution-1/v5/aware/v5-074.stdout
 create mode 100644 research/p9-six-route/ash-inheritance-20260909/joint-controller-v1/execution-1/v5/aware/v5-074.traces.jsonl.xz
 create mode 100644 research/p9-six-route/ash-inheritance-20260909/joint-controller-v1/execution-1/v5/aware/v5-076.RECEIPT.json
 create mode 100644 research/p9-six-route/ash-inheritance-20260909/joint-controller-v1/execution-1/v5/aware/v5-076.command.json
 create mode 100644 research/p9-six-route/ash-inheritance-20260909/joint-controller-v1/execution-1/v5/aware/v5-076.config.json
 create mode 100644 research/p9-six-route/ash-inheritance-20260909/joint-controller-v1/execution-1/v5/aware/v5-076.cpu.txt
 create mode 100644 research/p9-six-route/ash-inheritance-20260909/joint-controller-v1/execution-1/v5/aware/v5-076.outcomes.jsonl.xz
 create mode 100644 research/p9-six-route/ash-inheritance-20260909/joint-controller-v1/execution-1/v5/aware/v5-076.stderr
 create mode 100644 research/p9-six-route/ash-inheritance-20260909/joint-controller-v1/execution-1/v5/aware/v5-076.stdout
 create mode 100644 research/p9-six-route/ash-inheritance-20260909/joint-controller-v1/execution-1/v5/aware/v5-076.traces.jsonl.xz
 create mode 100644 research/p9-six-route/ash-inheritance-20260909/joint-controller-v1/execution-1/v5/aware/v5-078.RECEIPT.json
 create mode 100644 research/p9-six-route/ash-inheritance-20260909/joint-controller-v1/execution-1/v5/aware/v5-078.command.json
 create mode 100644 research/p9-six-route/ash-inheritance-20260909/joint-controller-v1/execution-1/v5/aware/v5-078.config.json
 create mode 100644 research/p9-six-route/ash-inheritance-20260909/joint-controller-v1/execution-1/v5/aware/v5-078.cpu.txt
 create mode 100644 research/p9-six-route/ash-inheritance-20260909/joint-controller-v1/execution-1/v5/aware/v5-078.outcomes.jsonl.xz
 create mode 100644 research/p9-six-route/ash-inheritance-20260909/joint-controller-v1/execution-1/v5/aware/v5-078.stderr
 create mode 100644 research/p9-six-route/ash-inheritance-20260909/joint-controller-v1/execution-1/v5/aware/v5-078.stdout
 create mode 100644 research/p9-six-route/ash-inheritance-20260909/joint-controller-v1/execution-1/v5/aware/v5-078.traces.jsonl.xz
 create mode 100644 research/p9-six-route/ash-inheritance-20260909/joint-controller-v1/execution-1/v5/stock/v5-072.RECEIPT.json
 create mode 100644 research/p9-six-route/ash-inheritance-20260909/joint-controller-v1/execution-1/v5/stock/v5-072.command.json
 create mode 100644 research/p9-six-route/ash-inheritance-20260909/joint-controller-v1/execution-1/v5/stock/v5-072.config.json
 create mode 100644 research/p9-six-route/ash-inheritance-20260909/joint-controller-v1/execution-1/v5/stock/v5-072.cpu.txt
 create mode 100644 research/p9-six-route/ash-inheritance-20260909/joint-controller-v1/execution-1/v5/stock/v5-072.outcomes.jsonl.xz
 create mode 100644 research/p9-six-route/ash-inheritance-20260909/joint-controller-v1/execution-1/v5/stock/v5-072.stderr
 create mode 100644 research/p9-six-route/ash-inheritance-20260909/joint-controller-v1/execution-1/v5/stock/v5-072.stdout
 create mode 100644 research/p9-six-route/ash-inheritance-20260909/joint-controller-v1/execution-1/v5/stock/v5-072.traces.jsonl.xz
 create mode 100644 research/p9-six-route/ash-inheritance-20260909/joint-controller-v1/execution-1/v5/stock/v5-074.RECEIPT.json
 create mode 100644 research/p9-six-route/ash-inheritance-20260909/joint-controller-v1/execution-1/v5/stock/v5-074.command.json
 create mode 100644 research/p9-six-route/ash-inheritance-20260909/joint-controller-v1/execution-1/v5/stock/v5-074.config.json
 create mode 100644 research/p9-six-route/ash-inheritance-20260909/joint-controller-v1/execution-1/v5/stock/v5-074.cpu.txt
 create mode 100644 research/p9-six-route/ash-inheritance-20260909/joint-controller-v1/execution-1/v5/stock/v5-074.outcomes.jsonl.xz
 create mode 100644 research/p9-six-route/ash-inheritance-20260909/joint-controller-v1/execution-1/v5/stock/v5-074.stderr
 create mode 100644 research/p9-six-route/ash-inheritance-20260909/joint-controller-v1/execution-1/v5/stock/v5-074.stdout
 create mode 100644 research/p9-six-route/ash-inheritance-20260909/joint-controller-v1/execution-1/v5/stock/v5-074.traces.jsonl.xz
 create mode 100644 research/p9-six-route/ash-inheritance-20260909/joint-controller-v1/execution-1/v5/stock/v5-076.RECEIPT.json
 create mode 100644 research/p9-six-route/ash-inheritance-20260909/joint-controller-v1/execution-1/v5/stock/v5-076.command.json
 create mode 100644 research/p9-six-route/ash-inheritance-20260909/joint-controller-v1/execution-1/v5/stock/v5-076.config.json
 create mode 100644 research/p9-six-route/ash-inheritance-20260909/joint-controller-v1/execution-1/v5/stock/v5-076.cpu.txt
 create mode 100644 research/p9-six-route/ash-inheritance-20260909/joint-controller-v1/execution-1/v5/stock/v5-076.outcomes.jsonl.xz
 create mode 100644 research/p9-six-route/ash-inheritance-20260909/joint-controller-v1/execution-1/v5/stock/v5-076.stderr
 create mode 100644 research/p9-six-route/ash-inheritance-20260909/joint-controller-v1/execution-1/v5/stock/v5-076.stdout
 create mode 100644 research/p9-six-route/ash-inheritance-20260909/joint-controller-v1/execution-1/v5/stock/v5-076.traces.jsonl.xz
 create mode 100644 research/p9-six-route/ash-inheritance-20260909/joint-controller-v1/execution-1/v5/stock/v5-078.RECEIPT.json
 create mode 100644 research/p9-six-route/ash-inheritance-20260909/joint-controller-v1/execution-1/v5/stock/v5-078.command.json
 create mode 100644 research/p9-six-route/ash-inheritance-20260909/joint-controller-v1/execution-1/v5/stock/v5-078.config.json
 create mode 100644 research/p9-six-route/ash-inheritance-20260909/joint-controller-v1/execution-1/v5/stock/v5-078.cpu.txt
 create mode 100644 research/p9-six-route/ash-inheritance-20260909/joint-controller-v1/execution-1/v5/stock/v5-078.outcomes.jsonl.xz
 create mode 100644 research/p9-six-route/ash-inheritance-20260909/joint-controller-v1/execution-1/v5/stock/v5-078.stderr
 create mode 100644 research/p9-six-route/ash-inheritance-20260909/joint-controller-v1/execution-1/v5/stock/v5-078.stdout
 create mode 100644 research/p9-six-route/ash-inheritance-20260909/joint-controller-v1/execution-1/v5/stock/v5-078.traces.jsonl.xz
[detached HEAD 172e711] research(p9): preserve joint v5 assigned group 11
 65 files changed, 594 insertions(+), 2 deletions(-)
 create mode 100644 research/p9-six-route/ash-inheritance-20260909/joint-controller-v1/execution-1/v5/aware/v5-080.RECEIPT.json
 create mode 100644 research/p9-six-route/ash-inheritance-20260909/joint-controller-v1/execution-1/v5/aware/v5-080.command.json
 create mode 100644 research/p9-six-route/ash-inheritance-20260909/joint-controller-v1/execution-1/v5/aware/v5-080.config.json
 create mode 100644 research/p9-six-route/ash-inheritance-20260909/joint-controller-v1/execution-1/v5/aware/v5-080.cpu.txt
 create mode 100644 research/p9-six-route/ash-inheritance-20260909/joint-controller-v1/execution-1/v5/aware/v5-080.outcomes.jsonl.xz
 create mode 100644 research/p9-six-route/ash-inheritance-20260909/joint-controller-v1/execution-1/v5/aware/v5-080.stderr
 create mode 100644 research/p9-six-route/ash-inheritance-20260909/joint-controller-v1/execution-1/v5/aware/v5-080.stdout
 create mode 100644 research/p9-six-route/ash-inheritance-20260909/joint-controller-v1/execution-1/v5/aware/v5-080.traces.jsonl.xz
 create mode 100644 research/p9-six-route/ash-inheritance-20260909/joint-controller-v1/execution-1/v5/aware/v5-082.RECEIPT.json
 create mode 100644 research/p9-six-route/ash-inheritance-20260909/joint-controller-v1/execution-1/v5/aware/v5-082.command.json
 create mode 100644 research/p9-six-route/ash-inheritance-20260909/joint-controller-v1/execution-1/v5/aware/v5-082.config.json
 create mode 100644 research/p9-six-route/ash-inheritance-20260909/joint-controller-v1/execution-1/v5/aware/v5-082.cpu.txt
 create mode 100644 research/p9-six-route/ash-inheritance-20260909/joint-controller-v1/execution-1/v5/aware/v5-082.outcomes.jsonl.xz
 create mode 100644 research/p9-six-route/ash-inheritance-20260909/joint-controller-v1/execution-1/v5/aware/v5-082.stderr
 create mode 100644 research/p9-six-route/ash-inheritance-20260909/joint-controller-v1/execution-1/v5/aware/v5-082.stdout
 create mode 100644 research/p9-six-route/ash-inheritance-20260909/joint-controller-v1/execution-1/v5/aware/v5-082.traces.jsonl.xz
 create mode 100644 research/p9-six-route/ash-inheritance-20260909/joint-controller-v1/execution-1/v5/aware/v5-084.RECEIPT.json
 create mode 100644 research/p9-six-route/ash-inheritance-20260909/joint-controller-v1/execution-1/v5/aware/v5-084.command.json
 create mode 100644 research/p9-six-route/ash-inheritance-20260909/joint-controller-v1/execution-1/v5/aware/v5-084.config.json
 create mode 100644 research/p9-six-route/ash-inheritance-20260909/joint-controller-v1/execution-1/v5/aware/v5-084.cpu.txt
 create mode 100644 research/p9-six-route/ash-inheritance-20260909/joint-controller-v1/execution-1/v5/aware/v5-084.outcomes.jsonl.xz
 create mode 100644 research/p9-six-route/ash-inheritance-20260909/joint-controller-v1/execution-1/v5/aware/v5-084.stderr
 create mode 100644 research/p9-six-route/ash-inheritance-20260909/joint-controller-v1/execution-1/v5/aware/v5-084.stdout
 create mode 100644 research/p9-six-route/ash-inheritance-20260909/joint-controller-v1/execution-1/v5/aware/v5-084.traces.jsonl.xz
 create mode 100644 research/p9-six-route/ash-inheritance-20260909/joint-controller-v1/execution-1/v5/aware/v5-086.RECEIPT.json
 create mode 100644 research/p9-six-route/ash-inheritance-20260909/joint-controller-v1/execution-1/v5/aware/v5-086.command.json
 create mode 100644 research/p9-six-route/ash-inheritance-20260909/joint-controller-v1/execution-1/v5/aware/v5-086.config.json
 create mode 100644 research/p9-six-route/ash-inheritance-20260909/joint-controller-v1/execution-1/v5/aware/v5-086.cpu.txt
 create mode 100644 research/p9-six-route/ash-inheritance-20260909/joint-controller-v1/execution-1/v5/aware/v5-086.outcomes.jsonl.xz
 create mode 100644 research/p9-six-route/ash-inheritance-20260909/joint-controller-v1/execution-1/v5/aware/v5-086.stderr
 create mode 100644 research/p9-six-route/ash-inheritance-20260909/joint-controller-v1/execution-1/v5/aware/v5-086.stdout
 create mode 100644 research/p9-six-route/ash-inheritance-20260909/joint-controller-v1/execution-1/v5/aware/v5-086.traces.jsonl.xz
 create mode 100644 research/p9-six-route/ash-inheritance-20260909/joint-controller-v1/execution-1/v5/stock/v5-080.RECEIPT.json
 create mode 100644 research/p9-six-route/ash-inheritance-20260909/joint-controller-v1/execution-1/v5/stock/v5-080.command.json
 create mode 100644 research/p9-six-route/ash-inheritance-20260909/joint-controller-v1/execution-1/v5/stock/v5-080.config.json
 create mode 100644 research/p9-six-route/ash-inheritance-20260909/joint-controller-v1/execution-1/v5/stock/v5-080.cpu.txt
 create mode 100644 research/p9-six-route/ash-inheritance-20260909/joint-controller-v1/execution-1/v5/stock/v5-080.outcomes.jsonl.xz
 create mode 100644 research/p9-six-route/ash-inheritance-20260909/joint-controller-v1/execution-1/v5/stock/v5-080.stderr
 create mode 100644 research/p9-six-route/ash-inheritance-20260909/joint-controller-v1/execution-1/v5/stock/v5-080.stdout
 create mode 100644 research/p9-six-route/ash-inheritance-20260909/joint-controller-v1/execution-1/v5/stock/v5-080.traces.jsonl.xz
 create mode 100644 research/p9-six-route/ash-inheritance-20260909/joint-controller-v1/execution-1/v5/stock/v5-082.RECEIPT.json
 create mode 100644 research/p9-six-route/ash-inheritance-20260909/joint-controller-v1/execution-1/v5/stock/v5-082.command.json
 create mode 100644 research/p9-six-route/ash-inheritance-20260909/joint-controller-v1/execution-1/v5/stock/v5-082.config.json
 create mode 100644 research/p9-six-route/ash-inheritance-20260909/joint-controller-v1/execution-1/v5/stock/v5-082.cpu.txt
 create mode 100644 research/p9-six-route/ash-inheritance-20260909/joint-controller-v1/execution-1/v5/stock/v5-082.outcomes.jsonl.xz
 create mode 100644 research/p9-six-route/ash-inheritance-20260909/joint-controller-v1/execution-1/v5/stock/v5-082.stderr
 create mode 100644 research/p9-six-route/ash-inheritance-20260909/joint-controller-v1/execution-1/v5/stock/v5-082.stdout
 create mode 100644 research/p9-six-route/ash-inheritance-20260909/joint-controller-v1/execution-1/v5/stock/v5-082.traces.jsonl.xz
 create mode 100644 research/p9-six-route/ash-inheritance-20260909/joint-controller-v1/execution-1/v5/stock/v5-084.RECEIPT.json
 create mode 100644 research/p9-six-route/ash-inheritance-20260909/joint-controller-v1/execution-1/v5/stock/v5-084.command.json
 create mode 100644 research/p9-six-route/ash-inheritance-20260909/joint-controller-v1/execution-1/v5/stock/v5-084.config.json
 create mode 100644 research/p9-six-route/ash-inheritance-20260909/joint-controller-v1/execution-1/v5/stock/v5-084.cpu.txt
 create mode 100644 research/p9-six-route/ash-inheritance-20260909/joint-controller-v1/execution-1/v5/stock/v5-084.outcomes.jsonl.xz
 create mode 100644 research/p9-six-route/ash-inheritance-20260909/joint-controller-v1/execution-1/v5/stock/v5-084.stderr
 create mode 100644 research/p9-six-route/ash-inheritance-20260909/joint-controller-v1/execution-1/v5/stock/v5-084.stdout
 create mode 100644 research/p9-six-route/ash-inheritance-20260909/joint-controller-v1/execution-1/v5/stock/v5-084.traces.jsonl.xz
 create mode 100644 research/p9-six-route/ash-inheritance-20260909/joint-controller-v1/execution-1/v5/stock/v5-086.RECEIPT.json
 create mode 100644 research/p9-six-route/ash-inheritance-20260909/joint-controller-v1/execution-1/v5/stock/v5-086.command.json
 create mode 100644 research/p9-six-route/ash-inheritance-20260909/joint-controller-v1/execution-1/v5/stock/v5-086.config.json
 create mode 100644 research/p9-six-route/ash-inheritance-20260909/joint-controller-v1/execution-1/v5/stock/v5-086.cpu.txt
 create mode 100644 research/p9-six-route/ash-inheritance-20260909/joint-controller-v1/execution-1/v5/stock/v5-086.outcomes.jsonl.xz
 create mode 100644 research/p9-six-route/ash-inheritance-20260909/joint-controller-v1/execution-1/v5/stock/v5-086.stderr
 create mode 100644 research/p9-six-route/ash-inheritance-20260909/joint-controller-v1/execution-1/v5/stock/v5-086.stdout
 create mode 100644 research/p9-six-route/ash-inheritance-20260909/joint-controller-v1/execution-1/v5/stock/v5-086.traces.jsonl.xz
[detached HEAD 608b288] research(p9): preserve joint v5 assigned group 12
 65 files changed, 594 insertions(+), 2 deletions(-)
 create mode 100644 research/p9-six-route/ash-inheritance-20260909/joint-controller-v1/execution-1/v5/aware/v5-088.RECEIPT.json
 create mode 100644 research/p9-six-route/ash-inheritance-20260909/joint-controller-v1/execution-1/v5/aware/v5-088.command.json
 create mode 100644 research/p9-six-route/ash-inheritance-20260909/joint-controller-v1/execution-1/v5/aware/v5-088.config.json
 create mode 100644 research/p9-six-route/ash-inheritance-20260909/joint-controller-v1/execution-1/v5/aware/v5-088.cpu.txt
 create mode 100644 research/p9-six-route/ash-inheritance-20260909/joint-controller-v1/execution-1/v5/aware/v5-088.outcomes.jsonl.xz
 create mode 100644 research/p9-six-route/ash-inheritance-20260909/joint-controller-v1/execution-1/v5/aware/v5-088.stderr
 create mode 100644 research/p9-six-route/ash-inheritance-20260909/joint-controller-v1/execution-1/v5/aware/v5-088.stdout
 create mode 100644 research/p9-six-route/ash-inheritance-20260909/joint-controller-v1/execution-1/v5/aware/v5-088.traces.jsonl.xz
 create mode 100644 research/p9-six-route/ash-inheritance-20260909/joint-controller-v1/execution-1/v5/aware/v5-090.RECEIPT.json
 create mode 100644 research/p9-six-route/ash-inheritance-20260909/joint-controller-v1/execution-1/v5/aware/v5-090.command.json
 create mode 100644 research/p9-six-route/ash-inheritance-20260909/joint-controller-v1/execution-1/v5/aware/v5-090.config.json
 create mode 100644 research/p9-six-route/ash-inheritance-20260909/joint-controller-v1/execution-1/v5/aware/v5-090.cpu.txt
 create mode 100644 research/p9-six-route/ash-inheritance-20260909/joint-controller-v1/execution-1/v5/aware/v5-090.outcomes.jsonl.xz
 create mode 100644 research/p9-six-route/ash-inheritance-20260909/joint-controller-v1/execution-1/v5/aware/v5-090.stderr
 create mode 100644 research/p9-six-route/ash-inheritance-20260909/joint-controller-v1/execution-1/v5/aware/v5-090.stdout
 create mode 100644 research/p9-six-route/ash-inheritance-20260909/joint-controller-v1/execution-1/v5/aware/v5-090.traces.jsonl.xz
 create mode 100644 research/p9-six-route/ash-inheritance-20260909/joint-controller-v1/execution-1/v5/aware/v5-092.RECEIPT.json
 create mode 100644 research/p9-six-route/ash-inheritance-20260909/joint-controller-v1/execution-1/v5/aware/v5-092.command.json
 create mode 100644 research/p9-six-route/ash-inheritance-20260909/joint-controller-v1/execution-1/v5/aware/v5-092.config.json
 create mode 100644 research/p9-six-route/ash-inheritance-20260909/joint-controller-v1/execution-1/v5/aware/v5-092.cpu.txt
 create mode 100644 research/p9-six-route/ash-inheritance-20260909/joint-controller-v1/execution-1/v5/aware/v5-092.outcomes.jsonl.xz
 create mode 100644 research/p9-six-route/ash-inheritance-20260909/joint-controller-v1/execution-1/v5/aware/v5-092.stderr
 create mode 100644 research/p9-six-route/ash-inheritance-20260909/joint-controller-v1/execution-1/v5/aware/v5-092.stdout
 create mode 100644 research/p9-six-route/ash-inheritance-20260909/joint-controller-v1/execution-1/v5/aware/v5-092.traces.jsonl.xz
 create mode 100644 research/p9-six-route/ash-inheritance-20260909/joint-controller-v1/execution-1/v5/aware/v5-094.RECEIPT.json
 create mode 100644 research/p9-six-route/ash-inheritance-20260909/joint-controller-v1/execution-1/v5/aware/v5-094.command.json
 create mode 100644 research/p9-six-route/ash-inheritance-20260909/joint-controller-v1/execution-1/v5/aware/v5-094.config.json
 create mode 100644 research/p9-six-route/ash-inheritance-20260909/joint-controller-v1/execution-1/v5/aware/v5-094.cpu.txt
 create mode 100644 research/p9-six-route/ash-inheritance-20260909/joint-controller-v1/execution-1/v5/aware/v5-094.outcomes.jsonl.xz
 create mode 100644 research/p9-six-route/ash-inheritance-20260909/joint-controller-v1/execution-1/v5/aware/v5-094.stderr
 create mode 100644 research/p9-six-route/ash-inheritance-20260909/joint-controller-v1/execution-1/v5/aware/v5-094.stdout
 create mode 100644 research/p9-six-route/ash-inheritance-20260909/joint-controller-v1/execution-1/v5/aware/v5-094.traces.jsonl.xz
 create mode 100644 research/p9-six-route/ash-inheritance-20260909/joint-controller-v1/execution-1/v5/stock/v5-088.RECEIPT.json
 create mode 100644 research/p9-six-route/ash-inheritance-20260909/joint-controller-v1/execution-1/v5/stock/v5-088.command.json
 create mode 100644 research/p9-six-route/ash-inheritance-20260909/joint-controller-v1/execution-1/v5/stock/v5-088.config.json
 create mode 100644 research/p9-six-route/ash-inheritance-20260909/joint-controller-v1/execution-1/v5/stock/v5-088.cpu.txt
 create mode 100644 research/p9-six-route/ash-inheritance-20260909/joint-controller-v1/execution-1/v5/stock/v5-088.outcomes.jsonl.xz
 create mode 100644 research/p9-six-route/ash-inheritance-20260909/joint-controller-v1/execution-1/v5/stock/v5-088.stderr
 create mode 100644 research/p9-six-route/ash-inheritance-20260909/joint-controller-v1/execution-1/v5/stock/v5-088.stdout
 create mode 100644 research/p9-six-route/ash-inheritance-20260909/joint-controller-v1/execution-1/v5/stock/v5-088.traces.jsonl.xz
 create mode 100644 research/p9-six-route/ash-inheritance-20260909/joint-controller-v1/execution-1/v5/stock/v5-090.RECEIPT.json
 create mode 100644 research/p9-six-route/ash-inheritance-20260909/joint-controller-v1/execution-1/v5/stock/v5-090.command.json
 create mode 100644 research/p9-six-route/ash-inheritance-20260909/joint-controller-v1/execution-1/v5/stock/v5-090.config.json
 create mode 100644 research/p9-six-route/ash-inheritance-20260909/joint-controller-v1/execution-1/v5/stock/v5-090.cpu.txt
 create mode 100644 research/p9-six-route/ash-inheritance-20260909/joint-controller-v1/execution-1/v5/stock/v5-090.outcomes.jsonl.xz
 create mode 100644 research/p9-six-route/ash-inheritance-20260909/joint-controller-v1/execution-1/v5/stock/v5-090.stderr
 create mode 100644 research/p9-six-route/ash-inheritance-20260909/joint-controller-v1/execution-1/v5/stock/v5-090.stdout
 create mode 100644 research/p9-six-route/ash-inheritance-20260909/joint-controller-v1/execution-1/v5/stock/v5-090.traces.jsonl.xz
 create mode 100644 research/p9-six-route/ash-inheritance-20260909/joint-controller-v1/execution-1/v5/stock/v5-092.RECEIPT.json
 create mode 100644 research/p9-six-route/ash-inheritance-20260909/joint-controller-v1/execution-1/v5/stock/v5-092.command.json
 create mode 100644 research/p9-six-route/ash-inheritance-20260909/joint-controller-v1/execution-1/v5/stock/v5-092.config.json
 create mode 100644 research/p9-six-route/ash-inheritance-20260909/joint-controller-v1/execution-1/v5/stock/v5-092.cpu.txt
 create mode 100644 research/p9-six-route/ash-inheritance-20260909/joint-controller-v1/execution-1/v5/stock/v5-092.outcomes.jsonl.xz
 create mode 100644 research/p9-six-route/ash-inheritance-20260909/joint-controller-v1/execution-1/v5/stock/v5-092.stderr
 create mode 100644 research/p9-six-route/ash-inheritance-20260909/joint-controller-v1/execution-1/v5/stock/v5-092.stdout
 create mode 100644 research/p9-six-route/ash-inheritance-20260909/joint-controller-v1/execution-1/v5/stock/v5-092.traces.jsonl.xz
 create mode 100644 research/p9-six-route/ash-inheritance-20260909/joint-controller-v1/execution-1/v5/stock/v5-094.RECEIPT.json
 create mode 100644 research/p9-six-route/ash-inheritance-20260909/joint-controller-v1/execution-1/v5/stock/v5-094.command.json
 create mode 100644 research/p9-six-route/ash-inheritance-20260909/joint-controller-v1/execution-1/v5/stock/v5-094.config.json
 create mode 100644 research/p9-six-route/ash-inheritance-20260909/joint-controller-v1/execution-1/v5/stock/v5-094.cpu.txt
 create mode 100644 research/p9-six-route/ash-inheritance-20260909/joint-controller-v1/execution-1/v5/stock/v5-094.outcomes.jsonl.xz
 create mode 100644 research/p9-six-route/ash-inheritance-20260909/joint-controller-v1/execution-1/v5/stock/v5-094.stderr
 create mode 100644 research/p9-six-route/ash-inheritance-20260909/joint-controller-v1/execution-1/v5/stock/v5-094.stdout
 create mode 100644 research/p9-six-route/ash-inheritance-20260909/joint-controller-v1/execution-1/v5/stock/v5-094.traces.jsonl.xz
[detached HEAD 6c0e4fb] research(p9): preserve joint v5 assigned group 13
 65 files changed, 594 insertions(+), 2 deletions(-)
 create mode 100644 research/p9-six-route/ash-inheritance-20260909/joint-controller-v1/execution-1/v5/aware/v5-096.RECEIPT.json
 create mode 100644 research/p9-six-route/ash-inheritance-20260909/joint-controller-v1/execution-1/v5/aware/v5-096.command.json
 create mode 100644 research/p9-six-route/ash-inheritance-20260909/joint-controller-v1/execution-1/v5/aware/v5-096.config.json
 create mode 100644 research/p9-six-route/ash-inheritance-20260909/joint-controller-v1/execution-1/v5/aware/v5-096.cpu.txt
 create mode 100644 research/p9-six-route/ash-inheritance-20260909/joint-controller-v1/execution-1/v5/aware/v5-096.outcomes.jsonl.xz
 create mode 100644 research/p9-six-route/ash-inheritance-20260909/joint-controller-v1/execution-1/v5/aware/v5-096.stderr
 create mode 100644 research/p9-six-route/ash-inheritance-20260909/joint-controller-v1/execution-1/v5/aware/v5-096.stdout
 create mode 100644 research/p9-six-route/ash-inheritance-20260909/joint-controller-v1/execution-1/v5/aware/v5-096.traces.jsonl.xz
 create mode 100644 research/p9-six-route/ash-inheritance-20260909/joint-controller-v1/execution-1/v5/aware/v5-098.RECEIPT.json
 create mode 100644 research/p9-six-route/ash-inheritance-20260909/joint-controller-v1/execution-1/v5/aware/v5-098.command.json
 create mode 100644 research/p9-six-route/ash-inheritance-20260909/joint-controller-v1/execution-1/v5/aware/v5-098.config.json
 create mode 100644 research/p9-six-route/ash-inheritance-20260909/joint-controller-v1/execution-1/v5/aware/v5-098.cpu.txt
 create mode 100644 research/p9-six-route/ash-inheritance-20260909/joint-controller-v1/execution-1/v5/aware/v5-098.outcomes.jsonl.xz
 create mode 100644 research/p9-six-route/ash-inheritance-20260909/joint-controller-v1/execution-1/v5/aware/v5-098.stderr
 create mode 100644 research/p9-six-route/ash-inheritance-20260909/joint-controller-v1/execution-1/v5/aware/v5-098.stdout
 create mode 100644 research/p9-six-route/ash-inheritance-20260909/joint-controller-v1/execution-1/v5/aware/v5-098.traces.jsonl.xz
 create mode 100644 research/p9-six-route/ash-inheritance-20260909/joint-controller-v1/execution-1/v5/aware/v5-100.RECEIPT.json
 create mode 100644 research/p9-six-route/ash-inheritance-20260909/joint-controller-v1/execution-1/v5/aware/v5-100.command.json
 create mode 100644 research/p9-six-route/ash-inheritance-20260909/joint-controller-v1/execution-1/v5/aware/v5-100.config.json
 create mode 100644 research/p9-six-route/ash-inheritance-20260909/joint-controller-v1/execution-1/v5/aware/v5-100.cpu.txt
 create mode 100644 research/p9-six-route/ash-inheritance-20260909/joint-controller-v1/execution-1/v5/aware/v5-100.outcomes.jsonl.xz
 create mode 100644 research/p9-six-route/ash-inheritance-20260909/joint-controller-v1/execution-1/v5/aware/v5-100.stderr
 create mode 100644 research/p9-six-route/ash-inheritance-20260909/joint-controller-v1/execution-1/v5/aware/v5-100.stdout
 create mode 100644 research/p9-six-route/ash-inheritance-20260909/joint-controller-v1/execution-1/v5/aware/v5-100.traces.jsonl.xz
 create mode 100644 research/p9-six-route/ash-inheritance-20260909/joint-controller-v1/execution-1/v5/aware/v5-102.RECEIPT.json
 create mode 100644 research/p9-six-route/ash-inheritance-20260909/joint-controller-v1/execution-1/v5/aware/v5-102.command.json
 create mode 100644 research/p9-six-route/ash-inheritance-20260909/joint-controller-v1/execution-1/v5/aware/v5-102.config.json
 create mode 100644 research/p9-six-route/ash-inheritance-20260909/joint-controller-v1/execution-1/v5/aware/v5-102.cpu.txt
 create mode 100644 research/p9-six-route/ash-inheritance-20260909/joint-controller-v1/execution-1/v5/aware/v5-102.outcomes.jsonl.xz
 create mode 100644 research/p9-six-route/ash-inheritance-20260909/joint-controller-v1/execution-1/v5/aware/v5-102.stderr
 create mode 100644 research/p9-six-route/ash-inheritance-20260909/joint-controller-v1/execution-1/v5/aware/v5-102.stdout
 create mode 100644 research/p9-six-route/ash-inheritance-20260909/joint-controller-v1/execution-1/v5/aware/v5-102.traces.jsonl.xz
 create mode 100644 research/p9-six-route/ash-inheritance-20260909/joint-controller-v1/execution-1/v5/stock/v5-096.RECEIPT.json
 create mode 100644 research/p9-six-route/ash-inheritance-20260909/joint-controller-v1/execution-1/v5/stock/v5-096.command.json
 create mode 100644 research/p9-six-route/ash-inheritance-20260909/joint-controller-v1/execution-1/v5/stock/v5-096.config.json
 create mode 100644 research/p9-six-route/ash-inheritance-20260909/joint-controller-v1/execution-1/v5/stock/v5-096.cpu.txt
 create mode 100644 research/p9-six-route/ash-inheritance-20260909/joint-controller-v1/execution-1/v5/stock/v5-096.outcomes.jsonl.xz
 create mode 100644 research/p9-six-route/ash-inheritance-20260909/joint-controller-v1/execution-1/v5/stock/v5-096.stderr
 create mode 100644 research/p9-six-route/ash-inheritance-20260909/joint-controller-v1/execution-1/v5/stock/v5-096.stdout
 create mode 100644 research/p9-six-route/ash-inheritance-20260909/joint-controller-v1/execution-1/v5/stock/v5-096.traces.jsonl.xz
 create mode 100644 research/p9-six-route/ash-inheritance-20260909/joint-controller-v1/execution-1/v5/stock/v5-098.RECEIPT.json
 create mode 100644 research/p9-six-route/ash-inheritance-20260909/joint-controller-v1/execution-1/v5/stock/v5-098.command.json
 create mode 100644 research/p9-six-route/ash-inheritance-20260909/joint-controller-v1/execution-1/v5/stock/v5-098.config.json
 create mode 100644 research/p9-six-route/ash-inheritance-20260909/joint-controller-v1/execution-1/v5/stock/v5-098.cpu.txt
 create mode 100644 research/p9-six-route/ash-inheritance-20260909/joint-controller-v1/execution-1/v5/stock/v5-098.outcomes.jsonl.xz
 create mode 100644 research/p9-six-route/ash-inheritance-20260909/joint-controller-v1/execution-1/v5/stock/v5-098.stderr
 create mode 100644 research/p9-six-route/ash-inheritance-20260909/joint-controller-v1/execution-1/v5/stock/v5-098.stdout
 create mode 100644 research/p9-six-route/ash-inheritance-20260909/joint-controller-v1/execution-1/v5/stock/v5-098.traces.jsonl.xz
 create mode 100644 research/p9-six-route/ash-inheritance-20260909/joint-controller-v1/execution-1/v5/stock/v5-100.RECEIPT.json
 create mode 100644 research/p9-six-route/ash-inheritance-20260909/joint-controller-v1/execution-1/v5/stock/v5-100.command.json
 create mode 100644 research/p9-six-route/ash-inheritance-20260909/joint-controller-v1/execution-1/v5/stock/v5-100.config.json
 create mode 100644 research/p9-six-route/ash-inheritance-20260909/joint-controller-v1/execution-1/v5/stock/v5-100.cpu.txt
 create mode 100644 research/p9-six-route/ash-inheritance-20260909/joint-controller-v1/execution-1/v5/stock/v5-100.outcomes.jsonl.xz
 create mode 100644 research/p9-six-route/ash-inheritance-20260909/joint-controller-v1/execution-1/v5/stock/v5-100.stderr
 create mode 100644 research/p9-six-route/ash-inheritance-20260909/joint-controller-v1/execution-1/v5/stock/v5-100.stdout
 create mode 100644 research/p9-six-route/ash-inheritance-20260909/joint-controller-v1/execution-1/v5/stock/v5-100.traces.jsonl.xz
 create mode 100644 research/p9-six-route/ash-inheritance-20260909/joint-controller-v1/execution-1/v5/stock/v5-102.RECEIPT.json
 create mode 100644 research/p9-six-route/ash-inheritance-20260909/joint-controller-v1/execution-1/v5/stock/v5-102.command.json
 create mode 100644 research/p9-six-route/ash-inheritance-20260909/joint-controller-v1/execution-1/v5/stock/v5-102.config.json
 create mode 100644 research/p9-six-route/ash-inheritance-20260909/joint-controller-v1/execution-1/v5/stock/v5-102.cpu.txt
 create mode 100644 research/p9-six-route/ash-inheritance-20260909/joint-controller-v1/execution-1/v5/stock/v5-102.outcomes.jsonl.xz
 create mode 100644 research/p9-six-route/ash-inheritance-20260909/joint-controller-v1/execution-1/v5/stock/v5-102.stderr
 create mode 100644 research/p9-six-route/ash-inheritance-20260909/joint-controller-v1/execution-1/v5/stock/v5-102.stdout
 create mode 100644 research/p9-six-route/ash-inheritance-20260909/joint-controller-v1/execution-1/v5/stock/v5-102.traces.jsonl.xz
[detached HEAD becb152] research(p9): preserve joint v5 assigned group 14
 65 files changed, 594 insertions(+), 2 deletions(-)
 create mode 100644 research/p9-six-route/ash-inheritance-20260909/joint-controller-v1/execution-1/v5/aware/v5-104.RECEIPT.json
 create mode 100644 research/p9-six-route/ash-inheritance-20260909/joint-controller-v1/execution-1/v5/aware/v5-104.command.json
 create mode 100644 research/p9-six-route/ash-inheritance-20260909/joint-controller-v1/execution-1/v5/aware/v5-104.config.json
 create mode 100644 research/p9-six-route/ash-inheritance-20260909/joint-controller-v1/execution-1/v5/aware/v5-104.cpu.txt
 create mode 100644 research/p9-six-route/ash-inheritance-20260909/joint-controller-v1/execution-1/v5/aware/v5-104.outcomes.jsonl.xz
 create mode 100644 research/p9-six-route/ash-inheritance-20260909/joint-controller-v1/execution-1/v5/aware/v5-104.stderr
 create mode 100644 research/p9-six-route/ash-inheritance-20260909/joint-controller-v1/execution-1/v5/aware/v5-104.stdout
 create mode 100644 research/p9-six-route/ash-inheritance-20260909/joint-controller-v1/execution-1/v5/aware/v5-104.traces.jsonl.xz
 create mode 100644 research/p9-six-route/ash-inheritance-20260909/joint-controller-v1/execution-1/v5/aware/v5-106.RECEIPT.json
 create mode 100644 research/p9-six-route/ash-inheritance-20260909/joint-controller-v1/execution-1/v5/aware/v5-106.command.json
 create mode 100644 research/p9-six-route/ash-inheritance-20260909/joint-controller-v1/execution-1/v5/aware/v5-106.config.json
 create mode 100644 research/p9-six-route/ash-inheritance-20260909/joint-controller-v1/execution-1/v5/aware/v5-106.cpu.txt
 create mode 100644 research/p9-six-route/ash-inheritance-20260909/joint-controller-v1/execution-1/v5/aware/v5-106.outcomes.jsonl.xz
 create mode 100644 research/p9-six-route/ash-inheritance-20260909/joint-controller-v1/execution-1/v5/aware/v5-106.stderr
 create mode 100644 research/p9-six-route/ash-inheritance-20260909/joint-controller-v1/execution-1/v5/aware/v5-106.stdout
 create mode 100644 research/p9-six-route/ash-inheritance-20260909/joint-controller-v1/execution-1/v5/aware/v5-106.traces.jsonl.xz
 create mode 100644 research/p9-six-route/ash-inheritance-20260909/joint-controller-v1/execution-1/v5/aware/v5-108.RECEIPT.json
 create mode 100644 research/p9-six-route/ash-inheritance-20260909/joint-controller-v1/execution-1/v5/aware/v5-108.command.json
 create mode 100644 research/p9-six-route/ash-inheritance-20260909/joint-controller-v1/execution-1/v5/aware/v5-108.config.json
 create mode 100644 research/p9-six-route/ash-inheritance-20260909/joint-controller-v1/execution-1/v5/aware/v5-108.cpu.txt
 create mode 100644 research/p9-six-route/ash-inheritance-20260909/joint-controller-v1/execution-1/v5/aware/v5-108.outcomes.jsonl.xz
 create mode 100644 research/p9-six-route/ash-inheritance-20260909/joint-controller-v1/execution-1/v5/aware/v5-108.stderr
 create mode 100644 research/p9-six-route/ash-inheritance-20260909/joint-controller-v1/execution-1/v5/aware/v5-108.stdout
 create mode 100644 research/p9-six-route/ash-inheritance-20260909/joint-controller-v1/execution-1/v5/aware/v5-108.traces.jsonl.xz
 create mode 100644 research/p9-six-route/ash-inheritance-20260909/joint-controller-v1/execution-1/v5/aware/v5-110.RECEIPT.json
 create mode 100644 research/p9-six-route/ash-inheritance-20260909/joint-controller-v1/execution-1/v5/aware/v5-110.command.json
 create mode 100644 research/p9-six-route/ash-inheritance-20260909/joint-controller-v1/execution-1/v5/aware/v5-110.config.json
 create mode 100644 research/p9-six-route/ash-inheritance-20260909/joint-controller-v1/execution-1/v5/aware/v5-110.cpu.txt
 create mode 100644 research/p9-six-route/ash-inheritance-20260909/joint-controller-v1/execution-1/v5/aware/v5-110.outcomes.jsonl.xz
 create mode 100644 research/p9-six-route/ash-inheritance-20260909/joint-controller-v1/execution-1/v5/aware/v5-110.stderr
 create mode 100644 research/p9-six-route/ash-inheritance-20260909/joint-controller-v1/execution-1/v5/aware/v5-110.stdout
 create mode 100644 research/p9-six-route/ash-inheritance-20260909/joint-controller-v1/execution-1/v5/aware/v5-110.traces.jsonl.xz
 create mode 100644 research/p9-six-route/ash-inheritance-20260909/joint-controller-v1/execution-1/v5/stock/v5-104.RECEIPT.json
 create mode 100644 research/p9-six-route/ash-inheritance-20260909/joint-controller-v1/execution-1/v5/stock/v5-104.command.json
 create mode 100644 research/p9-six-route/ash-inheritance-20260909/joint-controller-v1/execution-1/v5/stock/v5-104.config.json
 create mode 100644 research/p9-six-route/ash-inheritance-20260909/joint-controller-v1/execution-1/v5/stock/v5-104.cpu.txt
 create mode 100644 research/p9-six-route/ash-inheritance-20260909/joint-controller-v1/execution-1/v5/stock/v5-104.outcomes.jsonl.xz
 create mode 100644 research/p9-six-route/ash-inheritance-20260909/joint-controller-v1/execution-1/v5/stock/v5-104.stderr
 create mode 100644 research/p9-six-route/ash-inheritance-20260909/joint-controller-v1/execution-1/v5/stock/v5-104.stdout
 create mode 100644 research/p9-six-route/ash-inheritance-20260909/joint-controller-v1/execution-1/v5/stock/v5-104.traces.jsonl.xz
 create mode 100644 research/p9-six-route/ash-inheritance-20260909/joint-controller-v1/execution-1/v5/stock/v5-106.RECEIPT.json
 create mode 100644 research/p9-six-route/ash-inheritance-20260909/joint-controller-v1/execution-1/v5/stock/v5-106.command.json
 create mode 100644 research/p9-six-route/ash-inheritance-20260909/joint-controller-v1/execution-1/v5/stock/v5-106.config.json
 create mode 100644 research/p9-six-route/ash-inheritance-20260909/joint-controller-v1/execution-1/v5/stock/v5-106.cpu.txt
 create mode 100644 research/p9-six-route/ash-inheritance-20260909/joint-controller-v1/execution-1/v5/stock/v5-106.outcomes.jsonl.xz
 create mode 100644 research/p9-six-route/ash-inheritance-20260909/joint-controller-v1/execution-1/v5/stock/v5-106.stderr
 create mode 100644 research/p9-six-route/ash-inheritance-20260909/joint-controller-v1/execution-1/v5/stock/v5-106.stdout
 create mode 100644 research/p9-six-route/ash-inheritance-20260909/joint-controller-v1/execution-1/v5/stock/v5-106.traces.jsonl.xz
 create mode 100644 research/p9-six-route/ash-inheritance-20260909/joint-controller-v1/execution-1/v5/stock/v5-108.RECEIPT.json
 create mode 100644 research/p9-six-route/ash-inheritance-20260909/joint-controller-v1/execution-1/v5/stock/v5-108.command.json
 create mode 100644 research/p9-six-route/ash-inheritance-20260909/joint-controller-v1/execution-1/v5/stock/v5-108.config.json
 create mode 100644 research/p9-six-route/ash-inheritance-20260909/joint-controller-v1/execution-1/v5/stock/v5-108.cpu.txt
 create mode 100644 research/p9-six-route/ash-inheritance-20260909/joint-controller-v1/execution-1/v5/stock/v5-108.outcomes.jsonl.xz
 create mode 100644 research/p9-six-route/ash-inheritance-20260909/joint-controller-v1/execution-1/v5/stock/v5-108.stderr
 create mode 100644 research/p9-six-route/ash-inheritance-20260909/joint-controller-v1/execution-1/v5/stock/v5-108.stdout
 create mode 100644 research/p9-six-route/ash-inheritance-20260909/joint-controller-v1/execution-1/v5/stock/v5-108.traces.jsonl.xz
 create mode 100644 research/p9-six-route/ash-inheritance-20260909/joint-controller-v1/execution-1/v5/stock/v5-110.RECEIPT.json
 create mode 100644 research/p9-six-route/ash-inheritance-20260909/joint-controller-v1/execution-1/v5/stock/v5-110.command.json
 create mode 100644 research/p9-six-route/ash-inheritance-20260909/joint-controller-v1/execution-1/v5/stock/v5-110.config.json
 create mode 100644 research/p9-six-route/ash-inheritance-20260909/joint-controller-v1/execution-1/v5/stock/v5-110.cpu.txt
 create mode 100644 research/p9-six-route/ash-inheritance-20260909/joint-controller-v1/execution-1/v5/stock/v5-110.outcomes.jsonl.xz
 create mode 100644 research/p9-six-route/ash-inheritance-20260909/joint-controller-v1/execution-1/v5/stock/v5-110.stderr
 create mode 100644 research/p9-six-route/ash-inheritance-20260909/joint-controller-v1/execution-1/v5/stock/v5-110.stdout
 create mode 100644 research/p9-six-route/ash-inheritance-20260909/joint-controller-v1/execution-1/v5/stock/v5-110.traces.jsonl.xz
[detached HEAD d41e80d] research(p9): preserve joint v5 assigned group 15
 65 files changed, 594 insertions(+), 2 deletions(-)
 create mode 100644 research/p9-six-route/ash-inheritance-20260909/joint-controller-v1/execution-1/v5/aware/v5-112.RECEIPT.json
 create mode 100644 research/p9-six-route/ash-inheritance-20260909/joint-controller-v1/execution-1/v5/aware/v5-112.command.json
 create mode 100644 research/p9-six-route/ash-inheritance-20260909/joint-controller-v1/execution-1/v5/aware/v5-112.config.json
 create mode 100644 research/p9-six-route/ash-inheritance-20260909/joint-controller-v1/execution-1/v5/aware/v5-112.cpu.txt
 create mode 100644 research/p9-six-route/ash-inheritance-20260909/joint-controller-v1/execution-1/v5/aware/v5-112.outcomes.jsonl.xz
 create mode 100644 research/p9-six-route/ash-inheritance-20260909/joint-controller-v1/execution-1/v5/aware/v5-112.stderr
 create mode 100644 research/p9-six-route/ash-inheritance-20260909/joint-controller-v1/execution-1/v5/aware/v5-112.stdout
 create mode 100644 research/p9-six-route/ash-inheritance-20260909/joint-controller-v1/execution-1/v5/aware/v5-112.traces.jsonl.xz
 create mode 100644 research/p9-six-route/ash-inheritance-20260909/joint-controller-v1/execution-1/v5/aware/v5-114.RECEIPT.json
 create mode 100644 research/p9-six-route/ash-inheritance-20260909/joint-controller-v1/execution-1/v5/aware/v5-114.command.json
 create mode 100644 research/p9-six-route/ash-inheritance-20260909/joint-controller-v1/execution-1/v5/aware/v5-114.config.json
 create mode 100644 research/p9-six-route/ash-inheritance-20260909/joint-controller-v1/execution-1/v5/aware/v5-114.cpu.txt
 create mode 100644 research/p9-six-route/ash-inheritance-20260909/joint-controller-v1/execution-1/v5/aware/v5-114.outcomes.jsonl.xz
 create mode 100644 research/p9-six-route/ash-inheritance-20260909/joint-controller-v1/execution-1/v5/aware/v5-114.stderr
 create mode 100644 research/p9-six-route/ash-inheritance-20260909/joint-controller-v1/execution-1/v5/aware/v5-114.stdout
 create mode 100644 research/p9-six-route/ash-inheritance-20260909/joint-controller-v1/execution-1/v5/aware/v5-114.traces.jsonl.xz
 create mode 100644 research/p9-six-route/ash-inheritance-20260909/joint-controller-v1/execution-1/v5/aware/v5-116.RECEIPT.json
 create mode 100644 research/p9-six-route/ash-inheritance-20260909/joint-controller-v1/execution-1/v5/aware/v5-116.command.json
 create mode 100644 research/p9-six-route/ash-inheritance-20260909/joint-controller-v1/execution-1/v5/aware/v5-116.config.json
 create mode 100644 research/p9-six-route/ash-inheritance-20260909/joint-controller-v1/execution-1/v5/aware/v5-116.cpu.txt
 create mode 100644 research/p9-six-route/ash-inheritance-20260909/joint-controller-v1/execution-1/v5/aware/v5-116.outcomes.jsonl.xz
 create mode 100644 research/p9-six-route/ash-inheritance-20260909/joint-controller-v1/execution-1/v5/aware/v5-116.stderr
 create mode 100644 research/p9-six-route/ash-inheritance-20260909/joint-controller-v1/execution-1/v5/aware/v5-116.stdout
 create mode 100644 research/p9-six-route/ash-inheritance-20260909/joint-controller-v1/execution-1/v5/aware/v5-116.traces.jsonl.xz
 create mode 100644 research/p9-six-route/ash-inheritance-20260909/joint-controller-v1/execution-1/v5/aware/v5-118.RECEIPT.json
 create mode 100644 research/p9-six-route/ash-inheritance-20260909/joint-controller-v1/execution-1/v5/aware/v5-118.command.json
 create mode 100644 research/p9-six-route/ash-inheritance-20260909/joint-controller-v1/execution-1/v5/aware/v5-118.config.json
 create mode 100644 research/p9-six-route/ash-inheritance-20260909/joint-controller-v1/execution-1/v5/aware/v5-118.cpu.txt
 create mode 100644 research/p9-six-route/ash-inheritance-20260909/joint-controller-v1/execution-1/v5/aware/v5-118.outcomes.jsonl.xz
 create mode 100644 research/p9-six-route/ash-inheritance-20260909/joint-controller-v1/execution-1/v5/aware/v5-118.stderr
 create mode 100644 research/p9-six-route/ash-inheritance-20260909/joint-controller-v1/execution-1/v5/aware/v5-118.stdout
 create mode 100644 research/p9-six-route/ash-inheritance-20260909/joint-controller-v1/execution-1/v5/aware/v5-118.traces.jsonl.xz
 create mode 100644 research/p9-six-route/ash-inheritance-20260909/joint-controller-v1/execution-1/v5/stock/v5-112.RECEIPT.json
 create mode 100644 research/p9-six-route/ash-inheritance-20260909/joint-controller-v1/execution-1/v5/stock/v5-112.command.json
 create mode 100644 research/p9-six-route/ash-inheritance-20260909/joint-controller-v1/execution-1/v5/stock/v5-112.config.json
 create mode 100644 research/p9-six-route/ash-inheritance-20260909/joint-controller-v1/execution-1/v5/stock/v5-112.cpu.txt
 create mode 100644 research/p9-six-route/ash-inheritance-20260909/joint-controller-v1/execution-1/v5/stock/v5-112.outcomes.jsonl.xz
 create mode 100644 research/p9-six-route/ash-inheritance-20260909/joint-controller-v1/execution-1/v5/stock/v5-112.stderr
 create mode 100644 research/p9-six-route/ash-inheritance-20260909/joint-controller-v1/execution-1/v5/stock/v5-112.stdout
 create mode 100644 research/p9-six-route/ash-inheritance-20260909/joint-controller-v1/execution-1/v5/stock/v5-112.traces.jsonl.xz
 create mode 100644 research/p9-six-route/ash-inheritance-20260909/joint-controller-v1/execution-1/v5/stock/v5-114.RECEIPT.json
 create mode 100644 research/p9-six-route/ash-inheritance-20260909/joint-controller-v1/execution-1/v5/stock/v5-114.command.json
 create mode 100644 research/p9-six-route/ash-inheritance-20260909/joint-controller-v1/execution-1/v5/stock/v5-114.config.json
 create mode 100644 research/p9-six-route/ash-inheritance-20260909/joint-controller-v1/execution-1/v5/stock/v5-114.cpu.txt
 create mode 100644 research/p9-six-route/ash-inheritance-20260909/joint-controller-v1/execution-1/v5/stock/v5-114.outcomes.jsonl.xz
 create mode 100644 research/p9-six-route/ash-inheritance-20260909/joint-controller-v1/execution-1/v5/stock/v5-114.stderr
 create mode 100644 research/p9-six-route/ash-inheritance-20260909/joint-controller-v1/execution-1/v5/stock/v5-114.stdout
 create mode 100644 research/p9-six-route/ash-inheritance-20260909/joint-controller-v1/execution-1/v5/stock/v5-114.traces.jsonl.xz
 create mode 100644 research/p9-six-route/ash-inheritance-20260909/joint-controller-v1/execution-1/v5/stock/v5-116.RECEIPT.json
 create mode 100644 research/p9-six-route/ash-inheritance-20260909/joint-controller-v1/execution-1/v5/stock/v5-116.command.json
 create mode 100644 research/p9-six-route/ash-inheritance-20260909/joint-controller-v1/execution-1/v5/stock/v5-116.config.json
 create mode 100644 research/p9-six-route/ash-inheritance-20260909/joint-controller-v1/execution-1/v5/stock/v5-116.cpu.txt
 create mode 100644 research/p9-six-route/ash-inheritance-20260909/joint-controller-v1/execution-1/v5/stock/v5-116.outcomes.jsonl.xz
 create mode 100644 research/p9-six-route/ash-inheritance-20260909/joint-controller-v1/execution-1/v5/stock/v5-116.stderr
 create mode 100644 research/p9-six-route/ash-inheritance-20260909/joint-controller-v1/execution-1/v5/stock/v5-116.stdout
 create mode 100644 research/p9-six-route/ash-inheritance-20260909/joint-controller-v1/execution-1/v5/stock/v5-116.traces.jsonl.xz
 create mode 100644 research/p9-six-route/ash-inheritance-20260909/joint-controller-v1/execution-1/v5/stock/v5-118.RECEIPT.json
 create mode 100644 research/p9-six-route/ash-inheritance-20260909/joint-controller-v1/execution-1/v5/stock/v5-118.command.json
 create mode 100644 research/p9-six-route/ash-inheritance-20260909/joint-controller-v1/execution-1/v5/stock/v5-118.config.json
 create mode 100644 research/p9-six-route/ash-inheritance-20260909/joint-controller-v1/execution-1/v5/stock/v5-118.cpu.txt
 create mode 100644 research/p9-six-route/ash-inheritance-20260909/joint-controller-v1/execution-1/v5/stock/v5-118.outcomes.jsonl.xz
 create mode 100644 research/p9-six-route/ash-inheritance-20260909/joint-controller-v1/execution-1/v5/stock/v5-118.stderr
 create mode 100644 research/p9-six-route/ash-inheritance-20260909/joint-controller-v1/execution-1/v5/stock/v5-118.stdout
 create mode 100644 research/p9-six-route/ash-inheritance-20260909/joint-controller-v1/execution-1/v5/stock/v5-118.traces.jsonl.xz
[detached HEAD 3f75e3b] research(p9): preserve joint v5 assigned group 16
 65 files changed, 594 insertions(+), 2 deletions(-)
 create mode 100644 research/p9-six-route/ash-inheritance-20260909/joint-controller-v1/execution-1/v5/aware/v5-120.RECEIPT.json
 create mode 100644 research/p9-six-route/ash-inheritance-20260909/joint-controller-v1/execution-1/v5/aware/v5-120.command.json
 create mode 100644 research/p9-six-route/ash-inheritance-20260909/joint-controller-v1/execution-1/v5/aware/v5-120.config.json
 create mode 100644 research/p9-six-route/ash-inheritance-20260909/joint-controller-v1/execution-1/v5/aware/v5-120.cpu.txt
 create mode 100644 research/p9-six-route/ash-inheritance-20260909/joint-controller-v1/execution-1/v5/aware/v5-120.outcomes.jsonl.xz
 create mode 100644 research/p9-six-route/ash-inheritance-20260909/joint-controller-v1/execution-1/v5/aware/v5-120.stderr
 create mode 100644 research/p9-six-route/ash-inheritance-20260909/joint-controller-v1/execution-1/v5/aware/v5-120.stdout
 create mode 100644 research/p9-six-route/ash-inheritance-20260909/joint-controller-v1/execution-1/v5/aware/v5-120.traces.jsonl.xz
 create mode 100644 research/p9-six-route/ash-inheritance-20260909/joint-controller-v1/execution-1/v5/aware/v5-122.RECEIPT.json
 create mode 100644 research/p9-six-route/ash-inheritance-20260909/joint-controller-v1/execution-1/v5/aware/v5-122.command.json
 create mode 100644 research/p9-six-route/ash-inheritance-20260909/joint-controller-v1/execution-1/v5/aware/v5-122.config.json
 create mode 100644 research/p9-six-route/ash-inheritance-20260909/joint-controller-v1/execution-1/v5/aware/v5-122.cpu.txt
 create mode 100644 research/p9-six-route/ash-inheritance-20260909/joint-controller-v1/execution-1/v5/aware/v5-122.outcomes.jsonl.xz
 create mode 100644 research/p9-six-route/ash-inheritance-20260909/joint-controller-v1/execution-1/v5/aware/v5-122.stderr
 create mode 100644 research/p9-six-route/ash-inheritance-20260909/joint-controller-v1/execution-1/v5/aware/v5-122.stdout
 create mode 100644 research/p9-six-route/ash-inheritance-20260909/joint-controller-v1/execution-1/v5/aware/v5-122.traces.jsonl.xz
 create mode 100644 research/p9-six-route/ash-inheritance-20260909/joint-controller-v1/execution-1/v5/aware/v5-124.RECEIPT.json
 create mode 100644 research/p9-six-route/ash-inheritance-20260909/joint-controller-v1/execution-1/v5/aware/v5-124.command.json
 create mode 100644 research/p9-six-route/ash-inheritance-20260909/joint-controller-v1/execution-1/v5/aware/v5-124.config.json
 create mode 100644 research/p9-six-route/ash-inheritance-20260909/joint-controller-v1/execution-1/v5/aware/v5-124.cpu.txt
 create mode 100644 research/p9-six-route/ash-inheritance-20260909/joint-controller-v1/execution-1/v5/aware/v5-124.outcomes.jsonl.xz
 create mode 100644 research/p9-six-route/ash-inheritance-20260909/joint-controller-v1/execution-1/v5/aware/v5-124.stderr
 create mode 100644 research/p9-six-route/ash-inheritance-20260909/joint-controller-v1/execution-1/v5/aware/v5-124.stdout
 create mode 100644 research/p9-six-route/ash-inheritance-20260909/joint-controller-v1/execution-1/v5/aware/v5-124.traces.jsonl.xz
 create mode 100644 research/p9-six-route/ash-inheritance-20260909/joint-controller-v1/execution-1/v5/aware/v5-126.RECEIPT.json
 create mode 100644 research/p9-six-route/ash-inheritance-20260909/joint-controller-v1/execution-1/v5/aware/v5-126.command.json
 create mode 100644 research/p9-six-route/ash-inheritance-20260909/joint-controller-v1/execution-1/v5/aware/v5-126.config.json
 create mode 100644 research/p9-six-route/ash-inheritance-20260909/joint-controller-v1/execution-1/v5/aware/v5-126.cpu.txt
 create mode 100644 research/p9-six-route/ash-inheritance-20260909/joint-controller-v1/execution-1/v5/aware/v5-126.outcomes.jsonl.xz
 create mode 100644 research/p9-six-route/ash-inheritance-20260909/joint-controller-v1/execution-1/v5/aware/v5-126.stderr
 create mode 100644 research/p9-six-route/ash-inheritance-20260909/joint-controller-v1/execution-1/v5/aware/v5-126.stdout
 create mode 100644 research/p9-six-route/ash-inheritance-20260909/joint-controller-v1/execution-1/v5/aware/v5-126.traces.jsonl.xz
 create mode 100644 research/p9-six-route/ash-inheritance-20260909/joint-controller-v1/execution-1/v5/stock/v5-120.RECEIPT.json
 create mode 100644 research/p9-six-route/ash-inheritance-20260909/joint-controller-v1/execution-1/v5/stock/v5-120.command.json
 create mode 100644 research/p9-six-route/ash-inheritance-20260909/joint-controller-v1/execution-1/v5/stock/v5-120.config.json
 create mode 100644 research/p9-six-route/ash-inheritance-20260909/joint-controller-v1/execution-1/v5/stock/v5-120.cpu.txt
 create mode 100644 research/p9-six-route/ash-inheritance-20260909/joint-controller-v1/execution-1/v5/stock/v5-120.outcomes.jsonl.xz
 create mode 100644 research/p9-six-route/ash-inheritance-20260909/joint-controller-v1/execution-1/v5/stock/v5-120.stderr
 create mode 100644 research/p9-six-route/ash-inheritance-20260909/joint-controller-v1/execution-1/v5/stock/v5-120.stdout
 create mode 100644 research/p9-six-route/ash-inheritance-20260909/joint-controller-v1/execution-1/v5/stock/v5-120.traces.jsonl.xz
 create mode 100644 research/p9-six-route/ash-inheritance-20260909/joint-controller-v1/execution-1/v5/stock/v5-122.RECEIPT.json
 create mode 100644 research/p9-six-route/ash-inheritance-20260909/joint-controller-v1/execution-1/v5/stock/v5-122.command.json
 create mode 100644 research/p9-six-route/ash-inheritance-20260909/joint-controller-v1/execution-1/v5/stock/v5-122.config.json
 create mode 100644 research/p9-six-route/ash-inheritance-20260909/joint-controller-v1/execution-1/v5/stock/v5-122.cpu.txt
 create mode 100644 research/p9-six-route/ash-inheritance-20260909/joint-controller-v1/execution-1/v5/stock/v5-122.outcomes.jsonl.xz
 create mode 100644 research/p9-six-route/ash-inheritance-20260909/joint-controller-v1/execution-1/v5/stock/v5-122.stderr
 create mode 100644 research/p9-six-route/ash-inheritance-20260909/joint-controller-v1/execution-1/v5/stock/v5-122.stdout
 create mode 100644 research/p9-six-route/ash-inheritance-20260909/joint-controller-v1/execution-1/v5/stock/v5-122.traces.jsonl.xz
 create mode 100644 research/p9-six-route/ash-inheritance-20260909/joint-controller-v1/execution-1/v5/stock/v5-124.RECEIPT.json
 create mode 100644 research/p9-six-route/ash-inheritance-20260909/joint-controller-v1/execution-1/v5/stock/v5-124.command.json
 create mode 100644 research/p9-six-route/ash-inheritance-20260909/joint-controller-v1/execution-1/v5/stock/v5-124.config.json
 create mode 100644 research/p9-six-route/ash-inheritance-20260909/joint-controller-v1/execution-1/v5/stock/v5-124.cpu.txt
 create mode 100644 research/p9-six-route/ash-inheritance-20260909/joint-controller-v1/execution-1/v5/stock/v5-124.outcomes.jsonl.xz
 create mode 100644 research/p9-six-route/ash-inheritance-20260909/joint-controller-v1/execution-1/v5/stock/v5-124.stderr
 create mode 100644 research/p9-six-route/ash-inheritance-20260909/joint-controller-v1/execution-1/v5/stock/v5-124.stdout
 create mode 100644 research/p9-six-route/ash-inheritance-20260909/joint-controller-v1/execution-1/v5/stock/v5-124.traces.jsonl.xz
 create mode 100644 research/p9-six-route/ash-inheritance-20260909/joint-controller-v1/execution-1/v5/stock/v5-126.RECEIPT.json
 create mode 100644 research/p9-six-route/ash-inheritance-20260909/joint-controller-v1/execution-1/v5/stock/v5-126.command.json
 create mode 100644 research/p9-six-route/ash-inheritance-20260909/joint-controller-v1/execution-1/v5/stock/v5-126.config.json
 create mode 100644 research/p9-six-route/ash-inheritance-20260909/joint-controller-v1/execution-1/v5/stock/v5-126.cpu.txt
 create mode 100644 research/p9-six-route/ash-inheritance-20260909/joint-controller-v1/execution-1/v5/stock/v5-126.outcomes.jsonl.xz
 create mode 100644 research/p9-six-route/ash-inheritance-20260909/joint-controller-v1/execution-1/v5/stock/v5-126.stderr
 create mode 100644 research/p9-six-route/ash-inheritance-20260909/joint-controller-v1/execution-1/v5/stock/v5-126.stdout
 create mode 100644 research/p9-six-route/ash-inheritance-20260909/joint-controller-v1/execution-1/v5/stock/v5-126.traces.jsonl.xz
[detached HEAD cdf870c] research(p9): preserve full joint v5 decision
 3 files changed, 16828 insertions(+)
 create mode 100644 research/p9-six-route/ash-inheritance-20260909/joint-controller-v1/execution-1/v5/COMPARISON.json
 create mode 100644 research/p9-six-route/ash-inheritance-20260909/joint-controller-v1/execution-1/v5/aware-support.json
 create mode 100644 research/p9-six-route/ash-inheritance-20260909/joint-controller-v1/execution-1/v5/stock-support.json
[detached HEAD 9812fb4] research(p9): preserve actual joint controller terminal and every emitted byte
 2 files changed, 5484 insertions(+)
 create mode 100644 research/p9-six-route/ash-inheritance-20260909/joint-controller-v1/execution-1/FILES.json
 create mode 100644 research/p9-six-route/ash-inheritance-20260909/joint-controller-v1/execution-1/TERMINAL.json
{
  "status": "JOINT_CONTROLLER_VALUE_OR_SUPPORT_NOT_ESTABLISHED",
  "stages": {
    "5": {
      "kind": "ONE_FIXED_ACQUISITION_CONTROLLER_COMPARISON",
      "vow": 5,
      "activation_old": 31,
      "activation_new": 78,
      "gained_policies": 49,
      "lost_policies": 2,
      "paired_activation_difference": 0.3671875,
      "one_sided_exact_sign_p": 5.893063814710331e-13,
      "win_difference": -0.021484375,
      "policy_cluster_bootstrap_interval": [
        -0.05078125,
        0.0078125
      ],
      "stock_support": {
        "bloodfire": {
          "active": 31,
          "inactive": 97,
          "reachable": 39,
          "exclusive": 9
        },
        "hand": {
          "active": 60,
          "inactive": 68,
          "reachable": 63,
          "exclusive": 38
        }
      },
      "aware_support": {
        "bloodfire": {
          "active": 78,
          "inactive": 50,
          "reachable": 88,
          "exclusive": 28
        },
        "hand": {
          "active": 63,
          "inactive": 65,
          "reachable": 66,
          "exclusive": 13
        }
      },
      "stock_outcomes": {
        "loss": 157,
        "win": 355
      },
      "aware_outcomes": {
        "loss": 168,
        "win": 344
      },
      "gates": {
        "paired_activation_gain": true,
        "paired_activation_sign_test": true,
        "win_point_not_worse": false,
        "win_noninferiority_lower_bound": false,
        "inherited_pair_support": true
      },
      "pass": false,
      "status": "FIXED_ACQUISITION_CONTROLLER_VALUE_NOT_ESTABLISHED",
      "limits": [
        "Conditional on these four seeds and one fixed configuration family; not universal competence.",
        "The old failed support stage is neither replaced nor extended.",
        "Increased setup activity does not establish package viability or an unchanged C2 gap.",
        "Current experiment has one nominated capability change; no further scalar or controller candidate is selected from this result."
      ],
      "packages_admitted": 0,
      "p9_certified": false,
      "comparison_scope": "Same one-sample combat in BOTH arms; stock and aware denote acquisition only.",
      "costs": {
        "stock": {
          "process_cpu_seconds": 2659.96,
          "process_elapsed_seconds": 2662.35,
          "queries": 206004,
          "root_rollouts": 941158,
          "measured_run_seconds": 2620.757622,
          "measured_query_seconds": 1922.770516
        },
        "aware": {
          "process_cpu_seconds": 2650.0,
          "process_elapsed_seconds": 2652.36,
          "queries": 203060,
          "root_rollouts": 926686,
          "measured_run_seconds": 2610.154292,
          "measured_query_seconds": 1901.119534
        }
      },
      "resource_pass": true
    }
  },
  "packages_admitted": 0,
  "p9_certified": false,
  "source_head": "fdb43933dfdf58840a7bbf4bb8c7d0a7e41e3218",
  "qualification": {
    "status": "JOINT_SOURCE_QUERY_AND_SIGNED_NULL_PASS",
    "combat_queries_byte_equal": 384,
    "acquisition_queries": 9851,
    "signed_and_other_aspect_endpoint_pairs": 14,
    "new_independent_samples": 0,
    "packages_admitted": 0,
    "p9_certified": false
  },
  "last_vow": 5,
  "v0_skipped": true
}
