[detached HEAD 37d2da4] research(p9): bind exact optimized implementation for full-workload requalification
 3 files changed, 840 insertions(+)
 create mode 100644 research/p9-six-route/ash-inheritance-20260909/planner-v1/resource-requalification-v1/execution-1/RESOLVED-PROTOCOLS.json
 create mode 100644 research/p9-six-route/ash-inheritance-20260909/planner-v1/resource-requalification-v1/execution-1/SOURCE-MANIFEST.json
 create mode 100644 research/p9-six-route/ash-inheritance-20260909/planner-v1/resource-requalification-v1/execution-1/runtime-source.tar.xz
[detached HEAD 6b96e98] research(p9): preserve fixed cache implementation v5 value-screen group 1
 77 files changed, 862 insertions(+)
 create mode 100644 research/p9-six-route/ash-inheritance-20260909/planner-v1/resource-requalification-v1/execution-1/qualification/planner-import.command.json
 create mode 100644 research/p9-six-route/ash-inheritance-20260909/planner-v1/resource-requalification-v1/execution-1/qualification/planner-import.stderr
 create mode 100644 research/p9-six-route/ash-inheritance-20260909/planner-v1/resource-requalification-v1/execution-1/qualification/planner-import.stdout
 create mode 100644 research/p9-six-route/ash-inheritance-20260909/planner-v1/resource-requalification-v1/execution-1/qualification/planner-parse.command.json
 create mode 100644 research/p9-six-route/ash-inheritance-20260909/planner-v1/resource-requalification-v1/execution-1/qualification/planner-parse.stderr
 create mode 100644 research/p9-six-route/ash-inheritance-20260909/planner-v1/resource-requalification-v1/execution-1/qualification/planner-parse.stdout
 create mode 100644 research/p9-six-route/ash-inheritance-20260909/planner-v1/resource-requalification-v1/execution-1/qualification/stock-import.command.json
 create mode 100644 research/p9-six-route/ash-inheritance-20260909/planner-v1/resource-requalification-v1/execution-1/qualification/stock-import.stderr
 create mode 100644 research/p9-six-route/ash-inheritance-20260909/planner-v1/resource-requalification-v1/execution-1/qualification/stock-import.stdout
 create mode 100644 research/p9-six-route/ash-inheritance-20260909/planner-v1/resource-requalification-v1/execution-1/qualification/stock-parse.command.json
 create mode 100644 research/p9-six-route/ash-inheritance-20260909/planner-v1/resource-requalification-v1/execution-1/qualification/stock-parse.stderr
 create mode 100644 research/p9-six-route/ash-inheritance-20260909/planner-v1/resource-requalification-v1/execution-1/qualification/stock-parse.stdout
 create mode 100644 research/p9-six-route/ash-inheritance-20260909/planner-v1/resource-requalification-v1/execution-1/v5/EQUIVALENCE.json
 create mode 100644 research/p9-six-route/ash-inheritance-20260909/planner-v1/resource-requalification-v1/execution-1/v5/planner/v5-000.RECEIPT.json
 create mode 100644 research/p9-six-route/ash-inheritance-20260909/planner-v1/resource-requalification-v1/execution-1/v5/planner/v5-000.command.json
 create mode 100644 research/p9-six-route/ash-inheritance-20260909/planner-v1/resource-requalification-v1/execution-1/v5/planner/v5-000.config.json
 create mode 100644 research/p9-six-route/ash-inheritance-20260909/planner-v1/resource-requalification-v1/execution-1/v5/planner/v5-000.cpu.txt
 create mode 100644 research/p9-six-route/ash-inheritance-20260909/planner-v1/resource-requalification-v1/execution-1/v5/planner/v5-000.outcomes.jsonl.xz
 create mode 100644 research/p9-six-route/ash-inheritance-20260909/planner-v1/resource-requalification-v1/execution-1/v5/planner/v5-000.stderr
 create mode 100644 research/p9-six-route/ash-inheritance-20260909/planner-v1/resource-requalification-v1/execution-1/v5/planner/v5-000.stdout
 create mode 100644 research/p9-six-route/ash-inheritance-20260909/planner-v1/resource-requalification-v1/execution-1/v5/planner/v5-000.traces.jsonl.xz
 create mode 100644 research/p9-six-route/ash-inheritance-20260909/planner-v1/resource-requalification-v1/execution-1/v5/planner/v5-002.RECEIPT.json
 create mode 100644 research/p9-six-route/ash-inheritance-20260909/planner-v1/resource-requalification-v1/execution-1/v5/planner/v5-002.command.json
 create mode 100644 research/p9-six-route/ash-inheritance-20260909/planner-v1/resource-requalification-v1/execution-1/v5/planner/v5-002.config.json
 create mode 100644 research/p9-six-route/ash-inheritance-20260909/planner-v1/resource-requalification-v1/execution-1/v5/planner/v5-002.cpu.txt
 create mode 100644 research/p9-six-route/ash-inheritance-20260909/planner-v1/resource-requalification-v1/execution-1/v5/planner/v5-002.outcomes.jsonl.xz
 create mode 100644 research/p9-six-route/ash-inheritance-20260909/planner-v1/resource-requalification-v1/execution-1/v5/planner/v5-002.stderr
 create mode 100644 research/p9-six-route/ash-inheritance-20260909/planner-v1/resource-requalification-v1/execution-1/v5/planner/v5-002.stdout
 create mode 100644 research/p9-six-route/ash-inheritance-20260909/planner-v1/resource-requalification-v1/execution-1/v5/planner/v5-002.traces.jsonl.xz
 create mode 100644 research/p9-six-route/ash-inheritance-20260909/planner-v1/resource-requalification-v1/execution-1/v5/planner/v5-004.RECEIPT.json
 create mode 100644 research/p9-six-route/ash-inheritance-20260909/planner-v1/resource-requalification-v1/execution-1/v5/planner/v5-004.command.json
 create mode 100644 research/p9-six-route/ash-inheritance-20260909/planner-v1/resource-requalification-v1/execution-1/v5/planner/v5-004.config.json
 create mode 100644 research/p9-six-route/ash-inheritance-20260909/planner-v1/resource-requalification-v1/execution-1/v5/planner/v5-004.cpu.txt
 create mode 100644 research/p9-six-route/ash-inheritance-20260909/planner-v1/resource-requalification-v1/execution-1/v5/planner/v5-004.outcomes.jsonl.xz
 create mode 100644 research/p9-six-route/ash-inheritance-20260909/planner-v1/resource-requalification-v1/execution-1/v5/planner/v5-004.stderr
 create mode 100644 research/p9-six-route/ash-inheritance-20260909/planner-v1/resource-requalification-v1/execution-1/v5/planner/v5-004.stdout
 create mode 100644 research/p9-six-route/ash-inheritance-20260909/planner-v1/resource-requalification-v1/execution-1/v5/planner/v5-004.traces.jsonl.xz
 create mode 100644 research/p9-six-route/ash-inheritance-20260909/planner-v1/resource-requalification-v1/execution-1/v5/planner/v5-006.RECEIPT.json
 create mode 100644 research/p9-six-route/ash-inheritance-20260909/planner-v1/resource-requalification-v1/execution-1/v5/planner/v5-006.command.json
 create mode 100644 research/p9-six-route/ash-inheritance-20260909/planner-v1/resource-requalification-v1/execution-1/v5/planner/v5-006.config.json
 create mode 100644 research/p9-six-route/ash-inheritance-20260909/planner-v1/resource-requalification-v1/execution-1/v5/planner/v5-006.cpu.txt
 create mode 100644 research/p9-six-route/ash-inheritance-20260909/planner-v1/resource-requalification-v1/execution-1/v5/planner/v5-006.outcomes.jsonl.xz
 create mode 100644 research/p9-six-route/ash-inheritance-20260909/planner-v1/resource-requalification-v1/execution-1/v5/planner/v5-006.stderr
 create mode 100644 research/p9-six-route/ash-inheritance-20260909/planner-v1/resource-requalification-v1/execution-1/v5/planner/v5-006.stdout
 create mode 100644 research/p9-six-route/ash-inheritance-20260909/planner-v1/resource-requalification-v1/execution-1/v5/planner/v5-006.traces.jsonl.xz
 create mode 100644 research/p9-six-route/ash-inheritance-20260909/planner-v1/resource-requalification-v1/execution-1/v5/stock/v5-000.RECEIPT.json
 create mode 100644 research/p9-six-route/ash-inheritance-20260909/planner-v1/resource-requalification-v1/execution-1/v5/stock/v5-000.command.json
 create mode 100644 research/p9-six-route/ash-inheritance-20260909/planner-v1/resource-requalification-v1/execution-1/v5/stock/v5-000.config.json
 create mode 100644 research/p9-six-route/ash-inheritance-20260909/planner-v1/resource-requalification-v1/execution-1/v5/stock/v5-000.cpu.txt
 create mode 100644 research/p9-six-route/ash-inheritance-20260909/planner-v1/resource-requalification-v1/execution-1/v5/stock/v5-000.outcomes.jsonl.xz
 create mode 100644 research/p9-six-route/ash-inheritance-20260909/planner-v1/resource-requalification-v1/execution-1/v5/stock/v5-000.stderr
 create mode 100644 research/p9-six-route/ash-inheritance-20260909/planner-v1/resource-requalification-v1/execution-1/v5/stock/v5-000.stdout
 create mode 100644 research/p9-six-route/ash-inheritance-20260909/planner-v1/resource-requalification-v1/execution-1/v5/stock/v5-000.traces.jsonl.xz
 create mode 100644 research/p9-six-route/ash-inheritance-20260909/planner-v1/resource-requalification-v1/execution-1/v5/stock/v5-002.RECEIPT.json
 create mode 100644 research/p9-six-route/ash-inheritance-20260909/planner-v1/resource-requalification-v1/execution-1/v5/stock/v5-002.command.json
 create mode 100644 research/p9-six-route/ash-inheritance-20260909/planner-v1/resource-requalification-v1/execution-1/v5/stock/v5-002.config.json
 create mode 100644 research/p9-six-route/ash-inheritance-20260909/planner-v1/resource-requalification-v1/execution-1/v5/stock/v5-002.cpu.txt
 create mode 100644 research/p9-six-route/ash-inheritance-20260909/planner-v1/resource-requalification-v1/execution-1/v5/stock/v5-002.outcomes.jsonl.xz
 create mode 100644 research/p9-six-route/ash-inheritance-20260909/planner-v1/resource-requalification-v1/execution-1/v5/stock/v5-002.stderr
 create mode 100644 research/p9-six-route/ash-inheritance-20260909/planner-v1/resource-requalification-v1/execution-1/v5/stock/v5-002.stdout
 create mode 100644 research/p9-six-route/ash-inheritance-20260909/planner-v1/resource-requalification-v1/execution-1/v5/stock/v5-002.traces.jsonl.xz
 create mode 100644 research/p9-six-route/ash-inheritance-20260909/planner-v1/resource-requalification-v1/execution-1/v5/stock/v5-004.RECEIPT.json
 create mode 100644 research/p9-six-route/ash-inheritance-20260909/planner-v1/resource-requalification-v1/execution-1/v5/stock/v5-004.command.json
 create mode 100644 research/p9-six-route/ash-inheritance-20260909/planner-v1/resource-requalification-v1/execution-1/v5/stock/v5-004.config.json
 create mode 100644 research/p9-six-route/ash-inheritance-20260909/planner-v1/resource-requalification-v1/execution-1/v5/stock/v5-004.cpu.txt
 create mode 100644 research/p9-six-route/ash-inheritance-20260909/planner-v1/resource-requalification-v1/execution-1/v5/stock/v5-004.outcomes.jsonl.xz
 create mode 100644 research/p9-six-route/ash-inheritance-20260909/planner-v1/resource-requalification-v1/execution-1/v5/stock/v5-004.stderr
 create mode 100644 research/p9-six-route/ash-inheritance-20260909/planner-v1/resource-requalification-v1/execution-1/v5/stock/v5-004.stdout
 create mode 100644 research/p9-six-route/ash-inheritance-20260909/planner-v1/resource-requalification-v1/execution-1/v5/stock/v5-004.traces.jsonl.xz
 create mode 100644 research/p9-six-route/ash-inheritance-20260909/planner-v1/resource-requalification-v1/execution-1/v5/stock/v5-006.RECEIPT.json
 create mode 100644 research/p9-six-route/ash-inheritance-20260909/planner-v1/resource-requalification-v1/execution-1/v5/stock/v5-006.command.json
 create mode 100644 research/p9-six-route/ash-inheritance-20260909/planner-v1/resource-requalification-v1/execution-1/v5/stock/v5-006.config.json
 create mode 100644 research/p9-six-route/ash-inheritance-20260909/planner-v1/resource-requalification-v1/execution-1/v5/stock/v5-006.cpu.txt
 create mode 100644 research/p9-six-route/ash-inheritance-20260909/planner-v1/resource-requalification-v1/execution-1/v5/stock/v5-006.outcomes.jsonl.xz
 create mode 100644 research/p9-six-route/ash-inheritance-20260909/planner-v1/resource-requalification-v1/execution-1/v5/stock/v5-006.stderr
 create mode 100644 research/p9-six-route/ash-inheritance-20260909/planner-v1/resource-requalification-v1/execution-1/v5/stock/v5-006.stdout
 create mode 100644 research/p9-six-route/ash-inheritance-20260909/planner-v1/resource-requalification-v1/execution-1/v5/stock/v5-006.traces.jsonl.xz
[detached HEAD 70e9e09] research(p9): preserve fixed cache implementation v5 value-screen group 2
 65 files changed, 640 insertions(+)
 create mode 100644 research/p9-six-route/ash-inheritance-20260909/planner-v1/resource-requalification-v1/execution-1/v5/planner/v5-008.RECEIPT.json
 create mode 100644 research/p9-six-route/ash-inheritance-20260909/planner-v1/resource-requalification-v1/execution-1/v5/planner/v5-008.command.json
 create mode 100644 research/p9-six-route/ash-inheritance-20260909/planner-v1/resource-requalification-v1/execution-1/v5/planner/v5-008.config.json
 create mode 100644 research/p9-six-route/ash-inheritance-20260909/planner-v1/resource-requalification-v1/execution-1/v5/planner/v5-008.cpu.txt
 create mode 100644 research/p9-six-route/ash-inheritance-20260909/planner-v1/resource-requalification-v1/execution-1/v5/planner/v5-008.outcomes.jsonl.xz
 create mode 100644 research/p9-six-route/ash-inheritance-20260909/planner-v1/resource-requalification-v1/execution-1/v5/planner/v5-008.stderr
 create mode 100644 research/p9-six-route/ash-inheritance-20260909/planner-v1/resource-requalification-v1/execution-1/v5/planner/v5-008.stdout
 create mode 100644 research/p9-six-route/ash-inheritance-20260909/planner-v1/resource-requalification-v1/execution-1/v5/planner/v5-008.traces.jsonl.xz
 create mode 100644 research/p9-six-route/ash-inheritance-20260909/planner-v1/resource-requalification-v1/execution-1/v5/planner/v5-010.RECEIPT.json
 create mode 100644 research/p9-six-route/ash-inheritance-20260909/planner-v1/resource-requalification-v1/execution-1/v5/planner/v5-010.command.json
 create mode 100644 research/p9-six-route/ash-inheritance-20260909/planner-v1/resource-requalification-v1/execution-1/v5/planner/v5-010.config.json
 create mode 100644 research/p9-six-route/ash-inheritance-20260909/planner-v1/resource-requalification-v1/execution-1/v5/planner/v5-010.cpu.txt
 create mode 100644 research/p9-six-route/ash-inheritance-20260909/planner-v1/resource-requalification-v1/execution-1/v5/planner/v5-010.outcomes.jsonl.xz
 create mode 100644 research/p9-six-route/ash-inheritance-20260909/planner-v1/resource-requalification-v1/execution-1/v5/planner/v5-010.stderr
 create mode 100644 research/p9-six-route/ash-inheritance-20260909/planner-v1/resource-requalification-v1/execution-1/v5/planner/v5-010.stdout
 create mode 100644 research/p9-six-route/ash-inheritance-20260909/planner-v1/resource-requalification-v1/execution-1/v5/planner/v5-010.traces.jsonl.xz
 create mode 100644 research/p9-six-route/ash-inheritance-20260909/planner-v1/resource-requalification-v1/execution-1/v5/planner/v5-012.RECEIPT.json
 create mode 100644 research/p9-six-route/ash-inheritance-20260909/planner-v1/resource-requalification-v1/execution-1/v5/planner/v5-012.command.json
 create mode 100644 research/p9-six-route/ash-inheritance-20260909/planner-v1/resource-requalification-v1/execution-1/v5/planner/v5-012.config.json
 create mode 100644 research/p9-six-route/ash-inheritance-20260909/planner-v1/resource-requalification-v1/execution-1/v5/planner/v5-012.cpu.txt
 create mode 100644 research/p9-six-route/ash-inheritance-20260909/planner-v1/resource-requalification-v1/execution-1/v5/planner/v5-012.outcomes.jsonl.xz
 create mode 100644 research/p9-six-route/ash-inheritance-20260909/planner-v1/resource-requalification-v1/execution-1/v5/planner/v5-012.stderr
 create mode 100644 research/p9-six-route/ash-inheritance-20260909/planner-v1/resource-requalification-v1/execution-1/v5/planner/v5-012.stdout
 create mode 100644 research/p9-six-route/ash-inheritance-20260909/planner-v1/resource-requalification-v1/execution-1/v5/planner/v5-012.traces.jsonl.xz
 create mode 100644 research/p9-six-route/ash-inheritance-20260909/planner-v1/resource-requalification-v1/execution-1/v5/planner/v5-014.RECEIPT.json
 create mode 100644 research/p9-six-route/ash-inheritance-20260909/planner-v1/resource-requalification-v1/execution-1/v5/planner/v5-014.command.json
 create mode 100644 research/p9-six-route/ash-inheritance-20260909/planner-v1/resource-requalification-v1/execution-1/v5/planner/v5-014.config.json
 create mode 100644 research/p9-six-route/ash-inheritance-20260909/planner-v1/resource-requalification-v1/execution-1/v5/planner/v5-014.cpu.txt
 create mode 100644 research/p9-six-route/ash-inheritance-20260909/planner-v1/resource-requalification-v1/execution-1/v5/planner/v5-014.outcomes.jsonl.xz
 create mode 100644 research/p9-six-route/ash-inheritance-20260909/planner-v1/resource-requalification-v1/execution-1/v5/planner/v5-014.stderr
 create mode 100644 research/p9-six-route/ash-inheritance-20260909/planner-v1/resource-requalification-v1/execution-1/v5/planner/v5-014.stdout
 create mode 100644 research/p9-six-route/ash-inheritance-20260909/planner-v1/resource-requalification-v1/execution-1/v5/planner/v5-014.traces.jsonl.xz
 create mode 100644 research/p9-six-route/ash-inheritance-20260909/planner-v1/resource-requalification-v1/execution-1/v5/stock/v5-008.RECEIPT.json
 create mode 100644 research/p9-six-route/ash-inheritance-20260909/planner-v1/resource-requalification-v1/execution-1/v5/stock/v5-008.command.json
 create mode 100644 research/p9-six-route/ash-inheritance-20260909/planner-v1/resource-requalification-v1/execution-1/v5/stock/v5-008.config.json
 create mode 100644 research/p9-six-route/ash-inheritance-20260909/planner-v1/resource-requalification-v1/execution-1/v5/stock/v5-008.cpu.txt
 create mode 100644 research/p9-six-route/ash-inheritance-20260909/planner-v1/resource-requalification-v1/execution-1/v5/stock/v5-008.outcomes.jsonl.xz
 create mode 100644 research/p9-six-route/ash-inheritance-20260909/planner-v1/resource-requalification-v1/execution-1/v5/stock/v5-008.stderr
 create mode 100644 research/p9-six-route/ash-inheritance-20260909/planner-v1/resource-requalification-v1/execution-1/v5/stock/v5-008.stdout
 create mode 100644 research/p9-six-route/ash-inheritance-20260909/planner-v1/resource-requalification-v1/execution-1/v5/stock/v5-008.traces.jsonl.xz
 create mode 100644 research/p9-six-route/ash-inheritance-20260909/planner-v1/resource-requalification-v1/execution-1/v5/stock/v5-010.RECEIPT.json
 create mode 100644 research/p9-six-route/ash-inheritance-20260909/planner-v1/resource-requalification-v1/execution-1/v5/stock/v5-010.command.json
 create mode 100644 research/p9-six-route/ash-inheritance-20260909/planner-v1/resource-requalification-v1/execution-1/v5/stock/v5-010.config.json
 create mode 100644 research/p9-six-route/ash-inheritance-20260909/planner-v1/resource-requalification-v1/execution-1/v5/stock/v5-010.cpu.txt
 create mode 100644 research/p9-six-route/ash-inheritance-20260909/planner-v1/resource-requalification-v1/execution-1/v5/stock/v5-010.outcomes.jsonl.xz
 create mode 100644 research/p9-six-route/ash-inheritance-20260909/planner-v1/resource-requalification-v1/execution-1/v5/stock/v5-010.stderr
 create mode 100644 research/p9-six-route/ash-inheritance-20260909/planner-v1/resource-requalification-v1/execution-1/v5/stock/v5-010.stdout
 create mode 100644 research/p9-six-route/ash-inheritance-20260909/planner-v1/resource-requalification-v1/execution-1/v5/stock/v5-010.traces.jsonl.xz
 create mode 100644 research/p9-six-route/ash-inheritance-20260909/planner-v1/resource-requalification-v1/execution-1/v5/stock/v5-012.RECEIPT.json
 create mode 100644 research/p9-six-route/ash-inheritance-20260909/planner-v1/resource-requalification-v1/execution-1/v5/stock/v5-012.command.json
 create mode 100644 research/p9-six-route/ash-inheritance-20260909/planner-v1/resource-requalification-v1/execution-1/v5/stock/v5-012.config.json
 create mode 100644 research/p9-six-route/ash-inheritance-20260909/planner-v1/resource-requalification-v1/execution-1/v5/stock/v5-012.cpu.txt
 create mode 100644 research/p9-six-route/ash-inheritance-20260909/planner-v1/resource-requalification-v1/execution-1/v5/stock/v5-012.outcomes.jsonl.xz
 create mode 100644 research/p9-six-route/ash-inheritance-20260909/planner-v1/resource-requalification-v1/execution-1/v5/stock/v5-012.stderr
 create mode 100644 research/p9-six-route/ash-inheritance-20260909/planner-v1/resource-requalification-v1/execution-1/v5/stock/v5-012.stdout
 create mode 100644 research/p9-six-route/ash-inheritance-20260909/planner-v1/resource-requalification-v1/execution-1/v5/stock/v5-012.traces.jsonl.xz
 create mode 100644 research/p9-six-route/ash-inheritance-20260909/planner-v1/resource-requalification-v1/execution-1/v5/stock/v5-014.RECEIPT.json
 create mode 100644 research/p9-six-route/ash-inheritance-20260909/planner-v1/resource-requalification-v1/execution-1/v5/stock/v5-014.command.json
 create mode 100644 research/p9-six-route/ash-inheritance-20260909/planner-v1/resource-requalification-v1/execution-1/v5/stock/v5-014.config.json
 create mode 100644 research/p9-six-route/ash-inheritance-20260909/planner-v1/resource-requalification-v1/execution-1/v5/stock/v5-014.cpu.txt
 create mode 100644 research/p9-six-route/ash-inheritance-20260909/planner-v1/resource-requalification-v1/execution-1/v5/stock/v5-014.outcomes.jsonl.xz
 create mode 100644 research/p9-six-route/ash-inheritance-20260909/planner-v1/resource-requalification-v1/execution-1/v5/stock/v5-014.stderr
 create mode 100644 research/p9-six-route/ash-inheritance-20260909/planner-v1/resource-requalification-v1/execution-1/v5/stock/v5-014.stdout
 create mode 100644 research/p9-six-route/ash-inheritance-20260909/planner-v1/resource-requalification-v1/execution-1/v5/stock/v5-014.traces.jsonl.xz
[detached HEAD f0f3b59] research(p9): preserve fixed cache implementation v5 value-screen group 3
 65 files changed, 640 insertions(+)
 create mode 100644 research/p9-six-route/ash-inheritance-20260909/planner-v1/resource-requalification-v1/execution-1/v5/planner/v5-016.RECEIPT.json
 create mode 100644 research/p9-six-route/ash-inheritance-20260909/planner-v1/resource-requalification-v1/execution-1/v5/planner/v5-016.command.json
 create mode 100644 research/p9-six-route/ash-inheritance-20260909/planner-v1/resource-requalification-v1/execution-1/v5/planner/v5-016.config.json
 create mode 100644 research/p9-six-route/ash-inheritance-20260909/planner-v1/resource-requalification-v1/execution-1/v5/planner/v5-016.cpu.txt
 create mode 100644 research/p9-six-route/ash-inheritance-20260909/planner-v1/resource-requalification-v1/execution-1/v5/planner/v5-016.outcomes.jsonl.xz
 create mode 100644 research/p9-six-route/ash-inheritance-20260909/planner-v1/resource-requalification-v1/execution-1/v5/planner/v5-016.stderr
 create mode 100644 research/p9-six-route/ash-inheritance-20260909/planner-v1/resource-requalification-v1/execution-1/v5/planner/v5-016.stdout
 create mode 100644 research/p9-six-route/ash-inheritance-20260909/planner-v1/resource-requalification-v1/execution-1/v5/planner/v5-016.traces.jsonl.xz
 create mode 100644 research/p9-six-route/ash-inheritance-20260909/planner-v1/resource-requalification-v1/execution-1/v5/planner/v5-018.RECEIPT.json
 create mode 100644 research/p9-six-route/ash-inheritance-20260909/planner-v1/resource-requalification-v1/execution-1/v5/planner/v5-018.command.json
 create mode 100644 research/p9-six-route/ash-inheritance-20260909/planner-v1/resource-requalification-v1/execution-1/v5/planner/v5-018.config.json
 create mode 100644 research/p9-six-route/ash-inheritance-20260909/planner-v1/resource-requalification-v1/execution-1/v5/planner/v5-018.cpu.txt
 create mode 100644 research/p9-six-route/ash-inheritance-20260909/planner-v1/resource-requalification-v1/execution-1/v5/planner/v5-018.outcomes.jsonl.xz
 create mode 100644 research/p9-six-route/ash-inheritance-20260909/planner-v1/resource-requalification-v1/execution-1/v5/planner/v5-018.stderr
 create mode 100644 research/p9-six-route/ash-inheritance-20260909/planner-v1/resource-requalification-v1/execution-1/v5/planner/v5-018.stdout
 create mode 100644 research/p9-six-route/ash-inheritance-20260909/planner-v1/resource-requalification-v1/execution-1/v5/planner/v5-018.traces.jsonl.xz
 create mode 100644 research/p9-six-route/ash-inheritance-20260909/planner-v1/resource-requalification-v1/execution-1/v5/planner/v5-020.RECEIPT.json
 create mode 100644 research/p9-six-route/ash-inheritance-20260909/planner-v1/resource-requalification-v1/execution-1/v5/planner/v5-020.command.json
 create mode 100644 research/p9-six-route/ash-inheritance-20260909/planner-v1/resource-requalification-v1/execution-1/v5/planner/v5-020.config.json
 create mode 100644 research/p9-six-route/ash-inheritance-20260909/planner-v1/resource-requalification-v1/execution-1/v5/planner/v5-020.cpu.txt
 create mode 100644 research/p9-six-route/ash-inheritance-20260909/planner-v1/resource-requalification-v1/execution-1/v5/planner/v5-020.outcomes.jsonl.xz
 create mode 100644 research/p9-six-route/ash-inheritance-20260909/planner-v1/resource-requalification-v1/execution-1/v5/planner/v5-020.stderr
 create mode 100644 research/p9-six-route/ash-inheritance-20260909/planner-v1/resource-requalification-v1/execution-1/v5/planner/v5-020.stdout
 create mode 100644 research/p9-six-route/ash-inheritance-20260909/planner-v1/resource-requalification-v1/execution-1/v5/planner/v5-020.traces.jsonl.xz
 create mode 100644 research/p9-six-route/ash-inheritance-20260909/planner-v1/resource-requalification-v1/execution-1/v5/planner/v5-022.RECEIPT.json
 create mode 100644 research/p9-six-route/ash-inheritance-20260909/planner-v1/resource-requalification-v1/execution-1/v5/planner/v5-022.command.json
 create mode 100644 research/p9-six-route/ash-inheritance-20260909/planner-v1/resource-requalification-v1/execution-1/v5/planner/v5-022.config.json
 create mode 100644 research/p9-six-route/ash-inheritance-20260909/planner-v1/resource-requalification-v1/execution-1/v5/planner/v5-022.cpu.txt
 create mode 100644 research/p9-six-route/ash-inheritance-20260909/planner-v1/resource-requalification-v1/execution-1/v5/planner/v5-022.outcomes.jsonl.xz
 create mode 100644 research/p9-six-route/ash-inheritance-20260909/planner-v1/resource-requalification-v1/execution-1/v5/planner/v5-022.stderr
 create mode 100644 research/p9-six-route/ash-inheritance-20260909/planner-v1/resource-requalification-v1/execution-1/v5/planner/v5-022.stdout
 create mode 100644 research/p9-six-route/ash-inheritance-20260909/planner-v1/resource-requalification-v1/execution-1/v5/planner/v5-022.traces.jsonl.xz
 create mode 100644 research/p9-six-route/ash-inheritance-20260909/planner-v1/resource-requalification-v1/execution-1/v5/stock/v5-016.RECEIPT.json
 create mode 100644 research/p9-six-route/ash-inheritance-20260909/planner-v1/resource-requalification-v1/execution-1/v5/stock/v5-016.command.json
 create mode 100644 research/p9-six-route/ash-inheritance-20260909/planner-v1/resource-requalification-v1/execution-1/v5/stock/v5-016.config.json
 create mode 100644 research/p9-six-route/ash-inheritance-20260909/planner-v1/resource-requalification-v1/execution-1/v5/stock/v5-016.cpu.txt
 create mode 100644 research/p9-six-route/ash-inheritance-20260909/planner-v1/resource-requalification-v1/execution-1/v5/stock/v5-016.outcomes.jsonl.xz
 create mode 100644 research/p9-six-route/ash-inheritance-20260909/planner-v1/resource-requalification-v1/execution-1/v5/stock/v5-016.stderr
 create mode 100644 research/p9-six-route/ash-inheritance-20260909/planner-v1/resource-requalification-v1/execution-1/v5/stock/v5-016.stdout
 create mode 100644 research/p9-six-route/ash-inheritance-20260909/planner-v1/resource-requalification-v1/execution-1/v5/stock/v5-016.traces.jsonl.xz
 create mode 100644 research/p9-six-route/ash-inheritance-20260909/planner-v1/resource-requalification-v1/execution-1/v5/stock/v5-018.RECEIPT.json
 create mode 100644 research/p9-six-route/ash-inheritance-20260909/planner-v1/resource-requalification-v1/execution-1/v5/stock/v5-018.command.json
 create mode 100644 research/p9-six-route/ash-inheritance-20260909/planner-v1/resource-requalification-v1/execution-1/v5/stock/v5-018.config.json
 create mode 100644 research/p9-six-route/ash-inheritance-20260909/planner-v1/resource-requalification-v1/execution-1/v5/stock/v5-018.cpu.txt
 create mode 100644 research/p9-six-route/ash-inheritance-20260909/planner-v1/resource-requalification-v1/execution-1/v5/stock/v5-018.outcomes.jsonl.xz
 create mode 100644 research/p9-six-route/ash-inheritance-20260909/planner-v1/resource-requalification-v1/execution-1/v5/stock/v5-018.stderr
 create mode 100644 research/p9-six-route/ash-inheritance-20260909/planner-v1/resource-requalification-v1/execution-1/v5/stock/v5-018.stdout
 create mode 100644 research/p9-six-route/ash-inheritance-20260909/planner-v1/resource-requalification-v1/execution-1/v5/stock/v5-018.traces.jsonl.xz
 create mode 100644 research/p9-six-route/ash-inheritance-20260909/planner-v1/resource-requalification-v1/execution-1/v5/stock/v5-020.RECEIPT.json
 create mode 100644 research/p9-six-route/ash-inheritance-20260909/planner-v1/resource-requalification-v1/execution-1/v5/stock/v5-020.command.json
 create mode 100644 research/p9-six-route/ash-inheritance-20260909/planner-v1/resource-requalification-v1/execution-1/v5/stock/v5-020.config.json
 create mode 100644 research/p9-six-route/ash-inheritance-20260909/planner-v1/resource-requalification-v1/execution-1/v5/stock/v5-020.cpu.txt
 create mode 100644 research/p9-six-route/ash-inheritance-20260909/planner-v1/resource-requalification-v1/execution-1/v5/stock/v5-020.outcomes.jsonl.xz
 create mode 100644 research/p9-six-route/ash-inheritance-20260909/planner-v1/resource-requalification-v1/execution-1/v5/stock/v5-020.stderr
 create mode 100644 research/p9-six-route/ash-inheritance-20260909/planner-v1/resource-requalification-v1/execution-1/v5/stock/v5-020.stdout
 create mode 100644 research/p9-six-route/ash-inheritance-20260909/planner-v1/resource-requalification-v1/execution-1/v5/stock/v5-020.traces.jsonl.xz
 create mode 100644 research/p9-six-route/ash-inheritance-20260909/planner-v1/resource-requalification-v1/execution-1/v5/stock/v5-022.RECEIPT.json
 create mode 100644 research/p9-six-route/ash-inheritance-20260909/planner-v1/resource-requalification-v1/execution-1/v5/stock/v5-022.command.json
 create mode 100644 research/p9-six-route/ash-inheritance-20260909/planner-v1/resource-requalification-v1/execution-1/v5/stock/v5-022.config.json
 create mode 100644 research/p9-six-route/ash-inheritance-20260909/planner-v1/resource-requalification-v1/execution-1/v5/stock/v5-022.cpu.txt
 create mode 100644 research/p9-six-route/ash-inheritance-20260909/planner-v1/resource-requalification-v1/execution-1/v5/stock/v5-022.outcomes.jsonl.xz
 create mode 100644 research/p9-six-route/ash-inheritance-20260909/planner-v1/resource-requalification-v1/execution-1/v5/stock/v5-022.stderr
 create mode 100644 research/p9-six-route/ash-inheritance-20260909/planner-v1/resource-requalification-v1/execution-1/v5/stock/v5-022.stdout
 create mode 100644 research/p9-six-route/ash-inheritance-20260909/planner-v1/resource-requalification-v1/execution-1/v5/stock/v5-022.traces.jsonl.xz
[detached HEAD 0da86ae] research(p9): preserve fixed cache implementation v5 value-screen group 4
 65 files changed, 640 insertions(+)
 create mode 100644 research/p9-six-route/ash-inheritance-20260909/planner-v1/resource-requalification-v1/execution-1/v5/planner/v5-024.RECEIPT.json
 create mode 100644 research/p9-six-route/ash-inheritance-20260909/planner-v1/resource-requalification-v1/execution-1/v5/planner/v5-024.command.json
 create mode 100644 research/p9-six-route/ash-inheritance-20260909/planner-v1/resource-requalification-v1/execution-1/v5/planner/v5-024.config.json
 create mode 100644 research/p9-six-route/ash-inheritance-20260909/planner-v1/resource-requalification-v1/execution-1/v5/planner/v5-024.cpu.txt
 create mode 100644 research/p9-six-route/ash-inheritance-20260909/planner-v1/resource-requalification-v1/execution-1/v5/planner/v5-024.outcomes.jsonl.xz
 create mode 100644 research/p9-six-route/ash-inheritance-20260909/planner-v1/resource-requalification-v1/execution-1/v5/planner/v5-024.stderr
 create mode 100644 research/p9-six-route/ash-inheritance-20260909/planner-v1/resource-requalification-v1/execution-1/v5/planner/v5-024.stdout
 create mode 100644 research/p9-six-route/ash-inheritance-20260909/planner-v1/resource-requalification-v1/execution-1/v5/planner/v5-024.traces.jsonl.xz
 create mode 100644 research/p9-six-route/ash-inheritance-20260909/planner-v1/resource-requalification-v1/execution-1/v5/planner/v5-026.RECEIPT.json
 create mode 100644 research/p9-six-route/ash-inheritance-20260909/planner-v1/resource-requalification-v1/execution-1/v5/planner/v5-026.command.json
 create mode 100644 research/p9-six-route/ash-inheritance-20260909/planner-v1/resource-requalification-v1/execution-1/v5/planner/v5-026.config.json
 create mode 100644 research/p9-six-route/ash-inheritance-20260909/planner-v1/resource-requalification-v1/execution-1/v5/planner/v5-026.cpu.txt
 create mode 100644 research/p9-six-route/ash-inheritance-20260909/planner-v1/resource-requalification-v1/execution-1/v5/planner/v5-026.outcomes.jsonl.xz
 create mode 100644 research/p9-six-route/ash-inheritance-20260909/planner-v1/resource-requalification-v1/execution-1/v5/planner/v5-026.stderr
 create mode 100644 research/p9-six-route/ash-inheritance-20260909/planner-v1/resource-requalification-v1/execution-1/v5/planner/v5-026.stdout
 create mode 100644 research/p9-six-route/ash-inheritance-20260909/planner-v1/resource-requalification-v1/execution-1/v5/planner/v5-026.traces.jsonl.xz
 create mode 100644 research/p9-six-route/ash-inheritance-20260909/planner-v1/resource-requalification-v1/execution-1/v5/planner/v5-028.RECEIPT.json
 create mode 100644 research/p9-six-route/ash-inheritance-20260909/planner-v1/resource-requalification-v1/execution-1/v5/planner/v5-028.command.json
 create mode 100644 research/p9-six-route/ash-inheritance-20260909/planner-v1/resource-requalification-v1/execution-1/v5/planner/v5-028.config.json
 create mode 100644 research/p9-six-route/ash-inheritance-20260909/planner-v1/resource-requalification-v1/execution-1/v5/planner/v5-028.cpu.txt
 create mode 100644 research/p9-six-route/ash-inheritance-20260909/planner-v1/resource-requalification-v1/execution-1/v5/planner/v5-028.outcomes.jsonl.xz
 create mode 100644 research/p9-six-route/ash-inheritance-20260909/planner-v1/resource-requalification-v1/execution-1/v5/planner/v5-028.stderr
 create mode 100644 research/p9-six-route/ash-inheritance-20260909/planner-v1/resource-requalification-v1/execution-1/v5/planner/v5-028.stdout
 create mode 100644 research/p9-six-route/ash-inheritance-20260909/planner-v1/resource-requalification-v1/execution-1/v5/planner/v5-028.traces.jsonl.xz
 create mode 100644 research/p9-six-route/ash-inheritance-20260909/planner-v1/resource-requalification-v1/execution-1/v5/planner/v5-030.RECEIPT.json
 create mode 100644 research/p9-six-route/ash-inheritance-20260909/planner-v1/resource-requalification-v1/execution-1/v5/planner/v5-030.command.json
 create mode 100644 research/p9-six-route/ash-inheritance-20260909/planner-v1/resource-requalification-v1/execution-1/v5/planner/v5-030.config.json
 create mode 100644 research/p9-six-route/ash-inheritance-20260909/planner-v1/resource-requalification-v1/execution-1/v5/planner/v5-030.cpu.txt
 create mode 100644 research/p9-six-route/ash-inheritance-20260909/planner-v1/resource-requalification-v1/execution-1/v5/planner/v5-030.outcomes.jsonl.xz
 create mode 100644 research/p9-six-route/ash-inheritance-20260909/planner-v1/resource-requalification-v1/execution-1/v5/planner/v5-030.stderr
 create mode 100644 research/p9-six-route/ash-inheritance-20260909/planner-v1/resource-requalification-v1/execution-1/v5/planner/v5-030.stdout
 create mode 100644 research/p9-six-route/ash-inheritance-20260909/planner-v1/resource-requalification-v1/execution-1/v5/planner/v5-030.traces.jsonl.xz
 create mode 100644 research/p9-six-route/ash-inheritance-20260909/planner-v1/resource-requalification-v1/execution-1/v5/stock/v5-024.RECEIPT.json
 create mode 100644 research/p9-six-route/ash-inheritance-20260909/planner-v1/resource-requalification-v1/execution-1/v5/stock/v5-024.command.json
 create mode 100644 research/p9-six-route/ash-inheritance-20260909/planner-v1/resource-requalification-v1/execution-1/v5/stock/v5-024.config.json
 create mode 100644 research/p9-six-route/ash-inheritance-20260909/planner-v1/resource-requalification-v1/execution-1/v5/stock/v5-024.cpu.txt
 create mode 100644 research/p9-six-route/ash-inheritance-20260909/planner-v1/resource-requalification-v1/execution-1/v5/stock/v5-024.outcomes.jsonl.xz
 create mode 100644 research/p9-six-route/ash-inheritance-20260909/planner-v1/resource-requalification-v1/execution-1/v5/stock/v5-024.stderr
 create mode 100644 research/p9-six-route/ash-inheritance-20260909/planner-v1/resource-requalification-v1/execution-1/v5/stock/v5-024.stdout
 create mode 100644 research/p9-six-route/ash-inheritance-20260909/planner-v1/resource-requalification-v1/execution-1/v5/stock/v5-024.traces.jsonl.xz
 create mode 100644 research/p9-six-route/ash-inheritance-20260909/planner-v1/resource-requalification-v1/execution-1/v5/stock/v5-026.RECEIPT.json
 create mode 100644 research/p9-six-route/ash-inheritance-20260909/planner-v1/resource-requalification-v1/execution-1/v5/stock/v5-026.command.json
 create mode 100644 research/p9-six-route/ash-inheritance-20260909/planner-v1/resource-requalification-v1/execution-1/v5/stock/v5-026.config.json
 create mode 100644 research/p9-six-route/ash-inheritance-20260909/planner-v1/resource-requalification-v1/execution-1/v5/stock/v5-026.cpu.txt
 create mode 100644 research/p9-six-route/ash-inheritance-20260909/planner-v1/resource-requalification-v1/execution-1/v5/stock/v5-026.outcomes.jsonl.xz
 create mode 100644 research/p9-six-route/ash-inheritance-20260909/planner-v1/resource-requalification-v1/execution-1/v5/stock/v5-026.stderr
 create mode 100644 research/p9-six-route/ash-inheritance-20260909/planner-v1/resource-requalification-v1/execution-1/v5/stock/v5-026.stdout
 create mode 100644 research/p9-six-route/ash-inheritance-20260909/planner-v1/resource-requalification-v1/execution-1/v5/stock/v5-026.traces.jsonl.xz
 create mode 100644 research/p9-six-route/ash-inheritance-20260909/planner-v1/resource-requalification-v1/execution-1/v5/stock/v5-028.RECEIPT.json
 create mode 100644 research/p9-six-route/ash-inheritance-20260909/planner-v1/resource-requalification-v1/execution-1/v5/stock/v5-028.command.json
 create mode 100644 research/p9-six-route/ash-inheritance-20260909/planner-v1/resource-requalification-v1/execution-1/v5/stock/v5-028.config.json
 create mode 100644 research/p9-six-route/ash-inheritance-20260909/planner-v1/resource-requalification-v1/execution-1/v5/stock/v5-028.cpu.txt
 create mode 100644 research/p9-six-route/ash-inheritance-20260909/planner-v1/resource-requalification-v1/execution-1/v5/stock/v5-028.outcomes.jsonl.xz
 create mode 100644 research/p9-six-route/ash-inheritance-20260909/planner-v1/resource-requalification-v1/execution-1/v5/stock/v5-028.stderr
 create mode 100644 research/p9-six-route/ash-inheritance-20260909/planner-v1/resource-requalification-v1/execution-1/v5/stock/v5-028.stdout
 create mode 100644 research/p9-six-route/ash-inheritance-20260909/planner-v1/resource-requalification-v1/execution-1/v5/stock/v5-028.traces.jsonl.xz
 create mode 100644 research/p9-six-route/ash-inheritance-20260909/planner-v1/resource-requalification-v1/execution-1/v5/stock/v5-030.RECEIPT.json
 create mode 100644 research/p9-six-route/ash-inheritance-20260909/planner-v1/resource-requalification-v1/execution-1/v5/stock/v5-030.command.json
 create mode 100644 research/p9-six-route/ash-inheritance-20260909/planner-v1/resource-requalification-v1/execution-1/v5/stock/v5-030.config.json
 create mode 100644 research/p9-six-route/ash-inheritance-20260909/planner-v1/resource-requalification-v1/execution-1/v5/stock/v5-030.cpu.txt
 create mode 100644 research/p9-six-route/ash-inheritance-20260909/planner-v1/resource-requalification-v1/execution-1/v5/stock/v5-030.outcomes.jsonl.xz
 create mode 100644 research/p9-six-route/ash-inheritance-20260909/planner-v1/resource-requalification-v1/execution-1/v5/stock/v5-030.stderr
 create mode 100644 research/p9-six-route/ash-inheritance-20260909/planner-v1/resource-requalification-v1/execution-1/v5/stock/v5-030.stdout
 create mode 100644 research/p9-six-route/ash-inheritance-20260909/planner-v1/resource-requalification-v1/execution-1/v5/stock/v5-030.traces.jsonl.xz
[detached HEAD 411c040] research(p9): preserve fixed cache implementation v5 reserved-configuration-check group 1
 66 files changed, 677 insertions(+)
 create mode 100644 research/p9-six-route/ash-inheritance-20260909/planner-v1/resource-requalification-v1/execution-1/v5/planner/v5-032.RECEIPT.json
 create mode 100644 research/p9-six-route/ash-inheritance-20260909/planner-v1/resource-requalification-v1/execution-1/v5/planner/v5-032.command.json
 create mode 100644 research/p9-six-route/ash-inheritance-20260909/planner-v1/resource-requalification-v1/execution-1/v5/planner/v5-032.config.json
 create mode 100644 research/p9-six-route/ash-inheritance-20260909/planner-v1/resource-requalification-v1/execution-1/v5/planner/v5-032.cpu.txt
 create mode 100644 research/p9-six-route/ash-inheritance-20260909/planner-v1/resource-requalification-v1/execution-1/v5/planner/v5-032.outcomes.jsonl.xz
 create mode 100644 research/p9-six-route/ash-inheritance-20260909/planner-v1/resource-requalification-v1/execution-1/v5/planner/v5-032.stderr
 create mode 100644 research/p9-six-route/ash-inheritance-20260909/planner-v1/resource-requalification-v1/execution-1/v5/planner/v5-032.stdout
 create mode 100644 research/p9-six-route/ash-inheritance-20260909/planner-v1/resource-requalification-v1/execution-1/v5/planner/v5-032.traces.jsonl.xz
 create mode 100644 research/p9-six-route/ash-inheritance-20260909/planner-v1/resource-requalification-v1/execution-1/v5/planner/v5-034.RECEIPT.json
 create mode 100644 research/p9-six-route/ash-inheritance-20260909/planner-v1/resource-requalification-v1/execution-1/v5/planner/v5-034.command.json
 create mode 100644 research/p9-six-route/ash-inheritance-20260909/planner-v1/resource-requalification-v1/execution-1/v5/planner/v5-034.config.json
 create mode 100644 research/p9-six-route/ash-inheritance-20260909/planner-v1/resource-requalification-v1/execution-1/v5/planner/v5-034.cpu.txt
 create mode 100644 research/p9-six-route/ash-inheritance-20260909/planner-v1/resource-requalification-v1/execution-1/v5/planner/v5-034.outcomes.jsonl.xz
 create mode 100644 research/p9-six-route/ash-inheritance-20260909/planner-v1/resource-requalification-v1/execution-1/v5/planner/v5-034.stderr
 create mode 100644 research/p9-six-route/ash-inheritance-20260909/planner-v1/resource-requalification-v1/execution-1/v5/planner/v5-034.stdout
 create mode 100644 research/p9-six-route/ash-inheritance-20260909/planner-v1/resource-requalification-v1/execution-1/v5/planner/v5-034.traces.jsonl.xz
 create mode 100644 research/p9-six-route/ash-inheritance-20260909/planner-v1/resource-requalification-v1/execution-1/v5/planner/v5-036.RECEIPT.json
 create mode 100644 research/p9-six-route/ash-inheritance-20260909/planner-v1/resource-requalification-v1/execution-1/v5/planner/v5-036.command.json
 create mode 100644 research/p9-six-route/ash-inheritance-20260909/planner-v1/resource-requalification-v1/execution-1/v5/planner/v5-036.config.json
 create mode 100644 research/p9-six-route/ash-inheritance-20260909/planner-v1/resource-requalification-v1/execution-1/v5/planner/v5-036.cpu.txt
 create mode 100644 research/p9-six-route/ash-inheritance-20260909/planner-v1/resource-requalification-v1/execution-1/v5/planner/v5-036.outcomes.jsonl.xz
 create mode 100644 research/p9-six-route/ash-inheritance-20260909/planner-v1/resource-requalification-v1/execution-1/v5/planner/v5-036.stderr
 create mode 100644 research/p9-six-route/ash-inheritance-20260909/planner-v1/resource-requalification-v1/execution-1/v5/planner/v5-036.stdout
 create mode 100644 research/p9-six-route/ash-inheritance-20260909/planner-v1/resource-requalification-v1/execution-1/v5/planner/v5-036.traces.jsonl.xz
 create mode 100644 research/p9-six-route/ash-inheritance-20260909/planner-v1/resource-requalification-v1/execution-1/v5/planner/v5-038.RECEIPT.json
 create mode 100644 research/p9-six-route/ash-inheritance-20260909/planner-v1/resource-requalification-v1/execution-1/v5/planner/v5-038.command.json
 create mode 100644 research/p9-six-route/ash-inheritance-20260909/planner-v1/resource-requalification-v1/execution-1/v5/planner/v5-038.config.json
 create mode 100644 research/p9-six-route/ash-inheritance-20260909/planner-v1/resource-requalification-v1/execution-1/v5/planner/v5-038.cpu.txt
 create mode 100644 research/p9-six-route/ash-inheritance-20260909/planner-v1/resource-requalification-v1/execution-1/v5/planner/v5-038.outcomes.jsonl.xz
 create mode 100644 research/p9-six-route/ash-inheritance-20260909/planner-v1/resource-requalification-v1/execution-1/v5/planner/v5-038.stderr
 create mode 100644 research/p9-six-route/ash-inheritance-20260909/planner-v1/resource-requalification-v1/execution-1/v5/planner/v5-038.stdout
 create mode 100644 research/p9-six-route/ash-inheritance-20260909/planner-v1/resource-requalification-v1/execution-1/v5/planner/v5-038.traces.jsonl.xz
 create mode 100644 research/p9-six-route/ash-inheritance-20260909/planner-v1/resource-requalification-v1/execution-1/v5/stock/v5-032.RECEIPT.json
 create mode 100644 research/p9-six-route/ash-inheritance-20260909/planner-v1/resource-requalification-v1/execution-1/v5/stock/v5-032.command.json
 create mode 100644 research/p9-six-route/ash-inheritance-20260909/planner-v1/resource-requalification-v1/execution-1/v5/stock/v5-032.config.json
 create mode 100644 research/p9-six-route/ash-inheritance-20260909/planner-v1/resource-requalification-v1/execution-1/v5/stock/v5-032.cpu.txt
 create mode 100644 research/p9-six-route/ash-inheritance-20260909/planner-v1/resource-requalification-v1/execution-1/v5/stock/v5-032.outcomes.jsonl.xz
 create mode 100644 research/p9-six-route/ash-inheritance-20260909/planner-v1/resource-requalification-v1/execution-1/v5/stock/v5-032.stderr
 create mode 100644 research/p9-six-route/ash-inheritance-20260909/planner-v1/resource-requalification-v1/execution-1/v5/stock/v5-032.stdout
 create mode 100644 research/p9-six-route/ash-inheritance-20260909/planner-v1/resource-requalification-v1/execution-1/v5/stock/v5-032.traces.jsonl.xz
 create mode 100644 research/p9-six-route/ash-inheritance-20260909/planner-v1/resource-requalification-v1/execution-1/v5/stock/v5-034.RECEIPT.json
 create mode 100644 research/p9-six-route/ash-inheritance-20260909/planner-v1/resource-requalification-v1/execution-1/v5/stock/v5-034.command.json
 create mode 100644 research/p9-six-route/ash-inheritance-20260909/planner-v1/resource-requalification-v1/execution-1/v5/stock/v5-034.config.json
 create mode 100644 research/p9-six-route/ash-inheritance-20260909/planner-v1/resource-requalification-v1/execution-1/v5/stock/v5-034.cpu.txt
 create mode 100644 research/p9-six-route/ash-inheritance-20260909/planner-v1/resource-requalification-v1/execution-1/v5/stock/v5-034.outcomes.jsonl.xz
 create mode 100644 research/p9-six-route/ash-inheritance-20260909/planner-v1/resource-requalification-v1/execution-1/v5/stock/v5-034.stderr
 create mode 100644 research/p9-six-route/ash-inheritance-20260909/planner-v1/resource-requalification-v1/execution-1/v5/stock/v5-034.stdout
 create mode 100644 research/p9-six-route/ash-inheritance-20260909/planner-v1/resource-requalification-v1/execution-1/v5/stock/v5-034.traces.jsonl.xz
 create mode 100644 research/p9-six-route/ash-inheritance-20260909/planner-v1/resource-requalification-v1/execution-1/v5/stock/v5-036.RECEIPT.json
 create mode 100644 research/p9-six-route/ash-inheritance-20260909/planner-v1/resource-requalification-v1/execution-1/v5/stock/v5-036.command.json
 create mode 100644 research/p9-six-route/ash-inheritance-20260909/planner-v1/resource-requalification-v1/execution-1/v5/stock/v5-036.config.json
 create mode 100644 research/p9-six-route/ash-inheritance-20260909/planner-v1/resource-requalification-v1/execution-1/v5/stock/v5-036.cpu.txt
 create mode 100644 research/p9-six-route/ash-inheritance-20260909/planner-v1/resource-requalification-v1/execution-1/v5/stock/v5-036.outcomes.jsonl.xz
 create mode 100644 research/p9-six-route/ash-inheritance-20260909/planner-v1/resource-requalification-v1/execution-1/v5/stock/v5-036.stderr
 create mode 100644 research/p9-six-route/ash-inheritance-20260909/planner-v1/resource-requalification-v1/execution-1/v5/stock/v5-036.stdout
 create mode 100644 research/p9-six-route/ash-inheritance-20260909/planner-v1/resource-requalification-v1/execution-1/v5/stock/v5-036.traces.jsonl.xz
 create mode 100644 research/p9-six-route/ash-inheritance-20260909/planner-v1/resource-requalification-v1/execution-1/v5/stock/v5-038.RECEIPT.json
 create mode 100644 research/p9-six-route/ash-inheritance-20260909/planner-v1/resource-requalification-v1/execution-1/v5/stock/v5-038.command.json
 create mode 100644 research/p9-six-route/ash-inheritance-20260909/planner-v1/resource-requalification-v1/execution-1/v5/stock/v5-038.config.json
 create mode 100644 research/p9-six-route/ash-inheritance-20260909/planner-v1/resource-requalification-v1/execution-1/v5/stock/v5-038.cpu.txt
 create mode 100644 research/p9-six-route/ash-inheritance-20260909/planner-v1/resource-requalification-v1/execution-1/v5/stock/v5-038.outcomes.jsonl.xz
 create mode 100644 research/p9-six-route/ash-inheritance-20260909/planner-v1/resource-requalification-v1/execution-1/v5/stock/v5-038.stderr
 create mode 100644 research/p9-six-route/ash-inheritance-20260909/planner-v1/resource-requalification-v1/execution-1/v5/stock/v5-038.stdout
 create mode 100644 research/p9-six-route/ash-inheritance-20260909/planner-v1/resource-requalification-v1/execution-1/v5/stock/v5-038.traces.jsonl.xz
 create mode 100644 research/p9-six-route/ash-inheritance-20260909/planner-v1/resource-requalification-v1/execution-1/v5/value-screen.json
[detached HEAD bf3c5cc] research(p9): preserve fixed cache implementation v5 reserved-configuration-check group 2
 65 files changed, 640 insertions(+)
 create mode 100644 research/p9-six-route/ash-inheritance-20260909/planner-v1/resource-requalification-v1/execution-1/v5/planner/v5-040.RECEIPT.json
 create mode 100644 research/p9-six-route/ash-inheritance-20260909/planner-v1/resource-requalification-v1/execution-1/v5/planner/v5-040.command.json
 create mode 100644 research/p9-six-route/ash-inheritance-20260909/planner-v1/resource-requalification-v1/execution-1/v5/planner/v5-040.config.json
 create mode 100644 research/p9-six-route/ash-inheritance-20260909/planner-v1/resource-requalification-v1/execution-1/v5/planner/v5-040.cpu.txt
 create mode 100644 research/p9-six-route/ash-inheritance-20260909/planner-v1/resource-requalification-v1/execution-1/v5/planner/v5-040.outcomes.jsonl.xz
 create mode 100644 research/p9-six-route/ash-inheritance-20260909/planner-v1/resource-requalification-v1/execution-1/v5/planner/v5-040.stderr
 create mode 100644 research/p9-six-route/ash-inheritance-20260909/planner-v1/resource-requalification-v1/execution-1/v5/planner/v5-040.stdout
 create mode 100644 research/p9-six-route/ash-inheritance-20260909/planner-v1/resource-requalification-v1/execution-1/v5/planner/v5-040.traces.jsonl.xz
 create mode 100644 research/p9-six-route/ash-inheritance-20260909/planner-v1/resource-requalification-v1/execution-1/v5/planner/v5-042.RECEIPT.json
 create mode 100644 research/p9-six-route/ash-inheritance-20260909/planner-v1/resource-requalification-v1/execution-1/v5/planner/v5-042.command.json
 create mode 100644 research/p9-six-route/ash-inheritance-20260909/planner-v1/resource-requalification-v1/execution-1/v5/planner/v5-042.config.json
 create mode 100644 research/p9-six-route/ash-inheritance-20260909/planner-v1/resource-requalification-v1/execution-1/v5/planner/v5-042.cpu.txt
 create mode 100644 research/p9-six-route/ash-inheritance-20260909/planner-v1/resource-requalification-v1/execution-1/v5/planner/v5-042.outcomes.jsonl.xz
 create mode 100644 research/p9-six-route/ash-inheritance-20260909/planner-v1/resource-requalification-v1/execution-1/v5/planner/v5-042.stderr
 create mode 100644 research/p9-six-route/ash-inheritance-20260909/planner-v1/resource-requalification-v1/execution-1/v5/planner/v5-042.stdout
 create mode 100644 research/p9-six-route/ash-inheritance-20260909/planner-v1/resource-requalification-v1/execution-1/v5/planner/v5-042.traces.jsonl.xz
 create mode 100644 research/p9-six-route/ash-inheritance-20260909/planner-v1/resource-requalification-v1/execution-1/v5/planner/v5-044.RECEIPT.json
 create mode 100644 research/p9-six-route/ash-inheritance-20260909/planner-v1/resource-requalification-v1/execution-1/v5/planner/v5-044.command.json
 create mode 100644 research/p9-six-route/ash-inheritance-20260909/planner-v1/resource-requalification-v1/execution-1/v5/planner/v5-044.config.json
 create mode 100644 research/p9-six-route/ash-inheritance-20260909/planner-v1/resource-requalification-v1/execution-1/v5/planner/v5-044.cpu.txt
 create mode 100644 research/p9-six-route/ash-inheritance-20260909/planner-v1/resource-requalification-v1/execution-1/v5/planner/v5-044.outcomes.jsonl.xz
 create mode 100644 research/p9-six-route/ash-inheritance-20260909/planner-v1/resource-requalification-v1/execution-1/v5/planner/v5-044.stderr
 create mode 100644 research/p9-six-route/ash-inheritance-20260909/planner-v1/resource-requalification-v1/execution-1/v5/planner/v5-044.stdout
 create mode 100644 research/p9-six-route/ash-inheritance-20260909/planner-v1/resource-requalification-v1/execution-1/v5/planner/v5-044.traces.jsonl.xz
 create mode 100644 research/p9-six-route/ash-inheritance-20260909/planner-v1/resource-requalification-v1/execution-1/v5/planner/v5-046.RECEIPT.json
 create mode 100644 research/p9-six-route/ash-inheritance-20260909/planner-v1/resource-requalification-v1/execution-1/v5/planner/v5-046.command.json
 create mode 100644 research/p9-six-route/ash-inheritance-20260909/planner-v1/resource-requalification-v1/execution-1/v5/planner/v5-046.config.json
 create mode 100644 research/p9-six-route/ash-inheritance-20260909/planner-v1/resource-requalification-v1/execution-1/v5/planner/v5-046.cpu.txt
 create mode 100644 research/p9-six-route/ash-inheritance-20260909/planner-v1/resource-requalification-v1/execution-1/v5/planner/v5-046.outcomes.jsonl.xz
 create mode 100644 research/p9-six-route/ash-inheritance-20260909/planner-v1/resource-requalification-v1/execution-1/v5/planner/v5-046.stderr
 create mode 100644 research/p9-six-route/ash-inheritance-20260909/planner-v1/resource-requalification-v1/execution-1/v5/planner/v5-046.stdout
 create mode 100644 research/p9-six-route/ash-inheritance-20260909/planner-v1/resource-requalification-v1/execution-1/v5/planner/v5-046.traces.jsonl.xz
 create mode 100644 research/p9-six-route/ash-inheritance-20260909/planner-v1/resource-requalification-v1/execution-1/v5/stock/v5-040.RECEIPT.json
 create mode 100644 research/p9-six-route/ash-inheritance-20260909/planner-v1/resource-requalification-v1/execution-1/v5/stock/v5-040.command.json
 create mode 100644 research/p9-six-route/ash-inheritance-20260909/planner-v1/resource-requalification-v1/execution-1/v5/stock/v5-040.config.json
 create mode 100644 research/p9-six-route/ash-inheritance-20260909/planner-v1/resource-requalification-v1/execution-1/v5/stock/v5-040.cpu.txt
 create mode 100644 research/p9-six-route/ash-inheritance-20260909/planner-v1/resource-requalification-v1/execution-1/v5/stock/v5-040.outcomes.jsonl.xz
 create mode 100644 research/p9-six-route/ash-inheritance-20260909/planner-v1/resource-requalification-v1/execution-1/v5/stock/v5-040.stderr
 create mode 100644 research/p9-six-route/ash-inheritance-20260909/planner-v1/resource-requalification-v1/execution-1/v5/stock/v5-040.stdout
 create mode 100644 research/p9-six-route/ash-inheritance-20260909/planner-v1/resource-requalification-v1/execution-1/v5/stock/v5-040.traces.jsonl.xz
 create mode 100644 research/p9-six-route/ash-inheritance-20260909/planner-v1/resource-requalification-v1/execution-1/v5/stock/v5-042.RECEIPT.json
 create mode 100644 research/p9-six-route/ash-inheritance-20260909/planner-v1/resource-requalification-v1/execution-1/v5/stock/v5-042.command.json
 create mode 100644 research/p9-six-route/ash-inheritance-20260909/planner-v1/resource-requalification-v1/execution-1/v5/stock/v5-042.config.json
 create mode 100644 research/p9-six-route/ash-inheritance-20260909/planner-v1/resource-requalification-v1/execution-1/v5/stock/v5-042.cpu.txt
 create mode 100644 research/p9-six-route/ash-inheritance-20260909/planner-v1/resource-requalification-v1/execution-1/v5/stock/v5-042.outcomes.jsonl.xz
 create mode 100644 research/p9-six-route/ash-inheritance-20260909/planner-v1/resource-requalification-v1/execution-1/v5/stock/v5-042.stderr
 create mode 100644 research/p9-six-route/ash-inheritance-20260909/planner-v1/resource-requalification-v1/execution-1/v5/stock/v5-042.stdout
 create mode 100644 research/p9-six-route/ash-inheritance-20260909/planner-v1/resource-requalification-v1/execution-1/v5/stock/v5-042.traces.jsonl.xz
 create mode 100644 research/p9-six-route/ash-inheritance-20260909/planner-v1/resource-requalification-v1/execution-1/v5/stock/v5-044.RECEIPT.json
 create mode 100644 research/p9-six-route/ash-inheritance-20260909/planner-v1/resource-requalification-v1/execution-1/v5/stock/v5-044.command.json
 create mode 100644 research/p9-six-route/ash-inheritance-20260909/planner-v1/resource-requalification-v1/execution-1/v5/stock/v5-044.config.json
 create mode 100644 research/p9-six-route/ash-inheritance-20260909/planner-v1/resource-requalification-v1/execution-1/v5/stock/v5-044.cpu.txt
 create mode 100644 research/p9-six-route/ash-inheritance-20260909/planner-v1/resource-requalification-v1/execution-1/v5/stock/v5-044.outcomes.jsonl.xz
 create mode 100644 research/p9-six-route/ash-inheritance-20260909/planner-v1/resource-requalification-v1/execution-1/v5/stock/v5-044.stderr
 create mode 100644 research/p9-six-route/ash-inheritance-20260909/planner-v1/resource-requalification-v1/execution-1/v5/stock/v5-044.stdout
 create mode 100644 research/p9-six-route/ash-inheritance-20260909/planner-v1/resource-requalification-v1/execution-1/v5/stock/v5-044.traces.jsonl.xz
 create mode 100644 research/p9-six-route/ash-inheritance-20260909/planner-v1/resource-requalification-v1/execution-1/v5/stock/v5-046.RECEIPT.json
 create mode 100644 research/p9-six-route/ash-inheritance-20260909/planner-v1/resource-requalification-v1/execution-1/v5/stock/v5-046.command.json
 create mode 100644 research/p9-six-route/ash-inheritance-20260909/planner-v1/resource-requalification-v1/execution-1/v5/stock/v5-046.config.json
 create mode 100644 research/p9-six-route/ash-inheritance-20260909/planner-v1/resource-requalification-v1/execution-1/v5/stock/v5-046.cpu.txt
 create mode 100644 research/p9-six-route/ash-inheritance-20260909/planner-v1/resource-requalification-v1/execution-1/v5/stock/v5-046.outcomes.jsonl.xz
 create mode 100644 research/p9-six-route/ash-inheritance-20260909/planner-v1/resource-requalification-v1/execution-1/v5/stock/v5-046.stderr
 create mode 100644 research/p9-six-route/ash-inheritance-20260909/planner-v1/resource-requalification-v1/execution-1/v5/stock/v5-046.stdout
 create mode 100644 research/p9-six-route/ash-inheritance-20260909/planner-v1/resource-requalification-v1/execution-1/v5/stock/v5-046.traces.jsonl.xz
[detached HEAD 6fddb85] research(p9): preserve fixed cache implementation v5 reserved-configuration-check group 3
 65 files changed, 640 insertions(+)
 create mode 100644 research/p9-six-route/ash-inheritance-20260909/planner-v1/resource-requalification-v1/execution-1/v5/planner/v5-048.RECEIPT.json
 create mode 100644 research/p9-six-route/ash-inheritance-20260909/planner-v1/resource-requalification-v1/execution-1/v5/planner/v5-048.command.json
 create mode 100644 research/p9-six-route/ash-inheritance-20260909/planner-v1/resource-requalification-v1/execution-1/v5/planner/v5-048.config.json
 create mode 100644 research/p9-six-route/ash-inheritance-20260909/planner-v1/resource-requalification-v1/execution-1/v5/planner/v5-048.cpu.txt
 create mode 100644 research/p9-six-route/ash-inheritance-20260909/planner-v1/resource-requalification-v1/execution-1/v5/planner/v5-048.outcomes.jsonl.xz
 create mode 100644 research/p9-six-route/ash-inheritance-20260909/planner-v1/resource-requalification-v1/execution-1/v5/planner/v5-048.stderr
 create mode 100644 research/p9-six-route/ash-inheritance-20260909/planner-v1/resource-requalification-v1/execution-1/v5/planner/v5-048.stdout
 create mode 100644 research/p9-six-route/ash-inheritance-20260909/planner-v1/resource-requalification-v1/execution-1/v5/planner/v5-048.traces.jsonl.xz
 create mode 100644 research/p9-six-route/ash-inheritance-20260909/planner-v1/resource-requalification-v1/execution-1/v5/planner/v5-050.RECEIPT.json
 create mode 100644 research/p9-six-route/ash-inheritance-20260909/planner-v1/resource-requalification-v1/execution-1/v5/planner/v5-050.command.json
 create mode 100644 research/p9-six-route/ash-inheritance-20260909/planner-v1/resource-requalification-v1/execution-1/v5/planner/v5-050.config.json
 create mode 100644 research/p9-six-route/ash-inheritance-20260909/planner-v1/resource-requalification-v1/execution-1/v5/planner/v5-050.cpu.txt
 create mode 100644 research/p9-six-route/ash-inheritance-20260909/planner-v1/resource-requalification-v1/execution-1/v5/planner/v5-050.outcomes.jsonl.xz
 create mode 100644 research/p9-six-route/ash-inheritance-20260909/planner-v1/resource-requalification-v1/execution-1/v5/planner/v5-050.stderr
 create mode 100644 research/p9-six-route/ash-inheritance-20260909/planner-v1/resource-requalification-v1/execution-1/v5/planner/v5-050.stdout
 create mode 100644 research/p9-six-route/ash-inheritance-20260909/planner-v1/resource-requalification-v1/execution-1/v5/planner/v5-050.traces.jsonl.xz
 create mode 100644 research/p9-six-route/ash-inheritance-20260909/planner-v1/resource-requalification-v1/execution-1/v5/planner/v5-052.RECEIPT.json
 create mode 100644 research/p9-six-route/ash-inheritance-20260909/planner-v1/resource-requalification-v1/execution-1/v5/planner/v5-052.command.json
 create mode 100644 research/p9-six-route/ash-inheritance-20260909/planner-v1/resource-requalification-v1/execution-1/v5/planner/v5-052.config.json
 create mode 100644 research/p9-six-route/ash-inheritance-20260909/planner-v1/resource-requalification-v1/execution-1/v5/planner/v5-052.cpu.txt
 create mode 100644 research/p9-six-route/ash-inheritance-20260909/planner-v1/resource-requalification-v1/execution-1/v5/planner/v5-052.outcomes.jsonl.xz
 create mode 100644 research/p9-six-route/ash-inheritance-20260909/planner-v1/resource-requalification-v1/execution-1/v5/planner/v5-052.stderr
 create mode 100644 research/p9-six-route/ash-inheritance-20260909/planner-v1/resource-requalification-v1/execution-1/v5/planner/v5-052.stdout
 create mode 100644 research/p9-six-route/ash-inheritance-20260909/planner-v1/resource-requalification-v1/execution-1/v5/planner/v5-052.traces.jsonl.xz
 create mode 100644 research/p9-six-route/ash-inheritance-20260909/planner-v1/resource-requalification-v1/execution-1/v5/planner/v5-054.RECEIPT.json
 create mode 100644 research/p9-six-route/ash-inheritance-20260909/planner-v1/resource-requalification-v1/execution-1/v5/planner/v5-054.command.json
 create mode 100644 research/p9-six-route/ash-inheritance-20260909/planner-v1/resource-requalification-v1/execution-1/v5/planner/v5-054.config.json
 create mode 100644 research/p9-six-route/ash-inheritance-20260909/planner-v1/resource-requalification-v1/execution-1/v5/planner/v5-054.cpu.txt
 create mode 100644 research/p9-six-route/ash-inheritance-20260909/planner-v1/resource-requalification-v1/execution-1/v5/planner/v5-054.outcomes.jsonl.xz
 create mode 100644 research/p9-six-route/ash-inheritance-20260909/planner-v1/resource-requalification-v1/execution-1/v5/planner/v5-054.stderr
 create mode 100644 research/p9-six-route/ash-inheritance-20260909/planner-v1/resource-requalification-v1/execution-1/v5/planner/v5-054.stdout
 create mode 100644 research/p9-six-route/ash-inheritance-20260909/planner-v1/resource-requalification-v1/execution-1/v5/planner/v5-054.traces.jsonl.xz
 create mode 100644 research/p9-six-route/ash-inheritance-20260909/planner-v1/resource-requalification-v1/execution-1/v5/stock/v5-048.RECEIPT.json
 create mode 100644 research/p9-six-route/ash-inheritance-20260909/planner-v1/resource-requalification-v1/execution-1/v5/stock/v5-048.command.json
 create mode 100644 research/p9-six-route/ash-inheritance-20260909/planner-v1/resource-requalification-v1/execution-1/v5/stock/v5-048.config.json
 create mode 100644 research/p9-six-route/ash-inheritance-20260909/planner-v1/resource-requalification-v1/execution-1/v5/stock/v5-048.cpu.txt
 create mode 100644 research/p9-six-route/ash-inheritance-20260909/planner-v1/resource-requalification-v1/execution-1/v5/stock/v5-048.outcomes.jsonl.xz
 create mode 100644 research/p9-six-route/ash-inheritance-20260909/planner-v1/resource-requalification-v1/execution-1/v5/stock/v5-048.stderr
 create mode 100644 research/p9-six-route/ash-inheritance-20260909/planner-v1/resource-requalification-v1/execution-1/v5/stock/v5-048.stdout
 create mode 100644 research/p9-six-route/ash-inheritance-20260909/planner-v1/resource-requalification-v1/execution-1/v5/stock/v5-048.traces.jsonl.xz
 create mode 100644 research/p9-six-route/ash-inheritance-20260909/planner-v1/resource-requalification-v1/execution-1/v5/stock/v5-050.RECEIPT.json
 create mode 100644 research/p9-six-route/ash-inheritance-20260909/planner-v1/resource-requalification-v1/execution-1/v5/stock/v5-050.command.json
 create mode 100644 research/p9-six-route/ash-inheritance-20260909/planner-v1/resource-requalification-v1/execution-1/v5/stock/v5-050.config.json
 create mode 100644 research/p9-six-route/ash-inheritance-20260909/planner-v1/resource-requalification-v1/execution-1/v5/stock/v5-050.cpu.txt
 create mode 100644 research/p9-six-route/ash-inheritance-20260909/planner-v1/resource-requalification-v1/execution-1/v5/stock/v5-050.outcomes.jsonl.xz
 create mode 100644 research/p9-six-route/ash-inheritance-20260909/planner-v1/resource-requalification-v1/execution-1/v5/stock/v5-050.stderr
 create mode 100644 research/p9-six-route/ash-inheritance-20260909/planner-v1/resource-requalification-v1/execution-1/v5/stock/v5-050.stdout
 create mode 100644 research/p9-six-route/ash-inheritance-20260909/planner-v1/resource-requalification-v1/execution-1/v5/stock/v5-050.traces.jsonl.xz
 create mode 100644 research/p9-six-route/ash-inheritance-20260909/planner-v1/resource-requalification-v1/execution-1/v5/stock/v5-052.RECEIPT.json
 create mode 100644 research/p9-six-route/ash-inheritance-20260909/planner-v1/resource-requalification-v1/execution-1/v5/stock/v5-052.command.json
 create mode 100644 research/p9-six-route/ash-inheritance-20260909/planner-v1/resource-requalification-v1/execution-1/v5/stock/v5-052.config.json
 create mode 100644 research/p9-six-route/ash-inheritance-20260909/planner-v1/resource-requalification-v1/execution-1/v5/stock/v5-052.cpu.txt
 create mode 100644 research/p9-six-route/ash-inheritance-20260909/planner-v1/resource-requalification-v1/execution-1/v5/stock/v5-052.outcomes.jsonl.xz
 create mode 100644 research/p9-six-route/ash-inheritance-20260909/planner-v1/resource-requalification-v1/execution-1/v5/stock/v5-052.stderr
 create mode 100644 research/p9-six-route/ash-inheritance-20260909/planner-v1/resource-requalification-v1/execution-1/v5/stock/v5-052.stdout
 create mode 100644 research/p9-six-route/ash-inheritance-20260909/planner-v1/resource-requalification-v1/execution-1/v5/stock/v5-052.traces.jsonl.xz
 create mode 100644 research/p9-six-route/ash-inheritance-20260909/planner-v1/resource-requalification-v1/execution-1/v5/stock/v5-054.RECEIPT.json
 create mode 100644 research/p9-six-route/ash-inheritance-20260909/planner-v1/resource-requalification-v1/execution-1/v5/stock/v5-054.command.json
 create mode 100644 research/p9-six-route/ash-inheritance-20260909/planner-v1/resource-requalification-v1/execution-1/v5/stock/v5-054.config.json
 create mode 100644 research/p9-six-route/ash-inheritance-20260909/planner-v1/resource-requalification-v1/execution-1/v5/stock/v5-054.cpu.txt
 create mode 100644 research/p9-six-route/ash-inheritance-20260909/planner-v1/resource-requalification-v1/execution-1/v5/stock/v5-054.outcomes.jsonl.xz
 create mode 100644 research/p9-six-route/ash-inheritance-20260909/planner-v1/resource-requalification-v1/execution-1/v5/stock/v5-054.stderr
 create mode 100644 research/p9-six-route/ash-inheritance-20260909/planner-v1/resource-requalification-v1/execution-1/v5/stock/v5-054.stdout
 create mode 100644 research/p9-six-route/ash-inheritance-20260909/planner-v1/resource-requalification-v1/execution-1/v5/stock/v5-054.traces.jsonl.xz
[detached HEAD c536ffe] research(p9): preserve fixed cache implementation v5 reserved-configuration-check group 4
 65 files changed, 640 insertions(+)
 create mode 100644 research/p9-six-route/ash-inheritance-20260909/planner-v1/resource-requalification-v1/execution-1/v5/planner/v5-056.RECEIPT.json
 create mode 100644 research/p9-six-route/ash-inheritance-20260909/planner-v1/resource-requalification-v1/execution-1/v5/planner/v5-056.command.json
 create mode 100644 research/p9-six-route/ash-inheritance-20260909/planner-v1/resource-requalification-v1/execution-1/v5/planner/v5-056.config.json
 create mode 100644 research/p9-six-route/ash-inheritance-20260909/planner-v1/resource-requalification-v1/execution-1/v5/planner/v5-056.cpu.txt
 create mode 100644 research/p9-six-route/ash-inheritance-20260909/planner-v1/resource-requalification-v1/execution-1/v5/planner/v5-056.outcomes.jsonl.xz
 create mode 100644 research/p9-six-route/ash-inheritance-20260909/planner-v1/resource-requalification-v1/execution-1/v5/planner/v5-056.stderr
 create mode 100644 research/p9-six-route/ash-inheritance-20260909/planner-v1/resource-requalification-v1/execution-1/v5/planner/v5-056.stdout
 create mode 100644 research/p9-six-route/ash-inheritance-20260909/planner-v1/resource-requalification-v1/execution-1/v5/planner/v5-056.traces.jsonl.xz
 create mode 100644 research/p9-six-route/ash-inheritance-20260909/planner-v1/resource-requalification-v1/execution-1/v5/planner/v5-058.RECEIPT.json
 create mode 100644 research/p9-six-route/ash-inheritance-20260909/planner-v1/resource-requalification-v1/execution-1/v5/planner/v5-058.command.json
 create mode 100644 research/p9-six-route/ash-inheritance-20260909/planner-v1/resource-requalification-v1/execution-1/v5/planner/v5-058.config.json
 create mode 100644 research/p9-six-route/ash-inheritance-20260909/planner-v1/resource-requalification-v1/execution-1/v5/planner/v5-058.cpu.txt
 create mode 100644 research/p9-six-route/ash-inheritance-20260909/planner-v1/resource-requalification-v1/execution-1/v5/planner/v5-058.outcomes.jsonl.xz
 create mode 100644 research/p9-six-route/ash-inheritance-20260909/planner-v1/resource-requalification-v1/execution-1/v5/planner/v5-058.stderr
 create mode 100644 research/p9-six-route/ash-inheritance-20260909/planner-v1/resource-requalification-v1/execution-1/v5/planner/v5-058.stdout
 create mode 100644 research/p9-six-route/ash-inheritance-20260909/planner-v1/resource-requalification-v1/execution-1/v5/planner/v5-058.traces.jsonl.xz
 create mode 100644 research/p9-six-route/ash-inheritance-20260909/planner-v1/resource-requalification-v1/execution-1/v5/planner/v5-060.RECEIPT.json
 create mode 100644 research/p9-six-route/ash-inheritance-20260909/planner-v1/resource-requalification-v1/execution-1/v5/planner/v5-060.command.json
 create mode 100644 research/p9-six-route/ash-inheritance-20260909/planner-v1/resource-requalification-v1/execution-1/v5/planner/v5-060.config.json
 create mode 100644 research/p9-six-route/ash-inheritance-20260909/planner-v1/resource-requalification-v1/execution-1/v5/planner/v5-060.cpu.txt
 create mode 100644 research/p9-six-route/ash-inheritance-20260909/planner-v1/resource-requalification-v1/execution-1/v5/planner/v5-060.outcomes.jsonl.xz
 create mode 100644 research/p9-six-route/ash-inheritance-20260909/planner-v1/resource-requalification-v1/execution-1/v5/planner/v5-060.stderr
 create mode 100644 research/p9-six-route/ash-inheritance-20260909/planner-v1/resource-requalification-v1/execution-1/v5/planner/v5-060.stdout
 create mode 100644 research/p9-six-route/ash-inheritance-20260909/planner-v1/resource-requalification-v1/execution-1/v5/planner/v5-060.traces.jsonl.xz
 create mode 100644 research/p9-six-route/ash-inheritance-20260909/planner-v1/resource-requalification-v1/execution-1/v5/planner/v5-062.RECEIPT.json
 create mode 100644 research/p9-six-route/ash-inheritance-20260909/planner-v1/resource-requalification-v1/execution-1/v5/planner/v5-062.command.json
 create mode 100644 research/p9-six-route/ash-inheritance-20260909/planner-v1/resource-requalification-v1/execution-1/v5/planner/v5-062.config.json
 create mode 100644 research/p9-six-route/ash-inheritance-20260909/planner-v1/resource-requalification-v1/execution-1/v5/planner/v5-062.cpu.txt
 create mode 100644 research/p9-six-route/ash-inheritance-20260909/planner-v1/resource-requalification-v1/execution-1/v5/planner/v5-062.outcomes.jsonl.xz
 create mode 100644 research/p9-six-route/ash-inheritance-20260909/planner-v1/resource-requalification-v1/execution-1/v5/planner/v5-062.stderr
 create mode 100644 research/p9-six-route/ash-inheritance-20260909/planner-v1/resource-requalification-v1/execution-1/v5/planner/v5-062.stdout
 create mode 100644 research/p9-six-route/ash-inheritance-20260909/planner-v1/resource-requalification-v1/execution-1/v5/planner/v5-062.traces.jsonl.xz
 create mode 100644 research/p9-six-route/ash-inheritance-20260909/planner-v1/resource-requalification-v1/execution-1/v5/stock/v5-056.RECEIPT.json
 create mode 100644 research/p9-six-route/ash-inheritance-20260909/planner-v1/resource-requalification-v1/execution-1/v5/stock/v5-056.command.json
 create mode 100644 research/p9-six-route/ash-inheritance-20260909/planner-v1/resource-requalification-v1/execution-1/v5/stock/v5-056.config.json
 create mode 100644 research/p9-six-route/ash-inheritance-20260909/planner-v1/resource-requalification-v1/execution-1/v5/stock/v5-056.cpu.txt
 create mode 100644 research/p9-six-route/ash-inheritance-20260909/planner-v1/resource-requalification-v1/execution-1/v5/stock/v5-056.outcomes.jsonl.xz
 create mode 100644 research/p9-six-route/ash-inheritance-20260909/planner-v1/resource-requalification-v1/execution-1/v5/stock/v5-056.stderr
 create mode 100644 research/p9-six-route/ash-inheritance-20260909/planner-v1/resource-requalification-v1/execution-1/v5/stock/v5-056.stdout
 create mode 100644 research/p9-six-route/ash-inheritance-20260909/planner-v1/resource-requalification-v1/execution-1/v5/stock/v5-056.traces.jsonl.xz
 create mode 100644 research/p9-six-route/ash-inheritance-20260909/planner-v1/resource-requalification-v1/execution-1/v5/stock/v5-058.RECEIPT.json
 create mode 100644 research/p9-six-route/ash-inheritance-20260909/planner-v1/resource-requalification-v1/execution-1/v5/stock/v5-058.command.json
 create mode 100644 research/p9-six-route/ash-inheritance-20260909/planner-v1/resource-requalification-v1/execution-1/v5/stock/v5-058.config.json
 create mode 100644 research/p9-six-route/ash-inheritance-20260909/planner-v1/resource-requalification-v1/execution-1/v5/stock/v5-058.cpu.txt
 create mode 100644 research/p9-six-route/ash-inheritance-20260909/planner-v1/resource-requalification-v1/execution-1/v5/stock/v5-058.outcomes.jsonl.xz
 create mode 100644 research/p9-six-route/ash-inheritance-20260909/planner-v1/resource-requalification-v1/execution-1/v5/stock/v5-058.stderr
 create mode 100644 research/p9-six-route/ash-inheritance-20260909/planner-v1/resource-requalification-v1/execution-1/v5/stock/v5-058.stdout
 create mode 100644 research/p9-six-route/ash-inheritance-20260909/planner-v1/resource-requalification-v1/execution-1/v5/stock/v5-058.traces.jsonl.xz
 create mode 100644 research/p9-six-route/ash-inheritance-20260909/planner-v1/resource-requalification-v1/execution-1/v5/stock/v5-060.RECEIPT.json
 create mode 100644 research/p9-six-route/ash-inheritance-20260909/planner-v1/resource-requalification-v1/execution-1/v5/stock/v5-060.command.json
 create mode 100644 research/p9-six-route/ash-inheritance-20260909/planner-v1/resource-requalification-v1/execution-1/v5/stock/v5-060.config.json
 create mode 100644 research/p9-six-route/ash-inheritance-20260909/planner-v1/resource-requalification-v1/execution-1/v5/stock/v5-060.cpu.txt
 create mode 100644 research/p9-six-route/ash-inheritance-20260909/planner-v1/resource-requalification-v1/execution-1/v5/stock/v5-060.outcomes.jsonl.xz
 create mode 100644 research/p9-six-route/ash-inheritance-20260909/planner-v1/resource-requalification-v1/execution-1/v5/stock/v5-060.stderr
 create mode 100644 research/p9-six-route/ash-inheritance-20260909/planner-v1/resource-requalification-v1/execution-1/v5/stock/v5-060.stdout
 create mode 100644 research/p9-six-route/ash-inheritance-20260909/planner-v1/resource-requalification-v1/execution-1/v5/stock/v5-060.traces.jsonl.xz
 create mode 100644 research/p9-six-route/ash-inheritance-20260909/planner-v1/resource-requalification-v1/execution-1/v5/stock/v5-062.RECEIPT.json
 create mode 100644 research/p9-six-route/ash-inheritance-20260909/planner-v1/resource-requalification-v1/execution-1/v5/stock/v5-062.command.json
 create mode 100644 research/p9-six-route/ash-inheritance-20260909/planner-v1/resource-requalification-v1/execution-1/v5/stock/v5-062.config.json
 create mode 100644 research/p9-six-route/ash-inheritance-20260909/planner-v1/resource-requalification-v1/execution-1/v5/stock/v5-062.cpu.txt
 create mode 100644 research/p9-six-route/ash-inheritance-20260909/planner-v1/resource-requalification-v1/execution-1/v5/stock/v5-062.outcomes.jsonl.xz
 create mode 100644 research/p9-six-route/ash-inheritance-20260909/planner-v1/resource-requalification-v1/execution-1/v5/stock/v5-062.stderr
 create mode 100644 research/p9-six-route/ash-inheritance-20260909/planner-v1/resource-requalification-v1/execution-1/v5/stock/v5-062.stdout
 create mode 100644 research/p9-six-route/ash-inheritance-20260909/planner-v1/resource-requalification-v1/execution-1/v5/stock/v5-062.traces.jsonl.xz
[detached HEAD 9b0e2a3] research(p9): preserve fixed cache implementation v5 reserved-configuration-check group 5
 65 files changed, 640 insertions(+)
 create mode 100644 research/p9-six-route/ash-inheritance-20260909/planner-v1/resource-requalification-v1/execution-1/v5/planner/v5-064.RECEIPT.json
 create mode 100644 research/p9-six-route/ash-inheritance-20260909/planner-v1/resource-requalification-v1/execution-1/v5/planner/v5-064.command.json
 create mode 100644 research/p9-six-route/ash-inheritance-20260909/planner-v1/resource-requalification-v1/execution-1/v5/planner/v5-064.config.json
 create mode 100644 research/p9-six-route/ash-inheritance-20260909/planner-v1/resource-requalification-v1/execution-1/v5/planner/v5-064.cpu.txt
 create mode 100644 research/p9-six-route/ash-inheritance-20260909/planner-v1/resource-requalification-v1/execution-1/v5/planner/v5-064.outcomes.jsonl.xz
 create mode 100644 research/p9-six-route/ash-inheritance-20260909/planner-v1/resource-requalification-v1/execution-1/v5/planner/v5-064.stderr
 create mode 100644 research/p9-six-route/ash-inheritance-20260909/planner-v1/resource-requalification-v1/execution-1/v5/planner/v5-064.stdout
 create mode 100644 research/p9-six-route/ash-inheritance-20260909/planner-v1/resource-requalification-v1/execution-1/v5/planner/v5-064.traces.jsonl.xz
 create mode 100644 research/p9-six-route/ash-inheritance-20260909/planner-v1/resource-requalification-v1/execution-1/v5/planner/v5-066.RECEIPT.json
 create mode 100644 research/p9-six-route/ash-inheritance-20260909/planner-v1/resource-requalification-v1/execution-1/v5/planner/v5-066.command.json
 create mode 100644 research/p9-six-route/ash-inheritance-20260909/planner-v1/resource-requalification-v1/execution-1/v5/planner/v5-066.config.json
 create mode 100644 research/p9-six-route/ash-inheritance-20260909/planner-v1/resource-requalification-v1/execution-1/v5/planner/v5-066.cpu.txt
 create mode 100644 research/p9-six-route/ash-inheritance-20260909/planner-v1/resource-requalification-v1/execution-1/v5/planner/v5-066.outcomes.jsonl.xz
 create mode 100644 research/p9-six-route/ash-inheritance-20260909/planner-v1/resource-requalification-v1/execution-1/v5/planner/v5-066.stderr
 create mode 100644 research/p9-six-route/ash-inheritance-20260909/planner-v1/resource-requalification-v1/execution-1/v5/planner/v5-066.stdout
 create mode 100644 research/p9-six-route/ash-inheritance-20260909/planner-v1/resource-requalification-v1/execution-1/v5/planner/v5-066.traces.jsonl.xz
 create mode 100644 research/p9-six-route/ash-inheritance-20260909/planner-v1/resource-requalification-v1/execution-1/v5/planner/v5-068.RECEIPT.json
 create mode 100644 research/p9-six-route/ash-inheritance-20260909/planner-v1/resource-requalification-v1/execution-1/v5/planner/v5-068.command.json
 create mode 100644 research/p9-six-route/ash-inheritance-20260909/planner-v1/resource-requalification-v1/execution-1/v5/planner/v5-068.config.json
 create mode 100644 research/p9-six-route/ash-inheritance-20260909/planner-v1/resource-requalification-v1/execution-1/v5/planner/v5-068.cpu.txt
 create mode 100644 research/p9-six-route/ash-inheritance-20260909/planner-v1/resource-requalification-v1/execution-1/v5/planner/v5-068.outcomes.jsonl.xz
 create mode 100644 research/p9-six-route/ash-inheritance-20260909/planner-v1/resource-requalification-v1/execution-1/v5/planner/v5-068.stderr
 create mode 100644 research/p9-six-route/ash-inheritance-20260909/planner-v1/resource-requalification-v1/execution-1/v5/planner/v5-068.stdout
 create mode 100644 research/p9-six-route/ash-inheritance-20260909/planner-v1/resource-requalification-v1/execution-1/v5/planner/v5-068.traces.jsonl.xz
 create mode 100644 research/p9-six-route/ash-inheritance-20260909/planner-v1/resource-requalification-v1/execution-1/v5/planner/v5-070.RECEIPT.json
 create mode 100644 research/p9-six-route/ash-inheritance-20260909/planner-v1/resource-requalification-v1/execution-1/v5/planner/v5-070.command.json
 create mode 100644 research/p9-six-route/ash-inheritance-20260909/planner-v1/resource-requalification-v1/execution-1/v5/planner/v5-070.config.json
 create mode 100644 research/p9-six-route/ash-inheritance-20260909/planner-v1/resource-requalification-v1/execution-1/v5/planner/v5-070.cpu.txt
 create mode 100644 research/p9-six-route/ash-inheritance-20260909/planner-v1/resource-requalification-v1/execution-1/v5/planner/v5-070.outcomes.jsonl.xz
 create mode 100644 research/p9-six-route/ash-inheritance-20260909/planner-v1/resource-requalification-v1/execution-1/v5/planner/v5-070.stderr
 create mode 100644 research/p9-six-route/ash-inheritance-20260909/planner-v1/resource-requalification-v1/execution-1/v5/planner/v5-070.stdout
 create mode 100644 research/p9-six-route/ash-inheritance-20260909/planner-v1/resource-requalification-v1/execution-1/v5/planner/v5-070.traces.jsonl.xz
 create mode 100644 research/p9-six-route/ash-inheritance-20260909/planner-v1/resource-requalification-v1/execution-1/v5/stock/v5-064.RECEIPT.json
 create mode 100644 research/p9-six-route/ash-inheritance-20260909/planner-v1/resource-requalification-v1/execution-1/v5/stock/v5-064.command.json
 create mode 100644 research/p9-six-route/ash-inheritance-20260909/planner-v1/resource-requalification-v1/execution-1/v5/stock/v5-064.config.json
 create mode 100644 research/p9-six-route/ash-inheritance-20260909/planner-v1/resource-requalification-v1/execution-1/v5/stock/v5-064.cpu.txt
 create mode 100644 research/p9-six-route/ash-inheritance-20260909/planner-v1/resource-requalification-v1/execution-1/v5/stock/v5-064.outcomes.jsonl.xz
 create mode 100644 research/p9-six-route/ash-inheritance-20260909/planner-v1/resource-requalification-v1/execution-1/v5/stock/v5-064.stderr
 create mode 100644 research/p9-six-route/ash-inheritance-20260909/planner-v1/resource-requalification-v1/execution-1/v5/stock/v5-064.stdout
 create mode 100644 research/p9-six-route/ash-inheritance-20260909/planner-v1/resource-requalification-v1/execution-1/v5/stock/v5-064.traces.jsonl.xz
 create mode 100644 research/p9-six-route/ash-inheritance-20260909/planner-v1/resource-requalification-v1/execution-1/v5/stock/v5-066.RECEIPT.json
 create mode 100644 research/p9-six-route/ash-inheritance-20260909/planner-v1/resource-requalification-v1/execution-1/v5/stock/v5-066.command.json
 create mode 100644 research/p9-six-route/ash-inheritance-20260909/planner-v1/resource-requalification-v1/execution-1/v5/stock/v5-066.config.json
 create mode 100644 research/p9-six-route/ash-inheritance-20260909/planner-v1/resource-requalification-v1/execution-1/v5/stock/v5-066.cpu.txt
 create mode 100644 research/p9-six-route/ash-inheritance-20260909/planner-v1/resource-requalification-v1/execution-1/v5/stock/v5-066.outcomes.jsonl.xz
 create mode 100644 research/p9-six-route/ash-inheritance-20260909/planner-v1/resource-requalification-v1/execution-1/v5/stock/v5-066.stderr
 create mode 100644 research/p9-six-route/ash-inheritance-20260909/planner-v1/resource-requalification-v1/execution-1/v5/stock/v5-066.stdout
 create mode 100644 research/p9-six-route/ash-inheritance-20260909/planner-v1/resource-requalification-v1/execution-1/v5/stock/v5-066.traces.jsonl.xz
 create mode 100644 research/p9-six-route/ash-inheritance-20260909/planner-v1/resource-requalification-v1/execution-1/v5/stock/v5-068.RECEIPT.json
 create mode 100644 research/p9-six-route/ash-inheritance-20260909/planner-v1/resource-requalification-v1/execution-1/v5/stock/v5-068.command.json
 create mode 100644 research/p9-six-route/ash-inheritance-20260909/planner-v1/resource-requalification-v1/execution-1/v5/stock/v5-068.config.json
 create mode 100644 research/p9-six-route/ash-inheritance-20260909/planner-v1/resource-requalification-v1/execution-1/v5/stock/v5-068.cpu.txt
 create mode 100644 research/p9-six-route/ash-inheritance-20260909/planner-v1/resource-requalification-v1/execution-1/v5/stock/v5-068.outcomes.jsonl.xz
 create mode 100644 research/p9-six-route/ash-inheritance-20260909/planner-v1/resource-requalification-v1/execution-1/v5/stock/v5-068.stderr
 create mode 100644 research/p9-six-route/ash-inheritance-20260909/planner-v1/resource-requalification-v1/execution-1/v5/stock/v5-068.stdout
 create mode 100644 research/p9-six-route/ash-inheritance-20260909/planner-v1/resource-requalification-v1/execution-1/v5/stock/v5-068.traces.jsonl.xz
 create mode 100644 research/p9-six-route/ash-inheritance-20260909/planner-v1/resource-requalification-v1/execution-1/v5/stock/v5-070.RECEIPT.json
 create mode 100644 research/p9-six-route/ash-inheritance-20260909/planner-v1/resource-requalification-v1/execution-1/v5/stock/v5-070.command.json
 create mode 100644 research/p9-six-route/ash-inheritance-20260909/planner-v1/resource-requalification-v1/execution-1/v5/stock/v5-070.config.json
 create mode 100644 research/p9-six-route/ash-inheritance-20260909/planner-v1/resource-requalification-v1/execution-1/v5/stock/v5-070.cpu.txt
 create mode 100644 research/p9-six-route/ash-inheritance-20260909/planner-v1/resource-requalification-v1/execution-1/v5/stock/v5-070.outcomes.jsonl.xz
 create mode 100644 research/p9-six-route/ash-inheritance-20260909/planner-v1/resource-requalification-v1/execution-1/v5/stock/v5-070.stderr
 create mode 100644 research/p9-six-route/ash-inheritance-20260909/planner-v1/resource-requalification-v1/execution-1/v5/stock/v5-070.stdout
 create mode 100644 research/p9-six-route/ash-inheritance-20260909/planner-v1/resource-requalification-v1/execution-1/v5/stock/v5-070.traces.jsonl.xz
[detached HEAD 047e64c] research(p9): preserve fixed cache implementation v5 reserved-configuration-check group 6
 65 files changed, 640 insertions(+)
 create mode 100644 research/p9-six-route/ash-inheritance-20260909/planner-v1/resource-requalification-v1/execution-1/v5/planner/v5-072.RECEIPT.json
 create mode 100644 research/p9-six-route/ash-inheritance-20260909/planner-v1/resource-requalification-v1/execution-1/v5/planner/v5-072.command.json
 create mode 100644 research/p9-six-route/ash-inheritance-20260909/planner-v1/resource-requalification-v1/execution-1/v5/planner/v5-072.config.json
 create mode 100644 research/p9-six-route/ash-inheritance-20260909/planner-v1/resource-requalification-v1/execution-1/v5/planner/v5-072.cpu.txt
 create mode 100644 research/p9-six-route/ash-inheritance-20260909/planner-v1/resource-requalification-v1/execution-1/v5/planner/v5-072.outcomes.jsonl.xz
 create mode 100644 research/p9-six-route/ash-inheritance-20260909/planner-v1/resource-requalification-v1/execution-1/v5/planner/v5-072.stderr
 create mode 100644 research/p9-six-route/ash-inheritance-20260909/planner-v1/resource-requalification-v1/execution-1/v5/planner/v5-072.stdout
 create mode 100644 research/p9-six-route/ash-inheritance-20260909/planner-v1/resource-requalification-v1/execution-1/v5/planner/v5-072.traces.jsonl.xz
 create mode 100644 research/p9-six-route/ash-inheritance-20260909/planner-v1/resource-requalification-v1/execution-1/v5/planner/v5-074.RECEIPT.json
 create mode 100644 research/p9-six-route/ash-inheritance-20260909/planner-v1/resource-requalification-v1/execution-1/v5/planner/v5-074.command.json
 create mode 100644 research/p9-six-route/ash-inheritance-20260909/planner-v1/resource-requalification-v1/execution-1/v5/planner/v5-074.config.json
 create mode 100644 research/p9-six-route/ash-inheritance-20260909/planner-v1/resource-requalification-v1/execution-1/v5/planner/v5-074.cpu.txt
 create mode 100644 research/p9-six-route/ash-inheritance-20260909/planner-v1/resource-requalification-v1/execution-1/v5/planner/v5-074.outcomes.jsonl.xz
 create mode 100644 research/p9-six-route/ash-inheritance-20260909/planner-v1/resource-requalification-v1/execution-1/v5/planner/v5-074.stderr
 create mode 100644 research/p9-six-route/ash-inheritance-20260909/planner-v1/resource-requalification-v1/execution-1/v5/planner/v5-074.stdout
 create mode 100644 research/p9-six-route/ash-inheritance-20260909/planner-v1/resource-requalification-v1/execution-1/v5/planner/v5-074.traces.jsonl.xz
 create mode 100644 research/p9-six-route/ash-inheritance-20260909/planner-v1/resource-requalification-v1/execution-1/v5/planner/v5-076.RECEIPT.json
 create mode 100644 research/p9-six-route/ash-inheritance-20260909/planner-v1/resource-requalification-v1/execution-1/v5/planner/v5-076.command.json
 create mode 100644 research/p9-six-route/ash-inheritance-20260909/planner-v1/resource-requalification-v1/execution-1/v5/planner/v5-076.config.json
 create mode 100644 research/p9-six-route/ash-inheritance-20260909/planner-v1/resource-requalification-v1/execution-1/v5/planner/v5-076.cpu.txt
 create mode 100644 research/p9-six-route/ash-inheritance-20260909/planner-v1/resource-requalification-v1/execution-1/v5/planner/v5-076.outcomes.jsonl.xz
 create mode 100644 research/p9-six-route/ash-inheritance-20260909/planner-v1/resource-requalification-v1/execution-1/v5/planner/v5-076.stderr
 create mode 100644 research/p9-six-route/ash-inheritance-20260909/planner-v1/resource-requalification-v1/execution-1/v5/planner/v5-076.stdout
 create mode 100644 research/p9-six-route/ash-inheritance-20260909/planner-v1/resource-requalification-v1/execution-1/v5/planner/v5-076.traces.jsonl.xz
 create mode 100644 research/p9-six-route/ash-inheritance-20260909/planner-v1/resource-requalification-v1/execution-1/v5/planner/v5-078.RECEIPT.json
 create mode 100644 research/p9-six-route/ash-inheritance-20260909/planner-v1/resource-requalification-v1/execution-1/v5/planner/v5-078.command.json
 create mode 100644 research/p9-six-route/ash-inheritance-20260909/planner-v1/resource-requalification-v1/execution-1/v5/planner/v5-078.config.json
 create mode 100644 research/p9-six-route/ash-inheritance-20260909/planner-v1/resource-requalification-v1/execution-1/v5/planner/v5-078.cpu.txt
 create mode 100644 research/p9-six-route/ash-inheritance-20260909/planner-v1/resource-requalification-v1/execution-1/v5/planner/v5-078.outcomes.jsonl.xz
 create mode 100644 research/p9-six-route/ash-inheritance-20260909/planner-v1/resource-requalification-v1/execution-1/v5/planner/v5-078.stderr
 create mode 100644 research/p9-six-route/ash-inheritance-20260909/planner-v1/resource-requalification-v1/execution-1/v5/planner/v5-078.stdout
 create mode 100644 research/p9-six-route/ash-inheritance-20260909/planner-v1/resource-requalification-v1/execution-1/v5/planner/v5-078.traces.jsonl.xz
 create mode 100644 research/p9-six-route/ash-inheritance-20260909/planner-v1/resource-requalification-v1/execution-1/v5/stock/v5-072.RECEIPT.json
 create mode 100644 research/p9-six-route/ash-inheritance-20260909/planner-v1/resource-requalification-v1/execution-1/v5/stock/v5-072.command.json
 create mode 100644 research/p9-six-route/ash-inheritance-20260909/planner-v1/resource-requalification-v1/execution-1/v5/stock/v5-072.config.json
 create mode 100644 research/p9-six-route/ash-inheritance-20260909/planner-v1/resource-requalification-v1/execution-1/v5/stock/v5-072.cpu.txt
 create mode 100644 research/p9-six-route/ash-inheritance-20260909/planner-v1/resource-requalification-v1/execution-1/v5/stock/v5-072.outcomes.jsonl.xz
 create mode 100644 research/p9-six-route/ash-inheritance-20260909/planner-v1/resource-requalification-v1/execution-1/v5/stock/v5-072.stderr
 create mode 100644 research/p9-six-route/ash-inheritance-20260909/planner-v1/resource-requalification-v1/execution-1/v5/stock/v5-072.stdout
 create mode 100644 research/p9-six-route/ash-inheritance-20260909/planner-v1/resource-requalification-v1/execution-1/v5/stock/v5-072.traces.jsonl.xz
 create mode 100644 research/p9-six-route/ash-inheritance-20260909/planner-v1/resource-requalification-v1/execution-1/v5/stock/v5-074.RECEIPT.json
 create mode 100644 research/p9-six-route/ash-inheritance-20260909/planner-v1/resource-requalification-v1/execution-1/v5/stock/v5-074.command.json
 create mode 100644 research/p9-six-route/ash-inheritance-20260909/planner-v1/resource-requalification-v1/execution-1/v5/stock/v5-074.config.json
 create mode 100644 research/p9-six-route/ash-inheritance-20260909/planner-v1/resource-requalification-v1/execution-1/v5/stock/v5-074.cpu.txt
 create mode 100644 research/p9-six-route/ash-inheritance-20260909/planner-v1/resource-requalification-v1/execution-1/v5/stock/v5-074.outcomes.jsonl.xz
 create mode 100644 research/p9-six-route/ash-inheritance-20260909/planner-v1/resource-requalification-v1/execution-1/v5/stock/v5-074.stderr
 create mode 100644 research/p9-six-route/ash-inheritance-20260909/planner-v1/resource-requalification-v1/execution-1/v5/stock/v5-074.stdout
 create mode 100644 research/p9-six-route/ash-inheritance-20260909/planner-v1/resource-requalification-v1/execution-1/v5/stock/v5-074.traces.jsonl.xz
 create mode 100644 research/p9-six-route/ash-inheritance-20260909/planner-v1/resource-requalification-v1/execution-1/v5/stock/v5-076.RECEIPT.json
 create mode 100644 research/p9-six-route/ash-inheritance-20260909/planner-v1/resource-requalification-v1/execution-1/v5/stock/v5-076.command.json
 create mode 100644 research/p9-six-route/ash-inheritance-20260909/planner-v1/resource-requalification-v1/execution-1/v5/stock/v5-076.config.json
 create mode 100644 research/p9-six-route/ash-inheritance-20260909/planner-v1/resource-requalification-v1/execution-1/v5/stock/v5-076.cpu.txt
 create mode 100644 research/p9-six-route/ash-inheritance-20260909/planner-v1/resource-requalification-v1/execution-1/v5/stock/v5-076.outcomes.jsonl.xz
 create mode 100644 research/p9-six-route/ash-inheritance-20260909/planner-v1/resource-requalification-v1/execution-1/v5/stock/v5-076.stderr
 create mode 100644 research/p9-six-route/ash-inheritance-20260909/planner-v1/resource-requalification-v1/execution-1/v5/stock/v5-076.stdout
 create mode 100644 research/p9-six-route/ash-inheritance-20260909/planner-v1/resource-requalification-v1/execution-1/v5/stock/v5-076.traces.jsonl.xz
 create mode 100644 research/p9-six-route/ash-inheritance-20260909/planner-v1/resource-requalification-v1/execution-1/v5/stock/v5-078.RECEIPT.json
 create mode 100644 research/p9-six-route/ash-inheritance-20260909/planner-v1/resource-requalification-v1/execution-1/v5/stock/v5-078.command.json
 create mode 100644 research/p9-six-route/ash-inheritance-20260909/planner-v1/resource-requalification-v1/execution-1/v5/stock/v5-078.config.json
 create mode 100644 research/p9-six-route/ash-inheritance-20260909/planner-v1/resource-requalification-v1/execution-1/v5/stock/v5-078.cpu.txt
 create mode 100644 research/p9-six-route/ash-inheritance-20260909/planner-v1/resource-requalification-v1/execution-1/v5/stock/v5-078.outcomes.jsonl.xz
 create mode 100644 research/p9-six-route/ash-inheritance-20260909/planner-v1/resource-requalification-v1/execution-1/v5/stock/v5-078.stderr
 create mode 100644 research/p9-six-route/ash-inheritance-20260909/planner-v1/resource-requalification-v1/execution-1/v5/stock/v5-078.stdout
 create mode 100644 research/p9-six-route/ash-inheritance-20260909/planner-v1/resource-requalification-v1/execution-1/v5/stock/v5-078.traces.jsonl.xz
[detached HEAD 08c1da7] research(p9): preserve fixed cache implementation v5 reserved-configuration-check group 7
 65 files changed, 640 insertions(+)
 create mode 100644 research/p9-six-route/ash-inheritance-20260909/planner-v1/resource-requalification-v1/execution-1/v5/planner/v5-080.RECEIPT.json
 create mode 100644 research/p9-six-route/ash-inheritance-20260909/planner-v1/resource-requalification-v1/execution-1/v5/planner/v5-080.command.json
 create mode 100644 research/p9-six-route/ash-inheritance-20260909/planner-v1/resource-requalification-v1/execution-1/v5/planner/v5-080.config.json
 create mode 100644 research/p9-six-route/ash-inheritance-20260909/planner-v1/resource-requalification-v1/execution-1/v5/planner/v5-080.cpu.txt
 create mode 100644 research/p9-six-route/ash-inheritance-20260909/planner-v1/resource-requalification-v1/execution-1/v5/planner/v5-080.outcomes.jsonl.xz
 create mode 100644 research/p9-six-route/ash-inheritance-20260909/planner-v1/resource-requalification-v1/execution-1/v5/planner/v5-080.stderr
 create mode 100644 research/p9-six-route/ash-inheritance-20260909/planner-v1/resource-requalification-v1/execution-1/v5/planner/v5-080.stdout
 create mode 100644 research/p9-six-route/ash-inheritance-20260909/planner-v1/resource-requalification-v1/execution-1/v5/planner/v5-080.traces.jsonl.xz
 create mode 100644 research/p9-six-route/ash-inheritance-20260909/planner-v1/resource-requalification-v1/execution-1/v5/planner/v5-082.RECEIPT.json
 create mode 100644 research/p9-six-route/ash-inheritance-20260909/planner-v1/resource-requalification-v1/execution-1/v5/planner/v5-082.command.json
 create mode 100644 research/p9-six-route/ash-inheritance-20260909/planner-v1/resource-requalification-v1/execution-1/v5/planner/v5-082.config.json
 create mode 100644 research/p9-six-route/ash-inheritance-20260909/planner-v1/resource-requalification-v1/execution-1/v5/planner/v5-082.cpu.txt
 create mode 100644 research/p9-six-route/ash-inheritance-20260909/planner-v1/resource-requalification-v1/execution-1/v5/planner/v5-082.outcomes.jsonl.xz
 create mode 100644 research/p9-six-route/ash-inheritance-20260909/planner-v1/resource-requalification-v1/execution-1/v5/planner/v5-082.stderr
 create mode 100644 research/p9-six-route/ash-inheritance-20260909/planner-v1/resource-requalification-v1/execution-1/v5/planner/v5-082.stdout
 create mode 100644 research/p9-six-route/ash-inheritance-20260909/planner-v1/resource-requalification-v1/execution-1/v5/planner/v5-082.traces.jsonl.xz
 create mode 100644 research/p9-six-route/ash-inheritance-20260909/planner-v1/resource-requalification-v1/execution-1/v5/planner/v5-084.RECEIPT.json
 create mode 100644 research/p9-six-route/ash-inheritance-20260909/planner-v1/resource-requalification-v1/execution-1/v5/planner/v5-084.command.json
 create mode 100644 research/p9-six-route/ash-inheritance-20260909/planner-v1/resource-requalification-v1/execution-1/v5/planner/v5-084.config.json
 create mode 100644 research/p9-six-route/ash-inheritance-20260909/planner-v1/resource-requalification-v1/execution-1/v5/planner/v5-084.cpu.txt
 create mode 100644 research/p9-six-route/ash-inheritance-20260909/planner-v1/resource-requalification-v1/execution-1/v5/planner/v5-084.outcomes.jsonl.xz
 create mode 100644 research/p9-six-route/ash-inheritance-20260909/planner-v1/resource-requalification-v1/execution-1/v5/planner/v5-084.stderr
 create mode 100644 research/p9-six-route/ash-inheritance-20260909/planner-v1/resource-requalification-v1/execution-1/v5/planner/v5-084.stdout
 create mode 100644 research/p9-six-route/ash-inheritance-20260909/planner-v1/resource-requalification-v1/execution-1/v5/planner/v5-084.traces.jsonl.xz
 create mode 100644 research/p9-six-route/ash-inheritance-20260909/planner-v1/resource-requalification-v1/execution-1/v5/planner/v5-086.RECEIPT.json
 create mode 100644 research/p9-six-route/ash-inheritance-20260909/planner-v1/resource-requalification-v1/execution-1/v5/planner/v5-086.command.json
 create mode 100644 research/p9-six-route/ash-inheritance-20260909/planner-v1/resource-requalification-v1/execution-1/v5/planner/v5-086.config.json
 create mode 100644 research/p9-six-route/ash-inheritance-20260909/planner-v1/resource-requalification-v1/execution-1/v5/planner/v5-086.cpu.txt
 create mode 100644 research/p9-six-route/ash-inheritance-20260909/planner-v1/resource-requalification-v1/execution-1/v5/planner/v5-086.outcomes.jsonl.xz
 create mode 100644 research/p9-six-route/ash-inheritance-20260909/planner-v1/resource-requalification-v1/execution-1/v5/planner/v5-086.stderr
 create mode 100644 research/p9-six-route/ash-inheritance-20260909/planner-v1/resource-requalification-v1/execution-1/v5/planner/v5-086.stdout
 create mode 100644 research/p9-six-route/ash-inheritance-20260909/planner-v1/resource-requalification-v1/execution-1/v5/planner/v5-086.traces.jsonl.xz
 create mode 100644 research/p9-six-route/ash-inheritance-20260909/planner-v1/resource-requalification-v1/execution-1/v5/stock/v5-080.RECEIPT.json
 create mode 100644 research/p9-six-route/ash-inheritance-20260909/planner-v1/resource-requalification-v1/execution-1/v5/stock/v5-080.command.json
 create mode 100644 research/p9-six-route/ash-inheritance-20260909/planner-v1/resource-requalification-v1/execution-1/v5/stock/v5-080.config.json
 create mode 100644 research/p9-six-route/ash-inheritance-20260909/planner-v1/resource-requalification-v1/execution-1/v5/stock/v5-080.cpu.txt
 create mode 100644 research/p9-six-route/ash-inheritance-20260909/planner-v1/resource-requalification-v1/execution-1/v5/stock/v5-080.outcomes.jsonl.xz
 create mode 100644 research/p9-six-route/ash-inheritance-20260909/planner-v1/resource-requalification-v1/execution-1/v5/stock/v5-080.stderr
 create mode 100644 research/p9-six-route/ash-inheritance-20260909/planner-v1/resource-requalification-v1/execution-1/v5/stock/v5-080.stdout
 create mode 100644 research/p9-six-route/ash-inheritance-20260909/planner-v1/resource-requalification-v1/execution-1/v5/stock/v5-080.traces.jsonl.xz
 create mode 100644 research/p9-six-route/ash-inheritance-20260909/planner-v1/resource-requalification-v1/execution-1/v5/stock/v5-082.RECEIPT.json
 create mode 100644 research/p9-six-route/ash-inheritance-20260909/planner-v1/resource-requalification-v1/execution-1/v5/stock/v5-082.command.json
 create mode 100644 research/p9-six-route/ash-inheritance-20260909/planner-v1/resource-requalification-v1/execution-1/v5/stock/v5-082.config.json
 create mode 100644 research/p9-six-route/ash-inheritance-20260909/planner-v1/resource-requalification-v1/execution-1/v5/stock/v5-082.cpu.txt
 create mode 100644 research/p9-six-route/ash-inheritance-20260909/planner-v1/resource-requalification-v1/execution-1/v5/stock/v5-082.outcomes.jsonl.xz
 create mode 100644 research/p9-six-route/ash-inheritance-20260909/planner-v1/resource-requalification-v1/execution-1/v5/stock/v5-082.stderr
 create mode 100644 research/p9-six-route/ash-inheritance-20260909/planner-v1/resource-requalification-v1/execution-1/v5/stock/v5-082.stdout
 create mode 100644 research/p9-six-route/ash-inheritance-20260909/planner-v1/resource-requalification-v1/execution-1/v5/stock/v5-082.traces.jsonl.xz
 create mode 100644 research/p9-six-route/ash-inheritance-20260909/planner-v1/resource-requalification-v1/execution-1/v5/stock/v5-084.RECEIPT.json
 create mode 100644 research/p9-six-route/ash-inheritance-20260909/planner-v1/resource-requalification-v1/execution-1/v5/stock/v5-084.command.json
 create mode 100644 research/p9-six-route/ash-inheritance-20260909/planner-v1/resource-requalification-v1/execution-1/v5/stock/v5-084.config.json
 create mode 100644 research/p9-six-route/ash-inheritance-20260909/planner-v1/resource-requalification-v1/execution-1/v5/stock/v5-084.cpu.txt
 create mode 100644 research/p9-six-route/ash-inheritance-20260909/planner-v1/resource-requalification-v1/execution-1/v5/stock/v5-084.outcomes.jsonl.xz
 create mode 100644 research/p9-six-route/ash-inheritance-20260909/planner-v1/resource-requalification-v1/execution-1/v5/stock/v5-084.stderr
 create mode 100644 research/p9-six-route/ash-inheritance-20260909/planner-v1/resource-requalification-v1/execution-1/v5/stock/v5-084.stdout
 create mode 100644 research/p9-six-route/ash-inheritance-20260909/planner-v1/resource-requalification-v1/execution-1/v5/stock/v5-084.traces.jsonl.xz
 create mode 100644 research/p9-six-route/ash-inheritance-20260909/planner-v1/resource-requalification-v1/execution-1/v5/stock/v5-086.RECEIPT.json
 create mode 100644 research/p9-six-route/ash-inheritance-20260909/planner-v1/resource-requalification-v1/execution-1/v5/stock/v5-086.command.json
 create mode 100644 research/p9-six-route/ash-inheritance-20260909/planner-v1/resource-requalification-v1/execution-1/v5/stock/v5-086.config.json
 create mode 100644 research/p9-six-route/ash-inheritance-20260909/planner-v1/resource-requalification-v1/execution-1/v5/stock/v5-086.cpu.txt
 create mode 100644 research/p9-six-route/ash-inheritance-20260909/planner-v1/resource-requalification-v1/execution-1/v5/stock/v5-086.outcomes.jsonl.xz
 create mode 100644 research/p9-six-route/ash-inheritance-20260909/planner-v1/resource-requalification-v1/execution-1/v5/stock/v5-086.stderr
 create mode 100644 research/p9-six-route/ash-inheritance-20260909/planner-v1/resource-requalification-v1/execution-1/v5/stock/v5-086.stdout
 create mode 100644 research/p9-six-route/ash-inheritance-20260909/planner-v1/resource-requalification-v1/execution-1/v5/stock/v5-086.traces.jsonl.xz
[detached HEAD c540c5e] research(p9): preserve fixed cache implementation v5 reserved-configuration-check group 8
 65 files changed, 640 insertions(+)
 create mode 100644 research/p9-six-route/ash-inheritance-20260909/planner-v1/resource-requalification-v1/execution-1/v5/planner/v5-088.RECEIPT.json
 create mode 100644 research/p9-six-route/ash-inheritance-20260909/planner-v1/resource-requalification-v1/execution-1/v5/planner/v5-088.command.json
 create mode 100644 research/p9-six-route/ash-inheritance-20260909/planner-v1/resource-requalification-v1/execution-1/v5/planner/v5-088.config.json
 create mode 100644 research/p9-six-route/ash-inheritance-20260909/planner-v1/resource-requalification-v1/execution-1/v5/planner/v5-088.cpu.txt
 create mode 100644 research/p9-six-route/ash-inheritance-20260909/planner-v1/resource-requalification-v1/execution-1/v5/planner/v5-088.outcomes.jsonl.xz
 create mode 100644 research/p9-six-route/ash-inheritance-20260909/planner-v1/resource-requalification-v1/execution-1/v5/planner/v5-088.stderr
 create mode 100644 research/p9-six-route/ash-inheritance-20260909/planner-v1/resource-requalification-v1/execution-1/v5/planner/v5-088.stdout
 create mode 100644 research/p9-six-route/ash-inheritance-20260909/planner-v1/resource-requalification-v1/execution-1/v5/planner/v5-088.traces.jsonl.xz
 create mode 100644 research/p9-six-route/ash-inheritance-20260909/planner-v1/resource-requalification-v1/execution-1/v5/planner/v5-090.RECEIPT.json
 create mode 100644 research/p9-six-route/ash-inheritance-20260909/planner-v1/resource-requalification-v1/execution-1/v5/planner/v5-090.command.json
 create mode 100644 research/p9-six-route/ash-inheritance-20260909/planner-v1/resource-requalification-v1/execution-1/v5/planner/v5-090.config.json
 create mode 100644 research/p9-six-route/ash-inheritance-20260909/planner-v1/resource-requalification-v1/execution-1/v5/planner/v5-090.cpu.txt
 create mode 100644 research/p9-six-route/ash-inheritance-20260909/planner-v1/resource-requalification-v1/execution-1/v5/planner/v5-090.outcomes.jsonl.xz
 create mode 100644 research/p9-six-route/ash-inheritance-20260909/planner-v1/resource-requalification-v1/execution-1/v5/planner/v5-090.stderr
 create mode 100644 research/p9-six-route/ash-inheritance-20260909/planner-v1/resource-requalification-v1/execution-1/v5/planner/v5-090.stdout
 create mode 100644 research/p9-six-route/ash-inheritance-20260909/planner-v1/resource-requalification-v1/execution-1/v5/planner/v5-090.traces.jsonl.xz
 create mode 100644 research/p9-six-route/ash-inheritance-20260909/planner-v1/resource-requalification-v1/execution-1/v5/planner/v5-092.RECEIPT.json
 create mode 100644 research/p9-six-route/ash-inheritance-20260909/planner-v1/resource-requalification-v1/execution-1/v5/planner/v5-092.command.json
 create mode 100644 research/p9-six-route/ash-inheritance-20260909/planner-v1/resource-requalification-v1/execution-1/v5/planner/v5-092.config.json
 create mode 100644 research/p9-six-route/ash-inheritance-20260909/planner-v1/resource-requalification-v1/execution-1/v5/planner/v5-092.cpu.txt
 create mode 100644 research/p9-six-route/ash-inheritance-20260909/planner-v1/resource-requalification-v1/execution-1/v5/planner/v5-092.outcomes.jsonl.xz
 create mode 100644 research/p9-six-route/ash-inheritance-20260909/planner-v1/resource-requalification-v1/execution-1/v5/planner/v5-092.stderr
 create mode 100644 research/p9-six-route/ash-inheritance-20260909/planner-v1/resource-requalification-v1/execution-1/v5/planner/v5-092.stdout
 create mode 100644 research/p9-six-route/ash-inheritance-20260909/planner-v1/resource-requalification-v1/execution-1/v5/planner/v5-092.traces.jsonl.xz
 create mode 100644 research/p9-six-route/ash-inheritance-20260909/planner-v1/resource-requalification-v1/execution-1/v5/planner/v5-094.RECEIPT.json
 create mode 100644 research/p9-six-route/ash-inheritance-20260909/planner-v1/resource-requalification-v1/execution-1/v5/planner/v5-094.command.json
 create mode 100644 research/p9-six-route/ash-inheritance-20260909/planner-v1/resource-requalification-v1/execution-1/v5/planner/v5-094.config.json
 create mode 100644 research/p9-six-route/ash-inheritance-20260909/planner-v1/resource-requalification-v1/execution-1/v5/planner/v5-094.cpu.txt
 create mode 100644 research/p9-six-route/ash-inheritance-20260909/planner-v1/resource-requalification-v1/execution-1/v5/planner/v5-094.outcomes.jsonl.xz
 create mode 100644 research/p9-six-route/ash-inheritance-20260909/planner-v1/resource-requalification-v1/execution-1/v5/planner/v5-094.stderr
 create mode 100644 research/p9-six-route/ash-inheritance-20260909/planner-v1/resource-requalification-v1/execution-1/v5/planner/v5-094.stdout
 create mode 100644 research/p9-six-route/ash-inheritance-20260909/planner-v1/resource-requalification-v1/execution-1/v5/planner/v5-094.traces.jsonl.xz
 create mode 100644 research/p9-six-route/ash-inheritance-20260909/planner-v1/resource-requalification-v1/execution-1/v5/stock/v5-088.RECEIPT.json
 create mode 100644 research/p9-six-route/ash-inheritance-20260909/planner-v1/resource-requalification-v1/execution-1/v5/stock/v5-088.command.json
 create mode 100644 research/p9-six-route/ash-inheritance-20260909/planner-v1/resource-requalification-v1/execution-1/v5/stock/v5-088.config.json
 create mode 100644 research/p9-six-route/ash-inheritance-20260909/planner-v1/resource-requalification-v1/execution-1/v5/stock/v5-088.cpu.txt
 create mode 100644 research/p9-six-route/ash-inheritance-20260909/planner-v1/resource-requalification-v1/execution-1/v5/stock/v5-088.outcomes.jsonl.xz
 create mode 100644 research/p9-six-route/ash-inheritance-20260909/planner-v1/resource-requalification-v1/execution-1/v5/stock/v5-088.stderr
 create mode 100644 research/p9-six-route/ash-inheritance-20260909/planner-v1/resource-requalification-v1/execution-1/v5/stock/v5-088.stdout
 create mode 100644 research/p9-six-route/ash-inheritance-20260909/planner-v1/resource-requalification-v1/execution-1/v5/stock/v5-088.traces.jsonl.xz
 create mode 100644 research/p9-six-route/ash-inheritance-20260909/planner-v1/resource-requalification-v1/execution-1/v5/stock/v5-090.RECEIPT.json
 create mode 100644 research/p9-six-route/ash-inheritance-20260909/planner-v1/resource-requalification-v1/execution-1/v5/stock/v5-090.command.json
 create mode 100644 research/p9-six-route/ash-inheritance-20260909/planner-v1/resource-requalification-v1/execution-1/v5/stock/v5-090.config.json
 create mode 100644 research/p9-six-route/ash-inheritance-20260909/planner-v1/resource-requalification-v1/execution-1/v5/stock/v5-090.cpu.txt
 create mode 100644 research/p9-six-route/ash-inheritance-20260909/planner-v1/resource-requalification-v1/execution-1/v5/stock/v5-090.outcomes.jsonl.xz
 create mode 100644 research/p9-six-route/ash-inheritance-20260909/planner-v1/resource-requalification-v1/execution-1/v5/stock/v5-090.stderr
 create mode 100644 research/p9-six-route/ash-inheritance-20260909/planner-v1/resource-requalification-v1/execution-1/v5/stock/v5-090.stdout
 create mode 100644 research/p9-six-route/ash-inheritance-20260909/planner-v1/resource-requalification-v1/execution-1/v5/stock/v5-090.traces.jsonl.xz
 create mode 100644 research/p9-six-route/ash-inheritance-20260909/planner-v1/resource-requalification-v1/execution-1/v5/stock/v5-092.RECEIPT.json
 create mode 100644 research/p9-six-route/ash-inheritance-20260909/planner-v1/resource-requalification-v1/execution-1/v5/stock/v5-092.command.json
 create mode 100644 research/p9-six-route/ash-inheritance-20260909/planner-v1/resource-requalification-v1/execution-1/v5/stock/v5-092.config.json
 create mode 100644 research/p9-six-route/ash-inheritance-20260909/planner-v1/resource-requalification-v1/execution-1/v5/stock/v5-092.cpu.txt
 create mode 100644 research/p9-six-route/ash-inheritance-20260909/planner-v1/resource-requalification-v1/execution-1/v5/stock/v5-092.outcomes.jsonl.xz
 create mode 100644 research/p9-six-route/ash-inheritance-20260909/planner-v1/resource-requalification-v1/execution-1/v5/stock/v5-092.stderr
 create mode 100644 research/p9-six-route/ash-inheritance-20260909/planner-v1/resource-requalification-v1/execution-1/v5/stock/v5-092.stdout
 create mode 100644 research/p9-six-route/ash-inheritance-20260909/planner-v1/resource-requalification-v1/execution-1/v5/stock/v5-092.traces.jsonl.xz
 create mode 100644 research/p9-six-route/ash-inheritance-20260909/planner-v1/resource-requalification-v1/execution-1/v5/stock/v5-094.RECEIPT.json
 create mode 100644 research/p9-six-route/ash-inheritance-20260909/planner-v1/resource-requalification-v1/execution-1/v5/stock/v5-094.command.json
 create mode 100644 research/p9-six-route/ash-inheritance-20260909/planner-v1/resource-requalification-v1/execution-1/v5/stock/v5-094.config.json
 create mode 100644 research/p9-six-route/ash-inheritance-20260909/planner-v1/resource-requalification-v1/execution-1/v5/stock/v5-094.cpu.txt
 create mode 100644 research/p9-six-route/ash-inheritance-20260909/planner-v1/resource-requalification-v1/execution-1/v5/stock/v5-094.outcomes.jsonl.xz
 create mode 100644 research/p9-six-route/ash-inheritance-20260909/planner-v1/resource-requalification-v1/execution-1/v5/stock/v5-094.stderr
 create mode 100644 research/p9-six-route/ash-inheritance-20260909/planner-v1/resource-requalification-v1/execution-1/v5/stock/v5-094.stdout
 create mode 100644 research/p9-six-route/ash-inheritance-20260909/planner-v1/resource-requalification-v1/execution-1/v5/stock/v5-094.traces.jsonl.xz
[detached HEAD 11870ab] research(p9): preserve fixed cache implementation v5 reserved-configuration-check group 9
 65 files changed, 640 insertions(+)
 create mode 100644 research/p9-six-route/ash-inheritance-20260909/planner-v1/resource-requalification-v1/execution-1/v5/planner/v5-096.RECEIPT.json
 create mode 100644 research/p9-six-route/ash-inheritance-20260909/planner-v1/resource-requalification-v1/execution-1/v5/planner/v5-096.command.json
 create mode 100644 research/p9-six-route/ash-inheritance-20260909/planner-v1/resource-requalification-v1/execution-1/v5/planner/v5-096.config.json
 create mode 100644 research/p9-six-route/ash-inheritance-20260909/planner-v1/resource-requalification-v1/execution-1/v5/planner/v5-096.cpu.txt
 create mode 100644 research/p9-six-route/ash-inheritance-20260909/planner-v1/resource-requalification-v1/execution-1/v5/planner/v5-096.outcomes.jsonl.xz
 create mode 100644 research/p9-six-route/ash-inheritance-20260909/planner-v1/resource-requalification-v1/execution-1/v5/planner/v5-096.stderr
 create mode 100644 research/p9-six-route/ash-inheritance-20260909/planner-v1/resource-requalification-v1/execution-1/v5/planner/v5-096.stdout
 create mode 100644 research/p9-six-route/ash-inheritance-20260909/planner-v1/resource-requalification-v1/execution-1/v5/planner/v5-096.traces.jsonl.xz
 create mode 100644 research/p9-six-route/ash-inheritance-20260909/planner-v1/resource-requalification-v1/execution-1/v5/planner/v5-098.RECEIPT.json
 create mode 100644 research/p9-six-route/ash-inheritance-20260909/planner-v1/resource-requalification-v1/execution-1/v5/planner/v5-098.command.json
 create mode 100644 research/p9-six-route/ash-inheritance-20260909/planner-v1/resource-requalification-v1/execution-1/v5/planner/v5-098.config.json
 create mode 100644 research/p9-six-route/ash-inheritance-20260909/planner-v1/resource-requalification-v1/execution-1/v5/planner/v5-098.cpu.txt
 create mode 100644 research/p9-six-route/ash-inheritance-20260909/planner-v1/resource-requalification-v1/execution-1/v5/planner/v5-098.outcomes.jsonl.xz
 create mode 100644 research/p9-six-route/ash-inheritance-20260909/planner-v1/resource-requalification-v1/execution-1/v5/planner/v5-098.stderr
 create mode 100644 research/p9-six-route/ash-inheritance-20260909/planner-v1/resource-requalification-v1/execution-1/v5/planner/v5-098.stdout
 create mode 100644 research/p9-six-route/ash-inheritance-20260909/planner-v1/resource-requalification-v1/execution-1/v5/planner/v5-098.traces.jsonl.xz
 create mode 100644 research/p9-six-route/ash-inheritance-20260909/planner-v1/resource-requalification-v1/execution-1/v5/planner/v5-100.RECEIPT.json
 create mode 100644 research/p9-six-route/ash-inheritance-20260909/planner-v1/resource-requalification-v1/execution-1/v5/planner/v5-100.command.json
 create mode 100644 research/p9-six-route/ash-inheritance-20260909/planner-v1/resource-requalification-v1/execution-1/v5/planner/v5-100.config.json
 create mode 100644 research/p9-six-route/ash-inheritance-20260909/planner-v1/resource-requalification-v1/execution-1/v5/planner/v5-100.cpu.txt
 create mode 100644 research/p9-six-route/ash-inheritance-20260909/planner-v1/resource-requalification-v1/execution-1/v5/planner/v5-100.outcomes.jsonl.xz
 create mode 100644 research/p9-six-route/ash-inheritance-20260909/planner-v1/resource-requalification-v1/execution-1/v5/planner/v5-100.stderr
 create mode 100644 research/p9-six-route/ash-inheritance-20260909/planner-v1/resource-requalification-v1/execution-1/v5/planner/v5-100.stdout
 create mode 100644 research/p9-six-route/ash-inheritance-20260909/planner-v1/resource-requalification-v1/execution-1/v5/planner/v5-100.traces.jsonl.xz
 create mode 100644 research/p9-six-route/ash-inheritance-20260909/planner-v1/resource-requalification-v1/execution-1/v5/planner/v5-102.RECEIPT.json
 create mode 100644 research/p9-six-route/ash-inheritance-20260909/planner-v1/resource-requalification-v1/execution-1/v5/planner/v5-102.command.json
 create mode 100644 research/p9-six-route/ash-inheritance-20260909/planner-v1/resource-requalification-v1/execution-1/v5/planner/v5-102.config.json
 create mode 100644 research/p9-six-route/ash-inheritance-20260909/planner-v1/resource-requalification-v1/execution-1/v5/planner/v5-102.cpu.txt
 create mode 100644 research/p9-six-route/ash-inheritance-20260909/planner-v1/resource-requalification-v1/execution-1/v5/planner/v5-102.outcomes.jsonl.xz
 create mode 100644 research/p9-six-route/ash-inheritance-20260909/planner-v1/resource-requalification-v1/execution-1/v5/planner/v5-102.stderr
 create mode 100644 research/p9-six-route/ash-inheritance-20260909/planner-v1/resource-requalification-v1/execution-1/v5/planner/v5-102.stdout
 create mode 100644 research/p9-six-route/ash-inheritance-20260909/planner-v1/resource-requalification-v1/execution-1/v5/planner/v5-102.traces.jsonl.xz
 create mode 100644 research/p9-six-route/ash-inheritance-20260909/planner-v1/resource-requalification-v1/execution-1/v5/stock/v5-096.RECEIPT.json
 create mode 100644 research/p9-six-route/ash-inheritance-20260909/planner-v1/resource-requalification-v1/execution-1/v5/stock/v5-096.command.json
 create mode 100644 research/p9-six-route/ash-inheritance-20260909/planner-v1/resource-requalification-v1/execution-1/v5/stock/v5-096.config.json
 create mode 100644 research/p9-six-route/ash-inheritance-20260909/planner-v1/resource-requalification-v1/execution-1/v5/stock/v5-096.cpu.txt
 create mode 100644 research/p9-six-route/ash-inheritance-20260909/planner-v1/resource-requalification-v1/execution-1/v5/stock/v5-096.outcomes.jsonl.xz
 create mode 100644 research/p9-six-route/ash-inheritance-20260909/planner-v1/resource-requalification-v1/execution-1/v5/stock/v5-096.stderr
 create mode 100644 research/p9-six-route/ash-inheritance-20260909/planner-v1/resource-requalification-v1/execution-1/v5/stock/v5-096.stdout
 create mode 100644 research/p9-six-route/ash-inheritance-20260909/planner-v1/resource-requalification-v1/execution-1/v5/stock/v5-096.traces.jsonl.xz
 create mode 100644 research/p9-six-route/ash-inheritance-20260909/planner-v1/resource-requalification-v1/execution-1/v5/stock/v5-098.RECEIPT.json
 create mode 100644 research/p9-six-route/ash-inheritance-20260909/planner-v1/resource-requalification-v1/execution-1/v5/stock/v5-098.command.json
 create mode 100644 research/p9-six-route/ash-inheritance-20260909/planner-v1/resource-requalification-v1/execution-1/v5/stock/v5-098.config.json
 create mode 100644 research/p9-six-route/ash-inheritance-20260909/planner-v1/resource-requalification-v1/execution-1/v5/stock/v5-098.cpu.txt
 create mode 100644 research/p9-six-route/ash-inheritance-20260909/planner-v1/resource-requalification-v1/execution-1/v5/stock/v5-098.outcomes.jsonl.xz
 create mode 100644 research/p9-six-route/ash-inheritance-20260909/planner-v1/resource-requalification-v1/execution-1/v5/stock/v5-098.stderr
 create mode 100644 research/p9-six-route/ash-inheritance-20260909/planner-v1/resource-requalification-v1/execution-1/v5/stock/v5-098.stdout
 create mode 100644 research/p9-six-route/ash-inheritance-20260909/planner-v1/resource-requalification-v1/execution-1/v5/stock/v5-098.traces.jsonl.xz
 create mode 100644 research/p9-six-route/ash-inheritance-20260909/planner-v1/resource-requalification-v1/execution-1/v5/stock/v5-100.RECEIPT.json
 create mode 100644 research/p9-six-route/ash-inheritance-20260909/planner-v1/resource-requalification-v1/execution-1/v5/stock/v5-100.command.json
 create mode 100644 research/p9-six-route/ash-inheritance-20260909/planner-v1/resource-requalification-v1/execution-1/v5/stock/v5-100.config.json
 create mode 100644 research/p9-six-route/ash-inheritance-20260909/planner-v1/resource-requalification-v1/execution-1/v5/stock/v5-100.cpu.txt
 create mode 100644 research/p9-six-route/ash-inheritance-20260909/planner-v1/resource-requalification-v1/execution-1/v5/stock/v5-100.outcomes.jsonl.xz
 create mode 100644 research/p9-six-route/ash-inheritance-20260909/planner-v1/resource-requalification-v1/execution-1/v5/stock/v5-100.stderr
 create mode 100644 research/p9-six-route/ash-inheritance-20260909/planner-v1/resource-requalification-v1/execution-1/v5/stock/v5-100.stdout
 create mode 100644 research/p9-six-route/ash-inheritance-20260909/planner-v1/resource-requalification-v1/execution-1/v5/stock/v5-100.traces.jsonl.xz
 create mode 100644 research/p9-six-route/ash-inheritance-20260909/planner-v1/resource-requalification-v1/execution-1/v5/stock/v5-102.RECEIPT.json
 create mode 100644 research/p9-six-route/ash-inheritance-20260909/planner-v1/resource-requalification-v1/execution-1/v5/stock/v5-102.command.json
 create mode 100644 research/p9-six-route/ash-inheritance-20260909/planner-v1/resource-requalification-v1/execution-1/v5/stock/v5-102.config.json
 create mode 100644 research/p9-six-route/ash-inheritance-20260909/planner-v1/resource-requalification-v1/execution-1/v5/stock/v5-102.cpu.txt
 create mode 100644 research/p9-six-route/ash-inheritance-20260909/planner-v1/resource-requalification-v1/execution-1/v5/stock/v5-102.outcomes.jsonl.xz
 create mode 100644 research/p9-six-route/ash-inheritance-20260909/planner-v1/resource-requalification-v1/execution-1/v5/stock/v5-102.stderr
 create mode 100644 research/p9-six-route/ash-inheritance-20260909/planner-v1/resource-requalification-v1/execution-1/v5/stock/v5-102.stdout
 create mode 100644 research/p9-six-route/ash-inheritance-20260909/planner-v1/resource-requalification-v1/execution-1/v5/stock/v5-102.traces.jsonl.xz
[detached HEAD 4e96080] research(p9): preserve fixed cache implementation v5 reserved-configuration-check group 10
 65 files changed, 640 insertions(+)
 create mode 100644 research/p9-six-route/ash-inheritance-20260909/planner-v1/resource-requalification-v1/execution-1/v5/planner/v5-104.RECEIPT.json
 create mode 100644 research/p9-six-route/ash-inheritance-20260909/planner-v1/resource-requalification-v1/execution-1/v5/planner/v5-104.command.json
 create mode 100644 research/p9-six-route/ash-inheritance-20260909/planner-v1/resource-requalification-v1/execution-1/v5/planner/v5-104.config.json
 create mode 100644 research/p9-six-route/ash-inheritance-20260909/planner-v1/resource-requalification-v1/execution-1/v5/planner/v5-104.cpu.txt
 create mode 100644 research/p9-six-route/ash-inheritance-20260909/planner-v1/resource-requalification-v1/execution-1/v5/planner/v5-104.outcomes.jsonl.xz
 create mode 100644 research/p9-six-route/ash-inheritance-20260909/planner-v1/resource-requalification-v1/execution-1/v5/planner/v5-104.stderr
 create mode 100644 research/p9-six-route/ash-inheritance-20260909/planner-v1/resource-requalification-v1/execution-1/v5/planner/v5-104.stdout
 create mode 100644 research/p9-six-route/ash-inheritance-20260909/planner-v1/resource-requalification-v1/execution-1/v5/planner/v5-104.traces.jsonl.xz
 create mode 100644 research/p9-six-route/ash-inheritance-20260909/planner-v1/resource-requalification-v1/execution-1/v5/planner/v5-106.RECEIPT.json
 create mode 100644 research/p9-six-route/ash-inheritance-20260909/planner-v1/resource-requalification-v1/execution-1/v5/planner/v5-106.command.json
 create mode 100644 research/p9-six-route/ash-inheritance-20260909/planner-v1/resource-requalification-v1/execution-1/v5/planner/v5-106.config.json
 create mode 100644 research/p9-six-route/ash-inheritance-20260909/planner-v1/resource-requalification-v1/execution-1/v5/planner/v5-106.cpu.txt
 create mode 100644 research/p9-six-route/ash-inheritance-20260909/planner-v1/resource-requalification-v1/execution-1/v5/planner/v5-106.outcomes.jsonl.xz
 create mode 100644 research/p9-six-route/ash-inheritance-20260909/planner-v1/resource-requalification-v1/execution-1/v5/planner/v5-106.stderr
 create mode 100644 research/p9-six-route/ash-inheritance-20260909/planner-v1/resource-requalification-v1/execution-1/v5/planner/v5-106.stdout
 create mode 100644 research/p9-six-route/ash-inheritance-20260909/planner-v1/resource-requalification-v1/execution-1/v5/planner/v5-106.traces.jsonl.xz
 create mode 100644 research/p9-six-route/ash-inheritance-20260909/planner-v1/resource-requalification-v1/execution-1/v5/planner/v5-108.RECEIPT.json
 create mode 100644 research/p9-six-route/ash-inheritance-20260909/planner-v1/resource-requalification-v1/execution-1/v5/planner/v5-108.command.json
 create mode 100644 research/p9-six-route/ash-inheritance-20260909/planner-v1/resource-requalification-v1/execution-1/v5/planner/v5-108.config.json
 create mode 100644 research/p9-six-route/ash-inheritance-20260909/planner-v1/resource-requalification-v1/execution-1/v5/planner/v5-108.cpu.txt
 create mode 100644 research/p9-six-route/ash-inheritance-20260909/planner-v1/resource-requalification-v1/execution-1/v5/planner/v5-108.outcomes.jsonl.xz
 create mode 100644 research/p9-six-route/ash-inheritance-20260909/planner-v1/resource-requalification-v1/execution-1/v5/planner/v5-108.stderr
 create mode 100644 research/p9-six-route/ash-inheritance-20260909/planner-v1/resource-requalification-v1/execution-1/v5/planner/v5-108.stdout
 create mode 100644 research/p9-six-route/ash-inheritance-20260909/planner-v1/resource-requalification-v1/execution-1/v5/planner/v5-108.traces.jsonl.xz
 create mode 100644 research/p9-six-route/ash-inheritance-20260909/planner-v1/resource-requalification-v1/execution-1/v5/planner/v5-110.RECEIPT.json
 create mode 100644 research/p9-six-route/ash-inheritance-20260909/planner-v1/resource-requalification-v1/execution-1/v5/planner/v5-110.command.json
 create mode 100644 research/p9-six-route/ash-inheritance-20260909/planner-v1/resource-requalification-v1/execution-1/v5/planner/v5-110.config.json
 create mode 100644 research/p9-six-route/ash-inheritance-20260909/planner-v1/resource-requalification-v1/execution-1/v5/planner/v5-110.cpu.txt
 create mode 100644 research/p9-six-route/ash-inheritance-20260909/planner-v1/resource-requalification-v1/execution-1/v5/planner/v5-110.outcomes.jsonl.xz
 create mode 100644 research/p9-six-route/ash-inheritance-20260909/planner-v1/resource-requalification-v1/execution-1/v5/planner/v5-110.stderr
 create mode 100644 research/p9-six-route/ash-inheritance-20260909/planner-v1/resource-requalification-v1/execution-1/v5/planner/v5-110.stdout
 create mode 100644 research/p9-six-route/ash-inheritance-20260909/planner-v1/resource-requalification-v1/execution-1/v5/planner/v5-110.traces.jsonl.xz
 create mode 100644 research/p9-six-route/ash-inheritance-20260909/planner-v1/resource-requalification-v1/execution-1/v5/stock/v5-104.RECEIPT.json
 create mode 100644 research/p9-six-route/ash-inheritance-20260909/planner-v1/resource-requalification-v1/execution-1/v5/stock/v5-104.command.json
 create mode 100644 research/p9-six-route/ash-inheritance-20260909/planner-v1/resource-requalification-v1/execution-1/v5/stock/v5-104.config.json
 create mode 100644 research/p9-six-route/ash-inheritance-20260909/planner-v1/resource-requalification-v1/execution-1/v5/stock/v5-104.cpu.txt
 create mode 100644 research/p9-six-route/ash-inheritance-20260909/planner-v1/resource-requalification-v1/execution-1/v5/stock/v5-104.outcomes.jsonl.xz
 create mode 100644 research/p9-six-route/ash-inheritance-20260909/planner-v1/resource-requalification-v1/execution-1/v5/stock/v5-104.stderr
 create mode 100644 research/p9-six-route/ash-inheritance-20260909/planner-v1/resource-requalification-v1/execution-1/v5/stock/v5-104.stdout
 create mode 100644 research/p9-six-route/ash-inheritance-20260909/planner-v1/resource-requalification-v1/execution-1/v5/stock/v5-104.traces.jsonl.xz
 create mode 100644 research/p9-six-route/ash-inheritance-20260909/planner-v1/resource-requalification-v1/execution-1/v5/stock/v5-106.RECEIPT.json
 create mode 100644 research/p9-six-route/ash-inheritance-20260909/planner-v1/resource-requalification-v1/execution-1/v5/stock/v5-106.command.json
 create mode 100644 research/p9-six-route/ash-inheritance-20260909/planner-v1/resource-requalification-v1/execution-1/v5/stock/v5-106.config.json
 create mode 100644 research/p9-six-route/ash-inheritance-20260909/planner-v1/resource-requalification-v1/execution-1/v5/stock/v5-106.cpu.txt
 create mode 100644 research/p9-six-route/ash-inheritance-20260909/planner-v1/resource-requalification-v1/execution-1/v5/stock/v5-106.outcomes.jsonl.xz
 create mode 100644 research/p9-six-route/ash-inheritance-20260909/planner-v1/resource-requalification-v1/execution-1/v5/stock/v5-106.stderr
 create mode 100644 research/p9-six-route/ash-inheritance-20260909/planner-v1/resource-requalification-v1/execution-1/v5/stock/v5-106.stdout
 create mode 100644 research/p9-six-route/ash-inheritance-20260909/planner-v1/resource-requalification-v1/execution-1/v5/stock/v5-106.traces.jsonl.xz
 create mode 100644 research/p9-six-route/ash-inheritance-20260909/planner-v1/resource-requalification-v1/execution-1/v5/stock/v5-108.RECEIPT.json
 create mode 100644 research/p9-six-route/ash-inheritance-20260909/planner-v1/resource-requalification-v1/execution-1/v5/stock/v5-108.command.json
 create mode 100644 research/p9-six-route/ash-inheritance-20260909/planner-v1/resource-requalification-v1/execution-1/v5/stock/v5-108.config.json
 create mode 100644 research/p9-six-route/ash-inheritance-20260909/planner-v1/resource-requalification-v1/execution-1/v5/stock/v5-108.cpu.txt
 create mode 100644 research/p9-six-route/ash-inheritance-20260909/planner-v1/resource-requalification-v1/execution-1/v5/stock/v5-108.outcomes.jsonl.xz
 create mode 100644 research/p9-six-route/ash-inheritance-20260909/planner-v1/resource-requalification-v1/execution-1/v5/stock/v5-108.stderr
 create mode 100644 research/p9-six-route/ash-inheritance-20260909/planner-v1/resource-requalification-v1/execution-1/v5/stock/v5-108.stdout
 create mode 100644 research/p9-six-route/ash-inheritance-20260909/planner-v1/resource-requalification-v1/execution-1/v5/stock/v5-108.traces.jsonl.xz
 create mode 100644 research/p9-six-route/ash-inheritance-20260909/planner-v1/resource-requalification-v1/execution-1/v5/stock/v5-110.RECEIPT.json
 create mode 100644 research/p9-six-route/ash-inheritance-20260909/planner-v1/resource-requalification-v1/execution-1/v5/stock/v5-110.command.json
 create mode 100644 research/p9-six-route/ash-inheritance-20260909/planner-v1/resource-requalification-v1/execution-1/v5/stock/v5-110.config.json
 create mode 100644 research/p9-six-route/ash-inheritance-20260909/planner-v1/resource-requalification-v1/execution-1/v5/stock/v5-110.cpu.txt
 create mode 100644 research/p9-six-route/ash-inheritance-20260909/planner-v1/resource-requalification-v1/execution-1/v5/stock/v5-110.outcomes.jsonl.xz
 create mode 100644 research/p9-six-route/ash-inheritance-20260909/planner-v1/resource-requalification-v1/execution-1/v5/stock/v5-110.stderr
 create mode 100644 research/p9-six-route/ash-inheritance-20260909/planner-v1/resource-requalification-v1/execution-1/v5/stock/v5-110.stdout
 create mode 100644 research/p9-six-route/ash-inheritance-20260909/planner-v1/resource-requalification-v1/execution-1/v5/stock/v5-110.traces.jsonl.xz
[detached HEAD 163ad03] research(p9): preserve fixed cache implementation v5 reserved-configuration-check group 11
 65 files changed, 640 insertions(+)
 create mode 100644 research/p9-six-route/ash-inheritance-20260909/planner-v1/resource-requalification-v1/execution-1/v5/planner/v5-112.RECEIPT.json
 create mode 100644 research/p9-six-route/ash-inheritance-20260909/planner-v1/resource-requalification-v1/execution-1/v5/planner/v5-112.command.json
 create mode 100644 research/p9-six-route/ash-inheritance-20260909/planner-v1/resource-requalification-v1/execution-1/v5/planner/v5-112.config.json
 create mode 100644 research/p9-six-route/ash-inheritance-20260909/planner-v1/resource-requalification-v1/execution-1/v5/planner/v5-112.cpu.txt
 create mode 100644 research/p9-six-route/ash-inheritance-20260909/planner-v1/resource-requalification-v1/execution-1/v5/planner/v5-112.outcomes.jsonl.xz
 create mode 100644 research/p9-six-route/ash-inheritance-20260909/planner-v1/resource-requalification-v1/execution-1/v5/planner/v5-112.stderr
 create mode 100644 research/p9-six-route/ash-inheritance-20260909/planner-v1/resource-requalification-v1/execution-1/v5/planner/v5-112.stdout
 create mode 100644 research/p9-six-route/ash-inheritance-20260909/planner-v1/resource-requalification-v1/execution-1/v5/planner/v5-112.traces.jsonl.xz
 create mode 100644 research/p9-six-route/ash-inheritance-20260909/planner-v1/resource-requalification-v1/execution-1/v5/planner/v5-114.RECEIPT.json
 create mode 100644 research/p9-six-route/ash-inheritance-20260909/planner-v1/resource-requalification-v1/execution-1/v5/planner/v5-114.command.json
 create mode 100644 research/p9-six-route/ash-inheritance-20260909/planner-v1/resource-requalification-v1/execution-1/v5/planner/v5-114.config.json
 create mode 100644 research/p9-six-route/ash-inheritance-20260909/planner-v1/resource-requalification-v1/execution-1/v5/planner/v5-114.cpu.txt
 create mode 100644 research/p9-six-route/ash-inheritance-20260909/planner-v1/resource-requalification-v1/execution-1/v5/planner/v5-114.outcomes.jsonl.xz
 create mode 100644 research/p9-six-route/ash-inheritance-20260909/planner-v1/resource-requalification-v1/execution-1/v5/planner/v5-114.stderr
 create mode 100644 research/p9-six-route/ash-inheritance-20260909/planner-v1/resource-requalification-v1/execution-1/v5/planner/v5-114.stdout
 create mode 100644 research/p9-six-route/ash-inheritance-20260909/planner-v1/resource-requalification-v1/execution-1/v5/planner/v5-114.traces.jsonl.xz
 create mode 100644 research/p9-six-route/ash-inheritance-20260909/planner-v1/resource-requalification-v1/execution-1/v5/planner/v5-116.RECEIPT.json
 create mode 100644 research/p9-six-route/ash-inheritance-20260909/planner-v1/resource-requalification-v1/execution-1/v5/planner/v5-116.command.json
 create mode 100644 research/p9-six-route/ash-inheritance-20260909/planner-v1/resource-requalification-v1/execution-1/v5/planner/v5-116.config.json
 create mode 100644 research/p9-six-route/ash-inheritance-20260909/planner-v1/resource-requalification-v1/execution-1/v5/planner/v5-116.cpu.txt
 create mode 100644 research/p9-six-route/ash-inheritance-20260909/planner-v1/resource-requalification-v1/execution-1/v5/planner/v5-116.outcomes.jsonl.xz
 create mode 100644 research/p9-six-route/ash-inheritance-20260909/planner-v1/resource-requalification-v1/execution-1/v5/planner/v5-116.stderr
 create mode 100644 research/p9-six-route/ash-inheritance-20260909/planner-v1/resource-requalification-v1/execution-1/v5/planner/v5-116.stdout
 create mode 100644 research/p9-six-route/ash-inheritance-20260909/planner-v1/resource-requalification-v1/execution-1/v5/planner/v5-116.traces.jsonl.xz
 create mode 100644 research/p9-six-route/ash-inheritance-20260909/planner-v1/resource-requalification-v1/execution-1/v5/planner/v5-118.RECEIPT.json
 create mode 100644 research/p9-six-route/ash-inheritance-20260909/planner-v1/resource-requalification-v1/execution-1/v5/planner/v5-118.command.json
 create mode 100644 research/p9-six-route/ash-inheritance-20260909/planner-v1/resource-requalification-v1/execution-1/v5/planner/v5-118.config.json
 create mode 100644 research/p9-six-route/ash-inheritance-20260909/planner-v1/resource-requalification-v1/execution-1/v5/planner/v5-118.cpu.txt
 create mode 100644 research/p9-six-route/ash-inheritance-20260909/planner-v1/resource-requalification-v1/execution-1/v5/planner/v5-118.outcomes.jsonl.xz
 create mode 100644 research/p9-six-route/ash-inheritance-20260909/planner-v1/resource-requalification-v1/execution-1/v5/planner/v5-118.stderr
 create mode 100644 research/p9-six-route/ash-inheritance-20260909/planner-v1/resource-requalification-v1/execution-1/v5/planner/v5-118.stdout
 create mode 100644 research/p9-six-route/ash-inheritance-20260909/planner-v1/resource-requalification-v1/execution-1/v5/planner/v5-118.traces.jsonl.xz
 create mode 100644 research/p9-six-route/ash-inheritance-20260909/planner-v1/resource-requalification-v1/execution-1/v5/stock/v5-112.RECEIPT.json
 create mode 100644 research/p9-six-route/ash-inheritance-20260909/planner-v1/resource-requalification-v1/execution-1/v5/stock/v5-112.command.json
 create mode 100644 research/p9-six-route/ash-inheritance-20260909/planner-v1/resource-requalification-v1/execution-1/v5/stock/v5-112.config.json
 create mode 100644 research/p9-six-route/ash-inheritance-20260909/planner-v1/resource-requalification-v1/execution-1/v5/stock/v5-112.cpu.txt
 create mode 100644 research/p9-six-route/ash-inheritance-20260909/planner-v1/resource-requalification-v1/execution-1/v5/stock/v5-112.outcomes.jsonl.xz
 create mode 100644 research/p9-six-route/ash-inheritance-20260909/planner-v1/resource-requalification-v1/execution-1/v5/stock/v5-112.stderr
 create mode 100644 research/p9-six-route/ash-inheritance-20260909/planner-v1/resource-requalification-v1/execution-1/v5/stock/v5-112.stdout
 create mode 100644 research/p9-six-route/ash-inheritance-20260909/planner-v1/resource-requalification-v1/execution-1/v5/stock/v5-112.traces.jsonl.xz
 create mode 100644 research/p9-six-route/ash-inheritance-20260909/planner-v1/resource-requalification-v1/execution-1/v5/stock/v5-114.RECEIPT.json
 create mode 100644 research/p9-six-route/ash-inheritance-20260909/planner-v1/resource-requalification-v1/execution-1/v5/stock/v5-114.command.json
 create mode 100644 research/p9-six-route/ash-inheritance-20260909/planner-v1/resource-requalification-v1/execution-1/v5/stock/v5-114.config.json
 create mode 100644 research/p9-six-route/ash-inheritance-20260909/planner-v1/resource-requalification-v1/execution-1/v5/stock/v5-114.cpu.txt
 create mode 100644 research/p9-six-route/ash-inheritance-20260909/planner-v1/resource-requalification-v1/execution-1/v5/stock/v5-114.outcomes.jsonl.xz
 create mode 100644 research/p9-six-route/ash-inheritance-20260909/planner-v1/resource-requalification-v1/execution-1/v5/stock/v5-114.stderr
 create mode 100644 research/p9-six-route/ash-inheritance-20260909/planner-v1/resource-requalification-v1/execution-1/v5/stock/v5-114.stdout
 create mode 100644 research/p9-six-route/ash-inheritance-20260909/planner-v1/resource-requalification-v1/execution-1/v5/stock/v5-114.traces.jsonl.xz
 create mode 100644 research/p9-six-route/ash-inheritance-20260909/planner-v1/resource-requalification-v1/execution-1/v5/stock/v5-116.RECEIPT.json
 create mode 100644 research/p9-six-route/ash-inheritance-20260909/planner-v1/resource-requalification-v1/execution-1/v5/stock/v5-116.command.json
 create mode 100644 research/p9-six-route/ash-inheritance-20260909/planner-v1/resource-requalification-v1/execution-1/v5/stock/v5-116.config.json
 create mode 100644 research/p9-six-route/ash-inheritance-20260909/planner-v1/resource-requalification-v1/execution-1/v5/stock/v5-116.cpu.txt
 create mode 100644 research/p9-six-route/ash-inheritance-20260909/planner-v1/resource-requalification-v1/execution-1/v5/stock/v5-116.outcomes.jsonl.xz
 create mode 100644 research/p9-six-route/ash-inheritance-20260909/planner-v1/resource-requalification-v1/execution-1/v5/stock/v5-116.stderr
 create mode 100644 research/p9-six-route/ash-inheritance-20260909/planner-v1/resource-requalification-v1/execution-1/v5/stock/v5-116.stdout
 create mode 100644 research/p9-six-route/ash-inheritance-20260909/planner-v1/resource-requalification-v1/execution-1/v5/stock/v5-116.traces.jsonl.xz
 create mode 100644 research/p9-six-route/ash-inheritance-20260909/planner-v1/resource-requalification-v1/execution-1/v5/stock/v5-118.RECEIPT.json
 create mode 100644 research/p9-six-route/ash-inheritance-20260909/planner-v1/resource-requalification-v1/execution-1/v5/stock/v5-118.command.json
 create mode 100644 research/p9-six-route/ash-inheritance-20260909/planner-v1/resource-requalification-v1/execution-1/v5/stock/v5-118.config.json
 create mode 100644 research/p9-six-route/ash-inheritance-20260909/planner-v1/resource-requalification-v1/execution-1/v5/stock/v5-118.cpu.txt
 create mode 100644 research/p9-six-route/ash-inheritance-20260909/planner-v1/resource-requalification-v1/execution-1/v5/stock/v5-118.outcomes.jsonl.xz
 create mode 100644 research/p9-six-route/ash-inheritance-20260909/planner-v1/resource-requalification-v1/execution-1/v5/stock/v5-118.stderr
 create mode 100644 research/p9-six-route/ash-inheritance-20260909/planner-v1/resource-requalification-v1/execution-1/v5/stock/v5-118.stdout
 create mode 100644 research/p9-six-route/ash-inheritance-20260909/planner-v1/resource-requalification-v1/execution-1/v5/stock/v5-118.traces.jsonl.xz
[detached HEAD c2b9c00] research(p9): preserve fixed cache implementation v5 reserved-configuration-check group 12
 65 files changed, 640 insertions(+)
 create mode 100644 research/p9-six-route/ash-inheritance-20260909/planner-v1/resource-requalification-v1/execution-1/v5/planner/v5-120.RECEIPT.json
 create mode 100644 research/p9-six-route/ash-inheritance-20260909/planner-v1/resource-requalification-v1/execution-1/v5/planner/v5-120.command.json
 create mode 100644 research/p9-six-route/ash-inheritance-20260909/planner-v1/resource-requalification-v1/execution-1/v5/planner/v5-120.config.json
 create mode 100644 research/p9-six-route/ash-inheritance-20260909/planner-v1/resource-requalification-v1/execution-1/v5/planner/v5-120.cpu.txt
 create mode 100644 research/p9-six-route/ash-inheritance-20260909/planner-v1/resource-requalification-v1/execution-1/v5/planner/v5-120.outcomes.jsonl.xz
 create mode 100644 research/p9-six-route/ash-inheritance-20260909/planner-v1/resource-requalification-v1/execution-1/v5/planner/v5-120.stderr
 create mode 100644 research/p9-six-route/ash-inheritance-20260909/planner-v1/resource-requalification-v1/execution-1/v5/planner/v5-120.stdout
 create mode 100644 research/p9-six-route/ash-inheritance-20260909/planner-v1/resource-requalification-v1/execution-1/v5/planner/v5-120.traces.jsonl.xz
 create mode 100644 research/p9-six-route/ash-inheritance-20260909/planner-v1/resource-requalification-v1/execution-1/v5/planner/v5-122.RECEIPT.json
 create mode 100644 research/p9-six-route/ash-inheritance-20260909/planner-v1/resource-requalification-v1/execution-1/v5/planner/v5-122.command.json
 create mode 100644 research/p9-six-route/ash-inheritance-20260909/planner-v1/resource-requalification-v1/execution-1/v5/planner/v5-122.config.json
 create mode 100644 research/p9-six-route/ash-inheritance-20260909/planner-v1/resource-requalification-v1/execution-1/v5/planner/v5-122.cpu.txt
 create mode 100644 research/p9-six-route/ash-inheritance-20260909/planner-v1/resource-requalification-v1/execution-1/v5/planner/v5-122.outcomes.jsonl.xz
 create mode 100644 research/p9-six-route/ash-inheritance-20260909/planner-v1/resource-requalification-v1/execution-1/v5/planner/v5-122.stderr
 create mode 100644 research/p9-six-route/ash-inheritance-20260909/planner-v1/resource-requalification-v1/execution-1/v5/planner/v5-122.stdout
 create mode 100644 research/p9-six-route/ash-inheritance-20260909/planner-v1/resource-requalification-v1/execution-1/v5/planner/v5-122.traces.jsonl.xz
 create mode 100644 research/p9-six-route/ash-inheritance-20260909/planner-v1/resource-requalification-v1/execution-1/v5/planner/v5-124.RECEIPT.json
 create mode 100644 research/p9-six-route/ash-inheritance-20260909/planner-v1/resource-requalification-v1/execution-1/v5/planner/v5-124.command.json
 create mode 100644 research/p9-six-route/ash-inheritance-20260909/planner-v1/resource-requalification-v1/execution-1/v5/planner/v5-124.config.json
 create mode 100644 research/p9-six-route/ash-inheritance-20260909/planner-v1/resource-requalification-v1/execution-1/v5/planner/v5-124.cpu.txt
 create mode 100644 research/p9-six-route/ash-inheritance-20260909/planner-v1/resource-requalification-v1/execution-1/v5/planner/v5-124.outcomes.jsonl.xz
 create mode 100644 research/p9-six-route/ash-inheritance-20260909/planner-v1/resource-requalification-v1/execution-1/v5/planner/v5-124.stderr
 create mode 100644 research/p9-six-route/ash-inheritance-20260909/planner-v1/resource-requalification-v1/execution-1/v5/planner/v5-124.stdout
 create mode 100644 research/p9-six-route/ash-inheritance-20260909/planner-v1/resource-requalification-v1/execution-1/v5/planner/v5-124.traces.jsonl.xz
 create mode 100644 research/p9-six-route/ash-inheritance-20260909/planner-v1/resource-requalification-v1/execution-1/v5/planner/v5-126.RECEIPT.json
 create mode 100644 research/p9-six-route/ash-inheritance-20260909/planner-v1/resource-requalification-v1/execution-1/v5/planner/v5-126.command.json
 create mode 100644 research/p9-six-route/ash-inheritance-20260909/planner-v1/resource-requalification-v1/execution-1/v5/planner/v5-126.config.json
 create mode 100644 research/p9-six-route/ash-inheritance-20260909/planner-v1/resource-requalification-v1/execution-1/v5/planner/v5-126.cpu.txt
 create mode 100644 research/p9-six-route/ash-inheritance-20260909/planner-v1/resource-requalification-v1/execution-1/v5/planner/v5-126.outcomes.jsonl.xz
 create mode 100644 research/p9-six-route/ash-inheritance-20260909/planner-v1/resource-requalification-v1/execution-1/v5/planner/v5-126.stderr
 create mode 100644 research/p9-six-route/ash-inheritance-20260909/planner-v1/resource-requalification-v1/execution-1/v5/planner/v5-126.stdout
 create mode 100644 research/p9-six-route/ash-inheritance-20260909/planner-v1/resource-requalification-v1/execution-1/v5/planner/v5-126.traces.jsonl.xz
 create mode 100644 research/p9-six-route/ash-inheritance-20260909/planner-v1/resource-requalification-v1/execution-1/v5/stock/v5-120.RECEIPT.json
 create mode 100644 research/p9-six-route/ash-inheritance-20260909/planner-v1/resource-requalification-v1/execution-1/v5/stock/v5-120.command.json
 create mode 100644 research/p9-six-route/ash-inheritance-20260909/planner-v1/resource-requalification-v1/execution-1/v5/stock/v5-120.config.json
 create mode 100644 research/p9-six-route/ash-inheritance-20260909/planner-v1/resource-requalification-v1/execution-1/v5/stock/v5-120.cpu.txt
 create mode 100644 research/p9-six-route/ash-inheritance-20260909/planner-v1/resource-requalification-v1/execution-1/v5/stock/v5-120.outcomes.jsonl.xz
 create mode 100644 research/p9-six-route/ash-inheritance-20260909/planner-v1/resource-requalification-v1/execution-1/v5/stock/v5-120.stderr
 create mode 100644 research/p9-six-route/ash-inheritance-20260909/planner-v1/resource-requalification-v1/execution-1/v5/stock/v5-120.stdout
 create mode 100644 research/p9-six-route/ash-inheritance-20260909/planner-v1/resource-requalification-v1/execution-1/v5/stock/v5-120.traces.jsonl.xz
 create mode 100644 research/p9-six-route/ash-inheritance-20260909/planner-v1/resource-requalification-v1/execution-1/v5/stock/v5-122.RECEIPT.json
 create mode 100644 research/p9-six-route/ash-inheritance-20260909/planner-v1/resource-requalification-v1/execution-1/v5/stock/v5-122.command.json
 create mode 100644 research/p9-six-route/ash-inheritance-20260909/planner-v1/resource-requalification-v1/execution-1/v5/stock/v5-122.config.json
 create mode 100644 research/p9-six-route/ash-inheritance-20260909/planner-v1/resource-requalification-v1/execution-1/v5/stock/v5-122.cpu.txt
 create mode 100644 research/p9-six-route/ash-inheritance-20260909/planner-v1/resource-requalification-v1/execution-1/v5/stock/v5-122.outcomes.jsonl.xz
 create mode 100644 research/p9-six-route/ash-inheritance-20260909/planner-v1/resource-requalification-v1/execution-1/v5/stock/v5-122.stderr
 create mode 100644 research/p9-six-route/ash-inheritance-20260909/planner-v1/resource-requalification-v1/execution-1/v5/stock/v5-122.stdout
 create mode 100644 research/p9-six-route/ash-inheritance-20260909/planner-v1/resource-requalification-v1/execution-1/v5/stock/v5-122.traces.jsonl.xz
 create mode 100644 research/p9-six-route/ash-inheritance-20260909/planner-v1/resource-requalification-v1/execution-1/v5/stock/v5-124.RECEIPT.json
 create mode 100644 research/p9-six-route/ash-inheritance-20260909/planner-v1/resource-requalification-v1/execution-1/v5/stock/v5-124.command.json
 create mode 100644 research/p9-six-route/ash-inheritance-20260909/planner-v1/resource-requalification-v1/execution-1/v5/stock/v5-124.config.json
 create mode 100644 research/p9-six-route/ash-inheritance-20260909/planner-v1/resource-requalification-v1/execution-1/v5/stock/v5-124.cpu.txt
 create mode 100644 research/p9-six-route/ash-inheritance-20260909/planner-v1/resource-requalification-v1/execution-1/v5/stock/v5-124.outcomes.jsonl.xz
 create mode 100644 research/p9-six-route/ash-inheritance-20260909/planner-v1/resource-requalification-v1/execution-1/v5/stock/v5-124.stderr
 create mode 100644 research/p9-six-route/ash-inheritance-20260909/planner-v1/resource-requalification-v1/execution-1/v5/stock/v5-124.stdout
 create mode 100644 research/p9-six-route/ash-inheritance-20260909/planner-v1/resource-requalification-v1/execution-1/v5/stock/v5-124.traces.jsonl.xz
 create mode 100644 research/p9-six-route/ash-inheritance-20260909/planner-v1/resource-requalification-v1/execution-1/v5/stock/v5-126.RECEIPT.json
 create mode 100644 research/p9-six-route/ash-inheritance-20260909/planner-v1/resource-requalification-v1/execution-1/v5/stock/v5-126.command.json
 create mode 100644 research/p9-six-route/ash-inheritance-20260909/planner-v1/resource-requalification-v1/execution-1/v5/stock/v5-126.config.json
 create mode 100644 research/p9-six-route/ash-inheritance-20260909/planner-v1/resource-requalification-v1/execution-1/v5/stock/v5-126.cpu.txt
 create mode 100644 research/p9-six-route/ash-inheritance-20260909/planner-v1/resource-requalification-v1/execution-1/v5/stock/v5-126.outcomes.jsonl.xz
 create mode 100644 research/p9-six-route/ash-inheritance-20260909/planner-v1/resource-requalification-v1/execution-1/v5/stock/v5-126.stderr
 create mode 100644 research/p9-six-route/ash-inheritance-20260909/planner-v1/resource-requalification-v1/execution-1/v5/stock/v5-126.stdout
 create mode 100644 research/p9-six-route/ash-inheritance-20260909/planner-v1/resource-requalification-v1/execution-1/v5/stock/v5-126.traces.jsonl.xz
[detached HEAD b473dd0] research(p9): preserve actual optimized implementation terminal without rewriting history
 3 files changed, 5343 insertions(+)
 create mode 100644 research/p9-six-route/ash-inheritance-20260909/planner-v1/resource-requalification-v1/execution-1/FILES.json
 create mode 100644 research/p9-six-route/ash-inheritance-20260909/planner-v1/resource-requalification-v1/execution-1/TERMINAL.json
 create mode 100644 research/p9-six-route/ash-inheritance-20260909/planner-v1/resource-requalification-v1/execution-1/v5/reserved-configuration-check.json
{
  "status": "IMPLEMENTATION_RESOURCE_REQUALIFICATION_FAIL",
  "source_head": "cea8bb19f50f6aebb8c906c870581b96e9d94346",
  "stages": {
    "5": {
      "value-screen": {
        "first": 0,
        "configurations": 32,
        "rows_per_method": 128,
        "stock_wins": 12,
        "planner_wins": 86,
        "point_difference": 0.578125,
        "configuration_bootstrap_interval": [
          0.484375,
          0.671875
        ],
        "gates": {
          "fixed_mean_gain_at_least_five_points": true,
          "paired_configuration_lower_bound_positive": true
        },
        "pass": true,
        "scope": "Conditional on four fixed seeds; configurations are not assumed independent seeds. No package or population-generalisation certificate.",
        "costs": {
          "stock": {
            "process_cpu_seconds": 20.16,
            "process_elapsed_seconds": 20.99,
            "queries": 0,
            "root_rollouts": 0,
            "measured_run_seconds": 12.043096,
            "measured_query_seconds": 0.0
          },
          "planner": {
            "process_cpu_seconds": 889.74,
            "process_elapsed_seconds": 890.55,
            "queries": 49002,
            "root_rollouts": 442808,
            "measured_run_seconds": 880.334877,
            "measured_query_seconds": 713.797461
          }
        },
        "resource_ceiling_met": true
      },
      "reserved-configuration-check": {
        "first": 32,
        "configurations": 96,
        "rows_per_method": 384,
        "stock_wins": 34,
        "planner_wins": 258,
        "point_difference": 0.5833333333333334,
        "configuration_bootstrap_interval": [
          0.5286458333333334,
          0.6380208333333334
        ],
        "gates": {
          "fixed_mean_gain_at_least_five_points": true,
          "paired_configuration_lower_bound_positive": true
        },
        "pass": true,
        "scope": "Conditional on four fixed seeds; configurations are not assumed independent seeds. No package or population-generalisation certificate.",
        "costs": {
          "stock": {
            "process_cpu_seconds": 58.84,
            "process_elapsed_seconds": 61.35,
            "queries": 0,
            "root_rollouts": 0,
            "measured_run_seconds": 33.934194,
            "measured_query_seconds": 0.0
          },
          "planner": {
            "process_cpu_seconds": 2839.59,
            "process_elapsed_seconds": 2841.56,
            "queries": 154055,
            "root_rollouts": 1400776,
            "measured_run_seconds": 2810.448268,
            "measured_query_seconds": 2291.871183
          }
        },
        "resource_ceiling_met": false
      }
    }
  },
  "old_terminal_sha256": "561057c40c940718579cdeb1084003aa0bfc2cb64967b70772efc9b47ca4efba",
  "old_terminal_unchanged": true,
  "same_policy_replay_independent_samples": 0,
  "packages_admitted": 0,
  "p9_certified": false,
  "last_vow": 5,
  "v0_skipped": true
}
