[detached HEAD 7e2fc63] research(p9): preserve fixed Hand world sources before observations
 5 files changed, 2309 insertions(+)
 create mode 100644 research/p9-six-route/ash-inheritance-20260909/hand-value-v1/execution-1/RESOLVED-PROTOCOLS.json
 create mode 100644 research/p9-six-route/ash-inheritance-20260909/hand-value-v1/execution-1/SEED-METADATA.json
 create mode 100644 research/p9-six-route/ash-inheritance-20260909/hand-value-v1/execution-1/SOURCE-MANIFEST.json
 create mode 100644 research/p9-six-route/ash-inheritance-20260909/hand-value-v1/execution-1/VENUE.json
 create mode 100644 research/p9-six-route/ash-inheritance-20260909/hand-value-v1/execution-1/runtime-source.tar.xz
[detached HEAD 7edc8b8] research(p9): preserve Hand world entry binding before population
 56 files changed, 622 insertions(+)
 create mode 100644 research/p9-six-route/ash-inheritance-20260909/hand-value-v1/execution-1/qualification/00-import.command.json
 create mode 100644 research/p9-six-route/ash-inheritance-20260909/hand-value-v1/execution-1/qualification/00-import.stderr
 create mode 100644 research/p9-six-route/ash-inheritance-20260909/hand-value-v1/execution-1/qualification/00-import.stdout
 create mode 100644 research/p9-six-route/ash-inheritance-20260909/hand-value-v1/execution-1/qualification/00-parse.command.json
 create mode 100644 research/p9-six-route/ash-inheritance-20260909/hand-value-v1/execution-1/qualification/00-parse.stderr
 create mode 100644 research/p9-six-route/ash-inheritance-20260909/hand-value-v1/execution-1/qualification/00-parse.stdout
 create mode 100644 research/p9-six-route/ash-inheritance-20260909/hand-value-v1/execution-1/qualification/00.command.json
 create mode 100644 research/p9-six-route/ash-inheritance-20260909/hand-value-v1/execution-1/qualification/00.json
 create mode 100644 research/p9-six-route/ash-inheritance-20260909/hand-value-v1/execution-1/qualification/00.jsonl
 create mode 100644 research/p9-six-route/ash-inheritance-20260909/hand-value-v1/execution-1/qualification/00.stderr
 create mode 100644 research/p9-six-route/ash-inheritance-20260909/hand-value-v1/execution-1/qualification/00.stdout
 create mode 100644 research/p9-six-route/ash-inheritance-20260909/hand-value-v1/execution-1/qualification/01-import.command.json
 create mode 100644 research/p9-six-route/ash-inheritance-20260909/hand-value-v1/execution-1/qualification/01-import.stderr
 create mode 100644 research/p9-six-route/ash-inheritance-20260909/hand-value-v1/execution-1/qualification/01-import.stdout
 create mode 100644 research/p9-six-route/ash-inheritance-20260909/hand-value-v1/execution-1/qualification/01-parse.command.json
 create mode 100644 research/p9-six-route/ash-inheritance-20260909/hand-value-v1/execution-1/qualification/01-parse.stderr
 create mode 100644 research/p9-six-route/ash-inheritance-20260909/hand-value-v1/execution-1/qualification/01-parse.stdout
 create mode 100644 research/p9-six-route/ash-inheritance-20260909/hand-value-v1/execution-1/qualification/01.command.json
 create mode 100644 research/p9-six-route/ash-inheritance-20260909/hand-value-v1/execution-1/qualification/01.json
 create mode 100644 research/p9-six-route/ash-inheritance-20260909/hand-value-v1/execution-1/qualification/01.jsonl
 create mode 100644 research/p9-six-route/ash-inheritance-20260909/hand-value-v1/execution-1/qualification/01.stderr
 create mode 100644 research/p9-six-route/ash-inheritance-20260909/hand-value-v1/execution-1/qualification/01.stdout
 create mode 100644 research/p9-six-route/ash-inheritance-20260909/hand-value-v1/execution-1/qualification/10-import.command.json
 create mode 100644 research/p9-six-route/ash-inheritance-20260909/hand-value-v1/execution-1/qualification/10-import.stderr
 create mode 100644 research/p9-six-route/ash-inheritance-20260909/hand-value-v1/execution-1/qualification/10-import.stdout
 create mode 100644 research/p9-six-route/ash-inheritance-20260909/hand-value-v1/execution-1/qualification/10-parse.command.json
 create mode 100644 research/p9-six-route/ash-inheritance-20260909/hand-value-v1/execution-1/qualification/10-parse.stderr
 create mode 100644 research/p9-six-route/ash-inheritance-20260909/hand-value-v1/execution-1/qualification/10-parse.stdout
 create mode 100644 research/p9-six-route/ash-inheritance-20260909/hand-value-v1/execution-1/qualification/10.command.json
 create mode 100644 research/p9-six-route/ash-inheritance-20260909/hand-value-v1/execution-1/qualification/10.json
 create mode 100644 research/p9-six-route/ash-inheritance-20260909/hand-value-v1/execution-1/qualification/10.jsonl
 create mode 100644 research/p9-six-route/ash-inheritance-20260909/hand-value-v1/execution-1/qualification/10.stderr
 create mode 100644 research/p9-six-route/ash-inheritance-20260909/hand-value-v1/execution-1/qualification/10.stdout
 create mode 100644 research/p9-six-route/ash-inheritance-20260909/hand-value-v1/execution-1/qualification/11-import.command.json
 create mode 100644 research/p9-six-route/ash-inheritance-20260909/hand-value-v1/execution-1/qualification/11-import.stderr
 create mode 100644 research/p9-six-route/ash-inheritance-20260909/hand-value-v1/execution-1/qualification/11-import.stdout
 create mode 100644 research/p9-six-route/ash-inheritance-20260909/hand-value-v1/execution-1/qualification/11-parse.command.json
 create mode 100644 research/p9-six-route/ash-inheritance-20260909/hand-value-v1/execution-1/qualification/11-parse.stderr
 create mode 100644 research/p9-six-route/ash-inheritance-20260909/hand-value-v1/execution-1/qualification/11-parse.stdout
 create mode 100644 research/p9-six-route/ash-inheritance-20260909/hand-value-v1/execution-1/qualification/11.command.json
 create mode 100644 research/p9-six-route/ash-inheritance-20260909/hand-value-v1/execution-1/qualification/11.json
 create mode 100644 research/p9-six-route/ash-inheritance-20260909/hand-value-v1/execution-1/qualification/11.jsonl
 create mode 100644 research/p9-six-route/ash-inheritance-20260909/hand-value-v1/execution-1/qualification/11.stderr
 create mode 100644 research/p9-six-route/ash-inheritance-20260909/hand-value-v1/execution-1/qualification/11.stdout
 create mode 100644 research/p9-six-route/ash-inheritance-20260909/hand-value-v1/execution-1/qualification/RESULTS.json
 create mode 100644 research/p9-six-route/ash-inheritance-20260909/hand-value-v1/execution-1/qualification/reference-import.command.json
 create mode 100644 research/p9-six-route/ash-inheritance-20260909/hand-value-v1/execution-1/qualification/reference-import.stderr
 create mode 100644 research/p9-six-route/ash-inheritance-20260909/hand-value-v1/execution-1/qualification/reference-import.stdout
 create mode 100644 research/p9-six-route/ash-inheritance-20260909/hand-value-v1/execution-1/qualification/reference-parse.command.json
 create mode 100644 research/p9-six-route/ash-inheritance-20260909/hand-value-v1/execution-1/qualification/reference-parse.stderr
 create mode 100644 research/p9-six-route/ash-inheritance-20260909/hand-value-v1/execution-1/qualification/reference-parse.stdout
 create mode 100644 research/p9-six-route/ash-inheritance-20260909/hand-value-v1/execution-1/qualification/reference.command.json
 create mode 100644 research/p9-six-route/ash-inheritance-20260909/hand-value-v1/execution-1/qualification/reference.json
 create mode 100644 research/p9-six-route/ash-inheritance-20260909/hand-value-v1/execution-1/qualification/reference.jsonl
 create mode 100644 research/p9-six-route/ash-inheritance-20260909/hand-value-v1/execution-1/qualification/reference.stderr
 create mode 100644 research/p9-six-route/ash-inheritance-20260909/hand-value-v1/execution-1/qualification/reference.stdout
[detached HEAD c36cf3c] research(p9): preserve Hand v5 matched group 1
 65 files changed, 598 insertions(+)
 create mode 100644 research/p9-six-route/ash-inheritance-20260909/hand-value-v1/execution-1/v5/00/v5-000.RECEIPT.json
 create mode 100644 research/p9-six-route/ash-inheritance-20260909/hand-value-v1/execution-1/v5/00/v5-000.command.json
 create mode 100644 research/p9-six-route/ash-inheritance-20260909/hand-value-v1/execution-1/v5/00/v5-000.config.json
 create mode 100644 research/p9-six-route/ash-inheritance-20260909/hand-value-v1/execution-1/v5/00/v5-000.cpu.txt
 create mode 100644 research/p9-six-route/ash-inheritance-20260909/hand-value-v1/execution-1/v5/00/v5-000.outcomes.jsonl.xz
 create mode 100644 research/p9-six-route/ash-inheritance-20260909/hand-value-v1/execution-1/v5/00/v5-000.stderr
 create mode 100644 research/p9-six-route/ash-inheritance-20260909/hand-value-v1/execution-1/v5/00/v5-000.stdout
 create mode 100644 research/p9-six-route/ash-inheritance-20260909/hand-value-v1/execution-1/v5/00/v5-000.traces.jsonl.xz
 create mode 100644 research/p9-six-route/ash-inheritance-20260909/hand-value-v1/execution-1/v5/00/v5-002.RECEIPT.json
 create mode 100644 research/p9-six-route/ash-inheritance-20260909/hand-value-v1/execution-1/v5/00/v5-002.command.json
 create mode 100644 research/p9-six-route/ash-inheritance-20260909/hand-value-v1/execution-1/v5/00/v5-002.config.json
 create mode 100644 research/p9-six-route/ash-inheritance-20260909/hand-value-v1/execution-1/v5/00/v5-002.cpu.txt
 create mode 100644 research/p9-six-route/ash-inheritance-20260909/hand-value-v1/execution-1/v5/00/v5-002.outcomes.jsonl.xz
 create mode 100644 research/p9-six-route/ash-inheritance-20260909/hand-value-v1/execution-1/v5/00/v5-002.stderr
 create mode 100644 research/p9-six-route/ash-inheritance-20260909/hand-value-v1/execution-1/v5/00/v5-002.stdout
 create mode 100644 research/p9-six-route/ash-inheritance-20260909/hand-value-v1/execution-1/v5/00/v5-002.traces.jsonl.xz
 create mode 100644 research/p9-six-route/ash-inheritance-20260909/hand-value-v1/execution-1/v5/01/v5-000.RECEIPT.json
 create mode 100644 research/p9-six-route/ash-inheritance-20260909/hand-value-v1/execution-1/v5/01/v5-000.command.json
 create mode 100644 research/p9-six-route/ash-inheritance-20260909/hand-value-v1/execution-1/v5/01/v5-000.config.json
 create mode 100644 research/p9-six-route/ash-inheritance-20260909/hand-value-v1/execution-1/v5/01/v5-000.cpu.txt
 create mode 100644 research/p9-six-route/ash-inheritance-20260909/hand-value-v1/execution-1/v5/01/v5-000.outcomes.jsonl.xz
 create mode 100644 research/p9-six-route/ash-inheritance-20260909/hand-value-v1/execution-1/v5/01/v5-000.stderr
 create mode 100644 research/p9-six-route/ash-inheritance-20260909/hand-value-v1/execution-1/v5/01/v5-000.stdout
 create mode 100644 research/p9-six-route/ash-inheritance-20260909/hand-value-v1/execution-1/v5/01/v5-000.traces.jsonl.xz
 create mode 100644 research/p9-six-route/ash-inheritance-20260909/hand-value-v1/execution-1/v5/01/v5-002.RECEIPT.json
 create mode 100644 research/p9-six-route/ash-inheritance-20260909/hand-value-v1/execution-1/v5/01/v5-002.command.json
 create mode 100644 research/p9-six-route/ash-inheritance-20260909/hand-value-v1/execution-1/v5/01/v5-002.config.json
 create mode 100644 research/p9-six-route/ash-inheritance-20260909/hand-value-v1/execution-1/v5/01/v5-002.cpu.txt
 create mode 100644 research/p9-six-route/ash-inheritance-20260909/hand-value-v1/execution-1/v5/01/v5-002.outcomes.jsonl.xz
 create mode 100644 research/p9-six-route/ash-inheritance-20260909/hand-value-v1/execution-1/v5/01/v5-002.stderr
 create mode 100644 research/p9-six-route/ash-inheritance-20260909/hand-value-v1/execution-1/v5/01/v5-002.stdout
 create mode 100644 research/p9-six-route/ash-inheritance-20260909/hand-value-v1/execution-1/v5/01/v5-002.traces.jsonl.xz
 create mode 100644 research/p9-six-route/ash-inheritance-20260909/hand-value-v1/execution-1/v5/10/v5-000.RECEIPT.json
 create mode 100644 research/p9-six-route/ash-inheritance-20260909/hand-value-v1/execution-1/v5/10/v5-000.command.json
 create mode 100644 research/p9-six-route/ash-inheritance-20260909/hand-value-v1/execution-1/v5/10/v5-000.config.json
 create mode 100644 research/p9-six-route/ash-inheritance-20260909/hand-value-v1/execution-1/v5/10/v5-000.cpu.txt
 create mode 100644 research/p9-six-route/ash-inheritance-20260909/hand-value-v1/execution-1/v5/10/v5-000.outcomes.jsonl.xz
 create mode 100644 research/p9-six-route/ash-inheritance-20260909/hand-value-v1/execution-1/v5/10/v5-000.stderr
 create mode 100644 research/p9-six-route/ash-inheritance-20260909/hand-value-v1/execution-1/v5/10/v5-000.stdout
 create mode 100644 research/p9-six-route/ash-inheritance-20260909/hand-value-v1/execution-1/v5/10/v5-000.traces.jsonl.xz
 create mode 100644 research/p9-six-route/ash-inheritance-20260909/hand-value-v1/execution-1/v5/10/v5-002.RECEIPT.json
 create mode 100644 research/p9-six-route/ash-inheritance-20260909/hand-value-v1/execution-1/v5/10/v5-002.command.json
 create mode 100644 research/p9-six-route/ash-inheritance-20260909/hand-value-v1/execution-1/v5/10/v5-002.config.json
 create mode 100644 research/p9-six-route/ash-inheritance-20260909/hand-value-v1/execution-1/v5/10/v5-002.cpu.txt
 create mode 100644 research/p9-six-route/ash-inheritance-20260909/hand-value-v1/execution-1/v5/10/v5-002.outcomes.jsonl.xz
 create mode 100644 research/p9-six-route/ash-inheritance-20260909/hand-value-v1/execution-1/v5/10/v5-002.stderr
 create mode 100644 research/p9-six-route/ash-inheritance-20260909/hand-value-v1/execution-1/v5/10/v5-002.stdout
 create mode 100644 research/p9-six-route/ash-inheritance-20260909/hand-value-v1/execution-1/v5/10/v5-002.traces.jsonl.xz
 create mode 100644 research/p9-six-route/ash-inheritance-20260909/hand-value-v1/execution-1/v5/11/v5-000.RECEIPT.json
 create mode 100644 research/p9-six-route/ash-inheritance-20260909/hand-value-v1/execution-1/v5/11/v5-000.command.json
 create mode 100644 research/p9-six-route/ash-inheritance-20260909/hand-value-v1/execution-1/v5/11/v5-000.config.json
 create mode 100644 research/p9-six-route/ash-inheritance-20260909/hand-value-v1/execution-1/v5/11/v5-000.cpu.txt
 create mode 100644 research/p9-six-route/ash-inheritance-20260909/hand-value-v1/execution-1/v5/11/v5-000.outcomes.jsonl.xz
 create mode 100644 research/p9-six-route/ash-inheritance-20260909/hand-value-v1/execution-1/v5/11/v5-000.stderr
 create mode 100644 research/p9-six-route/ash-inheritance-20260909/hand-value-v1/execution-1/v5/11/v5-000.stdout
 create mode 100644 research/p9-six-route/ash-inheritance-20260909/hand-value-v1/execution-1/v5/11/v5-000.traces.jsonl.xz
 create mode 100644 research/p9-six-route/ash-inheritance-20260909/hand-value-v1/execution-1/v5/11/v5-002.RECEIPT.json
 create mode 100644 research/p9-six-route/ash-inheritance-20260909/hand-value-v1/execution-1/v5/11/v5-002.command.json
 create mode 100644 research/p9-six-route/ash-inheritance-20260909/hand-value-v1/execution-1/v5/11/v5-002.config.json
 create mode 100644 research/p9-six-route/ash-inheritance-20260909/hand-value-v1/execution-1/v5/11/v5-002.cpu.txt
 create mode 100644 research/p9-six-route/ash-inheritance-20260909/hand-value-v1/execution-1/v5/11/v5-002.outcomes.jsonl.xz
 create mode 100644 research/p9-six-route/ash-inheritance-20260909/hand-value-v1/execution-1/v5/11/v5-002.stderr
 create mode 100644 research/p9-six-route/ash-inheritance-20260909/hand-value-v1/execution-1/v5/11/v5-002.stdout
 create mode 100644 research/p9-six-route/ash-inheritance-20260909/hand-value-v1/execution-1/v5/11/v5-002.traces.jsonl.xz
 create mode 100644 research/p9-six-route/ash-inheritance-20260909/hand-value-v1/execution-1/v5/COST-PROGRESS.json
[detached HEAD 40621b6] research(p9): preserve Hand v5 matched group 2
 65 files changed, 596 insertions(+), 4 deletions(-)
 create mode 100644 research/p9-six-route/ash-inheritance-20260909/hand-value-v1/execution-1/v5/00/v5-004.RECEIPT.json
 create mode 100644 research/p9-six-route/ash-inheritance-20260909/hand-value-v1/execution-1/v5/00/v5-004.command.json
 create mode 100644 research/p9-six-route/ash-inheritance-20260909/hand-value-v1/execution-1/v5/00/v5-004.config.json
 create mode 100644 research/p9-six-route/ash-inheritance-20260909/hand-value-v1/execution-1/v5/00/v5-004.cpu.txt
 create mode 100644 research/p9-six-route/ash-inheritance-20260909/hand-value-v1/execution-1/v5/00/v5-004.outcomes.jsonl.xz
 create mode 100644 research/p9-six-route/ash-inheritance-20260909/hand-value-v1/execution-1/v5/00/v5-004.stderr
 create mode 100644 research/p9-six-route/ash-inheritance-20260909/hand-value-v1/execution-1/v5/00/v5-004.stdout
 create mode 100644 research/p9-six-route/ash-inheritance-20260909/hand-value-v1/execution-1/v5/00/v5-004.traces.jsonl.xz
 create mode 100644 research/p9-six-route/ash-inheritance-20260909/hand-value-v1/execution-1/v5/00/v5-006.RECEIPT.json
 create mode 100644 research/p9-six-route/ash-inheritance-20260909/hand-value-v1/execution-1/v5/00/v5-006.command.json
 create mode 100644 research/p9-six-route/ash-inheritance-20260909/hand-value-v1/execution-1/v5/00/v5-006.config.json
 create mode 100644 research/p9-six-route/ash-inheritance-20260909/hand-value-v1/execution-1/v5/00/v5-006.cpu.txt
 create mode 100644 research/p9-six-route/ash-inheritance-20260909/hand-value-v1/execution-1/v5/00/v5-006.outcomes.jsonl.xz
 create mode 100644 research/p9-six-route/ash-inheritance-20260909/hand-value-v1/execution-1/v5/00/v5-006.stderr
 create mode 100644 research/p9-six-route/ash-inheritance-20260909/hand-value-v1/execution-1/v5/00/v5-006.stdout
 create mode 100644 research/p9-six-route/ash-inheritance-20260909/hand-value-v1/execution-1/v5/00/v5-006.traces.jsonl.xz
 create mode 100644 research/p9-six-route/ash-inheritance-20260909/hand-value-v1/execution-1/v5/01/v5-004.RECEIPT.json
 create mode 100644 research/p9-six-route/ash-inheritance-20260909/hand-value-v1/execution-1/v5/01/v5-004.command.json
 create mode 100644 research/p9-six-route/ash-inheritance-20260909/hand-value-v1/execution-1/v5/01/v5-004.config.json
 create mode 100644 research/p9-six-route/ash-inheritance-20260909/hand-value-v1/execution-1/v5/01/v5-004.cpu.txt
 create mode 100644 research/p9-six-route/ash-inheritance-20260909/hand-value-v1/execution-1/v5/01/v5-004.outcomes.jsonl.xz
 create mode 100644 research/p9-six-route/ash-inheritance-20260909/hand-value-v1/execution-1/v5/01/v5-004.stderr
 create mode 100644 research/p9-six-route/ash-inheritance-20260909/hand-value-v1/execution-1/v5/01/v5-004.stdout
 create mode 100644 research/p9-six-route/ash-inheritance-20260909/hand-value-v1/execution-1/v5/01/v5-004.traces.jsonl.xz
 create mode 100644 research/p9-six-route/ash-inheritance-20260909/hand-value-v1/execution-1/v5/01/v5-006.RECEIPT.json
 create mode 100644 research/p9-six-route/ash-inheritance-20260909/hand-value-v1/execution-1/v5/01/v5-006.command.json
 create mode 100644 research/p9-six-route/ash-inheritance-20260909/hand-value-v1/execution-1/v5/01/v5-006.config.json
 create mode 100644 research/p9-six-route/ash-inheritance-20260909/hand-value-v1/execution-1/v5/01/v5-006.cpu.txt
 create mode 100644 research/p9-six-route/ash-inheritance-20260909/hand-value-v1/execution-1/v5/01/v5-006.outcomes.jsonl.xz
 create mode 100644 research/p9-six-route/ash-inheritance-20260909/hand-value-v1/execution-1/v5/01/v5-006.stderr
 create mode 100644 research/p9-six-route/ash-inheritance-20260909/hand-value-v1/execution-1/v5/01/v5-006.stdout
 create mode 100644 research/p9-six-route/ash-inheritance-20260909/hand-value-v1/execution-1/v5/01/v5-006.traces.jsonl.xz
 create mode 100644 research/p9-six-route/ash-inheritance-20260909/hand-value-v1/execution-1/v5/10/v5-004.RECEIPT.json
 create mode 100644 research/p9-six-route/ash-inheritance-20260909/hand-value-v1/execution-1/v5/10/v5-004.command.json
 create mode 100644 research/p9-six-route/ash-inheritance-20260909/hand-value-v1/execution-1/v5/10/v5-004.config.json
 create mode 100644 research/p9-six-route/ash-inheritance-20260909/hand-value-v1/execution-1/v5/10/v5-004.cpu.txt
 create mode 100644 research/p9-six-route/ash-inheritance-20260909/hand-value-v1/execution-1/v5/10/v5-004.outcomes.jsonl.xz
 create mode 100644 research/p9-six-route/ash-inheritance-20260909/hand-value-v1/execution-1/v5/10/v5-004.stderr
 create mode 100644 research/p9-six-route/ash-inheritance-20260909/hand-value-v1/execution-1/v5/10/v5-004.stdout
 create mode 100644 research/p9-six-route/ash-inheritance-20260909/hand-value-v1/execution-1/v5/10/v5-004.traces.jsonl.xz
 create mode 100644 research/p9-six-route/ash-inheritance-20260909/hand-value-v1/execution-1/v5/10/v5-006.RECEIPT.json
 create mode 100644 research/p9-six-route/ash-inheritance-20260909/hand-value-v1/execution-1/v5/10/v5-006.command.json
 create mode 100644 research/p9-six-route/ash-inheritance-20260909/hand-value-v1/execution-1/v5/10/v5-006.config.json
 create mode 100644 research/p9-six-route/ash-inheritance-20260909/hand-value-v1/execution-1/v5/10/v5-006.cpu.txt
 create mode 100644 research/p9-six-route/ash-inheritance-20260909/hand-value-v1/execution-1/v5/10/v5-006.outcomes.jsonl.xz
 create mode 100644 research/p9-six-route/ash-inheritance-20260909/hand-value-v1/execution-1/v5/10/v5-006.stderr
 create mode 100644 research/p9-six-route/ash-inheritance-20260909/hand-value-v1/execution-1/v5/10/v5-006.stdout
 create mode 100644 research/p9-six-route/ash-inheritance-20260909/hand-value-v1/execution-1/v5/10/v5-006.traces.jsonl.xz
 create mode 100644 research/p9-six-route/ash-inheritance-20260909/hand-value-v1/execution-1/v5/11/v5-004.RECEIPT.json
 create mode 100644 research/p9-six-route/ash-inheritance-20260909/hand-value-v1/execution-1/v5/11/v5-004.command.json
 create mode 100644 research/p9-six-route/ash-inheritance-20260909/hand-value-v1/execution-1/v5/11/v5-004.config.json
 create mode 100644 research/p9-six-route/ash-inheritance-20260909/hand-value-v1/execution-1/v5/11/v5-004.cpu.txt
 create mode 100644 research/p9-six-route/ash-inheritance-20260909/hand-value-v1/execution-1/v5/11/v5-004.outcomes.jsonl.xz
 create mode 100644 research/p9-six-route/ash-inheritance-20260909/hand-value-v1/execution-1/v5/11/v5-004.stderr
 create mode 100644 research/p9-six-route/ash-inheritance-20260909/hand-value-v1/execution-1/v5/11/v5-004.stdout
 create mode 100644 research/p9-six-route/ash-inheritance-20260909/hand-value-v1/execution-1/v5/11/v5-004.traces.jsonl.xz
 create mode 100644 research/p9-six-route/ash-inheritance-20260909/hand-value-v1/execution-1/v5/11/v5-006.RECEIPT.json
 create mode 100644 research/p9-six-route/ash-inheritance-20260909/hand-value-v1/execution-1/v5/11/v5-006.command.json
 create mode 100644 research/p9-six-route/ash-inheritance-20260909/hand-value-v1/execution-1/v5/11/v5-006.config.json
 create mode 100644 research/p9-six-route/ash-inheritance-20260909/hand-value-v1/execution-1/v5/11/v5-006.cpu.txt
 create mode 100644 research/p9-six-route/ash-inheritance-20260909/hand-value-v1/execution-1/v5/11/v5-006.outcomes.jsonl.xz
 create mode 100644 research/p9-six-route/ash-inheritance-20260909/hand-value-v1/execution-1/v5/11/v5-006.stderr
 create mode 100644 research/p9-six-route/ash-inheritance-20260909/hand-value-v1/execution-1/v5/11/v5-006.stdout
 create mode 100644 research/p9-six-route/ash-inheritance-20260909/hand-value-v1/execution-1/v5/11/v5-006.traces.jsonl.xz
[detached HEAD 9b80188] research(p9): preserve Hand v5 matched group 3
 65 files changed, 596 insertions(+), 4 deletions(-)
 create mode 100644 research/p9-six-route/ash-inheritance-20260909/hand-value-v1/execution-1/v5/00/v5-008.RECEIPT.json
 create mode 100644 research/p9-six-route/ash-inheritance-20260909/hand-value-v1/execution-1/v5/00/v5-008.command.json
 create mode 100644 research/p9-six-route/ash-inheritance-20260909/hand-value-v1/execution-1/v5/00/v5-008.config.json
 create mode 100644 research/p9-six-route/ash-inheritance-20260909/hand-value-v1/execution-1/v5/00/v5-008.cpu.txt
 create mode 100644 research/p9-six-route/ash-inheritance-20260909/hand-value-v1/execution-1/v5/00/v5-008.outcomes.jsonl.xz
 create mode 100644 research/p9-six-route/ash-inheritance-20260909/hand-value-v1/execution-1/v5/00/v5-008.stderr
 create mode 100644 research/p9-six-route/ash-inheritance-20260909/hand-value-v1/execution-1/v5/00/v5-008.stdout
 create mode 100644 research/p9-six-route/ash-inheritance-20260909/hand-value-v1/execution-1/v5/00/v5-008.traces.jsonl.xz
 create mode 100644 research/p9-six-route/ash-inheritance-20260909/hand-value-v1/execution-1/v5/00/v5-010.RECEIPT.json
 create mode 100644 research/p9-six-route/ash-inheritance-20260909/hand-value-v1/execution-1/v5/00/v5-010.command.json
 create mode 100644 research/p9-six-route/ash-inheritance-20260909/hand-value-v1/execution-1/v5/00/v5-010.config.json
 create mode 100644 research/p9-six-route/ash-inheritance-20260909/hand-value-v1/execution-1/v5/00/v5-010.cpu.txt
 create mode 100644 research/p9-six-route/ash-inheritance-20260909/hand-value-v1/execution-1/v5/00/v5-010.outcomes.jsonl.xz
 create mode 100644 research/p9-six-route/ash-inheritance-20260909/hand-value-v1/execution-1/v5/00/v5-010.stderr
 create mode 100644 research/p9-six-route/ash-inheritance-20260909/hand-value-v1/execution-1/v5/00/v5-010.stdout
 create mode 100644 research/p9-six-route/ash-inheritance-20260909/hand-value-v1/execution-1/v5/00/v5-010.traces.jsonl.xz
 create mode 100644 research/p9-six-route/ash-inheritance-20260909/hand-value-v1/execution-1/v5/01/v5-008.RECEIPT.json
 create mode 100644 research/p9-six-route/ash-inheritance-20260909/hand-value-v1/execution-1/v5/01/v5-008.command.json
 create mode 100644 research/p9-six-route/ash-inheritance-20260909/hand-value-v1/execution-1/v5/01/v5-008.config.json
 create mode 100644 research/p9-six-route/ash-inheritance-20260909/hand-value-v1/execution-1/v5/01/v5-008.cpu.txt
 create mode 100644 research/p9-six-route/ash-inheritance-20260909/hand-value-v1/execution-1/v5/01/v5-008.outcomes.jsonl.xz
 create mode 100644 research/p9-six-route/ash-inheritance-20260909/hand-value-v1/execution-1/v5/01/v5-008.stderr
 create mode 100644 research/p9-six-route/ash-inheritance-20260909/hand-value-v1/execution-1/v5/01/v5-008.stdout
 create mode 100644 research/p9-six-route/ash-inheritance-20260909/hand-value-v1/execution-1/v5/01/v5-008.traces.jsonl.xz
 create mode 100644 research/p9-six-route/ash-inheritance-20260909/hand-value-v1/execution-1/v5/01/v5-010.RECEIPT.json
 create mode 100644 research/p9-six-route/ash-inheritance-20260909/hand-value-v1/execution-1/v5/01/v5-010.command.json
 create mode 100644 research/p9-six-route/ash-inheritance-20260909/hand-value-v1/execution-1/v5/01/v5-010.config.json
 create mode 100644 research/p9-six-route/ash-inheritance-20260909/hand-value-v1/execution-1/v5/01/v5-010.cpu.txt
 create mode 100644 research/p9-six-route/ash-inheritance-20260909/hand-value-v1/execution-1/v5/01/v5-010.outcomes.jsonl.xz
 create mode 100644 research/p9-six-route/ash-inheritance-20260909/hand-value-v1/execution-1/v5/01/v5-010.stderr
 create mode 100644 research/p9-six-route/ash-inheritance-20260909/hand-value-v1/execution-1/v5/01/v5-010.stdout
 create mode 100644 research/p9-six-route/ash-inheritance-20260909/hand-value-v1/execution-1/v5/01/v5-010.traces.jsonl.xz
 create mode 100644 research/p9-six-route/ash-inheritance-20260909/hand-value-v1/execution-1/v5/10/v5-008.RECEIPT.json
 create mode 100644 research/p9-six-route/ash-inheritance-20260909/hand-value-v1/execution-1/v5/10/v5-008.command.json
 create mode 100644 research/p9-six-route/ash-inheritance-20260909/hand-value-v1/execution-1/v5/10/v5-008.config.json
 create mode 100644 research/p9-six-route/ash-inheritance-20260909/hand-value-v1/execution-1/v5/10/v5-008.cpu.txt
 create mode 100644 research/p9-six-route/ash-inheritance-20260909/hand-value-v1/execution-1/v5/10/v5-008.outcomes.jsonl.xz
 create mode 100644 research/p9-six-route/ash-inheritance-20260909/hand-value-v1/execution-1/v5/10/v5-008.stderr
 create mode 100644 research/p9-six-route/ash-inheritance-20260909/hand-value-v1/execution-1/v5/10/v5-008.stdout
 create mode 100644 research/p9-six-route/ash-inheritance-20260909/hand-value-v1/execution-1/v5/10/v5-008.traces.jsonl.xz
 create mode 100644 research/p9-six-route/ash-inheritance-20260909/hand-value-v1/execution-1/v5/10/v5-010.RECEIPT.json
 create mode 100644 research/p9-six-route/ash-inheritance-20260909/hand-value-v1/execution-1/v5/10/v5-010.command.json
 create mode 100644 research/p9-six-route/ash-inheritance-20260909/hand-value-v1/execution-1/v5/10/v5-010.config.json
 create mode 100644 research/p9-six-route/ash-inheritance-20260909/hand-value-v1/execution-1/v5/10/v5-010.cpu.txt
 create mode 100644 research/p9-six-route/ash-inheritance-20260909/hand-value-v1/execution-1/v5/10/v5-010.outcomes.jsonl.xz
 create mode 100644 research/p9-six-route/ash-inheritance-20260909/hand-value-v1/execution-1/v5/10/v5-010.stderr
 create mode 100644 research/p9-six-route/ash-inheritance-20260909/hand-value-v1/execution-1/v5/10/v5-010.stdout
 create mode 100644 research/p9-six-route/ash-inheritance-20260909/hand-value-v1/execution-1/v5/10/v5-010.traces.jsonl.xz
 create mode 100644 research/p9-six-route/ash-inheritance-20260909/hand-value-v1/execution-1/v5/11/v5-008.RECEIPT.json
 create mode 100644 research/p9-six-route/ash-inheritance-20260909/hand-value-v1/execution-1/v5/11/v5-008.command.json
 create mode 100644 research/p9-six-route/ash-inheritance-20260909/hand-value-v1/execution-1/v5/11/v5-008.config.json
 create mode 100644 research/p9-six-route/ash-inheritance-20260909/hand-value-v1/execution-1/v5/11/v5-008.cpu.txt
 create mode 100644 research/p9-six-route/ash-inheritance-20260909/hand-value-v1/execution-1/v5/11/v5-008.outcomes.jsonl.xz
 create mode 100644 research/p9-six-route/ash-inheritance-20260909/hand-value-v1/execution-1/v5/11/v5-008.stderr
 create mode 100644 research/p9-six-route/ash-inheritance-20260909/hand-value-v1/execution-1/v5/11/v5-008.stdout
 create mode 100644 research/p9-six-route/ash-inheritance-20260909/hand-value-v1/execution-1/v5/11/v5-008.traces.jsonl.xz
 create mode 100644 research/p9-six-route/ash-inheritance-20260909/hand-value-v1/execution-1/v5/11/v5-010.RECEIPT.json
 create mode 100644 research/p9-six-route/ash-inheritance-20260909/hand-value-v1/execution-1/v5/11/v5-010.command.json
 create mode 100644 research/p9-six-route/ash-inheritance-20260909/hand-value-v1/execution-1/v5/11/v5-010.config.json
 create mode 100644 research/p9-six-route/ash-inheritance-20260909/hand-value-v1/execution-1/v5/11/v5-010.cpu.txt
 create mode 100644 research/p9-six-route/ash-inheritance-20260909/hand-value-v1/execution-1/v5/11/v5-010.outcomes.jsonl.xz
 create mode 100644 research/p9-six-route/ash-inheritance-20260909/hand-value-v1/execution-1/v5/11/v5-010.stderr
 create mode 100644 research/p9-six-route/ash-inheritance-20260909/hand-value-v1/execution-1/v5/11/v5-010.stdout
 create mode 100644 research/p9-six-route/ash-inheritance-20260909/hand-value-v1/execution-1/v5/11/v5-010.traces.jsonl.xz
[detached HEAD 3227dd5] research(p9): preserve Hand v5 matched group 4
 65 files changed, 596 insertions(+), 4 deletions(-)
 create mode 100644 research/p9-six-route/ash-inheritance-20260909/hand-value-v1/execution-1/v5/00/v5-012.RECEIPT.json
 create mode 100644 research/p9-six-route/ash-inheritance-20260909/hand-value-v1/execution-1/v5/00/v5-012.command.json
 create mode 100644 research/p9-six-route/ash-inheritance-20260909/hand-value-v1/execution-1/v5/00/v5-012.config.json
 create mode 100644 research/p9-six-route/ash-inheritance-20260909/hand-value-v1/execution-1/v5/00/v5-012.cpu.txt
 create mode 100644 research/p9-six-route/ash-inheritance-20260909/hand-value-v1/execution-1/v5/00/v5-012.outcomes.jsonl.xz
 create mode 100644 research/p9-six-route/ash-inheritance-20260909/hand-value-v1/execution-1/v5/00/v5-012.stderr
 create mode 100644 research/p9-six-route/ash-inheritance-20260909/hand-value-v1/execution-1/v5/00/v5-012.stdout
 create mode 100644 research/p9-six-route/ash-inheritance-20260909/hand-value-v1/execution-1/v5/00/v5-012.traces.jsonl.xz
 create mode 100644 research/p9-six-route/ash-inheritance-20260909/hand-value-v1/execution-1/v5/00/v5-014.RECEIPT.json
 create mode 100644 research/p9-six-route/ash-inheritance-20260909/hand-value-v1/execution-1/v5/00/v5-014.command.json
 create mode 100644 research/p9-six-route/ash-inheritance-20260909/hand-value-v1/execution-1/v5/00/v5-014.config.json
 create mode 100644 research/p9-six-route/ash-inheritance-20260909/hand-value-v1/execution-1/v5/00/v5-014.cpu.txt
 create mode 100644 research/p9-six-route/ash-inheritance-20260909/hand-value-v1/execution-1/v5/00/v5-014.outcomes.jsonl.xz
 create mode 100644 research/p9-six-route/ash-inheritance-20260909/hand-value-v1/execution-1/v5/00/v5-014.stderr
 create mode 100644 research/p9-six-route/ash-inheritance-20260909/hand-value-v1/execution-1/v5/00/v5-014.stdout
 create mode 100644 research/p9-six-route/ash-inheritance-20260909/hand-value-v1/execution-1/v5/00/v5-014.traces.jsonl.xz
 create mode 100644 research/p9-six-route/ash-inheritance-20260909/hand-value-v1/execution-1/v5/01/v5-012.RECEIPT.json
 create mode 100644 research/p9-six-route/ash-inheritance-20260909/hand-value-v1/execution-1/v5/01/v5-012.command.json
 create mode 100644 research/p9-six-route/ash-inheritance-20260909/hand-value-v1/execution-1/v5/01/v5-012.config.json
 create mode 100644 research/p9-six-route/ash-inheritance-20260909/hand-value-v1/execution-1/v5/01/v5-012.cpu.txt
 create mode 100644 research/p9-six-route/ash-inheritance-20260909/hand-value-v1/execution-1/v5/01/v5-012.outcomes.jsonl.xz
 create mode 100644 research/p9-six-route/ash-inheritance-20260909/hand-value-v1/execution-1/v5/01/v5-012.stderr
 create mode 100644 research/p9-six-route/ash-inheritance-20260909/hand-value-v1/execution-1/v5/01/v5-012.stdout
 create mode 100644 research/p9-six-route/ash-inheritance-20260909/hand-value-v1/execution-1/v5/01/v5-012.traces.jsonl.xz
 create mode 100644 research/p9-six-route/ash-inheritance-20260909/hand-value-v1/execution-1/v5/01/v5-014.RECEIPT.json
 create mode 100644 research/p9-six-route/ash-inheritance-20260909/hand-value-v1/execution-1/v5/01/v5-014.command.json
 create mode 100644 research/p9-six-route/ash-inheritance-20260909/hand-value-v1/execution-1/v5/01/v5-014.config.json
 create mode 100644 research/p9-six-route/ash-inheritance-20260909/hand-value-v1/execution-1/v5/01/v5-014.cpu.txt
 create mode 100644 research/p9-six-route/ash-inheritance-20260909/hand-value-v1/execution-1/v5/01/v5-014.outcomes.jsonl.xz
 create mode 100644 research/p9-six-route/ash-inheritance-20260909/hand-value-v1/execution-1/v5/01/v5-014.stderr
 create mode 100644 research/p9-six-route/ash-inheritance-20260909/hand-value-v1/execution-1/v5/01/v5-014.stdout
 create mode 100644 research/p9-six-route/ash-inheritance-20260909/hand-value-v1/execution-1/v5/01/v5-014.traces.jsonl.xz
 create mode 100644 research/p9-six-route/ash-inheritance-20260909/hand-value-v1/execution-1/v5/10/v5-012.RECEIPT.json
 create mode 100644 research/p9-six-route/ash-inheritance-20260909/hand-value-v1/execution-1/v5/10/v5-012.command.json
 create mode 100644 research/p9-six-route/ash-inheritance-20260909/hand-value-v1/execution-1/v5/10/v5-012.config.json
 create mode 100644 research/p9-six-route/ash-inheritance-20260909/hand-value-v1/execution-1/v5/10/v5-012.cpu.txt
 create mode 100644 research/p9-six-route/ash-inheritance-20260909/hand-value-v1/execution-1/v5/10/v5-012.outcomes.jsonl.xz
 create mode 100644 research/p9-six-route/ash-inheritance-20260909/hand-value-v1/execution-1/v5/10/v5-012.stderr
 create mode 100644 research/p9-six-route/ash-inheritance-20260909/hand-value-v1/execution-1/v5/10/v5-012.stdout
 create mode 100644 research/p9-six-route/ash-inheritance-20260909/hand-value-v1/execution-1/v5/10/v5-012.traces.jsonl.xz
 create mode 100644 research/p9-six-route/ash-inheritance-20260909/hand-value-v1/execution-1/v5/10/v5-014.RECEIPT.json
 create mode 100644 research/p9-six-route/ash-inheritance-20260909/hand-value-v1/execution-1/v5/10/v5-014.command.json
 create mode 100644 research/p9-six-route/ash-inheritance-20260909/hand-value-v1/execution-1/v5/10/v5-014.config.json
 create mode 100644 research/p9-six-route/ash-inheritance-20260909/hand-value-v1/execution-1/v5/10/v5-014.cpu.txt
 create mode 100644 research/p9-six-route/ash-inheritance-20260909/hand-value-v1/execution-1/v5/10/v5-014.outcomes.jsonl.xz
 create mode 100644 research/p9-six-route/ash-inheritance-20260909/hand-value-v1/execution-1/v5/10/v5-014.stderr
 create mode 100644 research/p9-six-route/ash-inheritance-20260909/hand-value-v1/execution-1/v5/10/v5-014.stdout
 create mode 100644 research/p9-six-route/ash-inheritance-20260909/hand-value-v1/execution-1/v5/10/v5-014.traces.jsonl.xz
 create mode 100644 research/p9-six-route/ash-inheritance-20260909/hand-value-v1/execution-1/v5/11/v5-012.RECEIPT.json
 create mode 100644 research/p9-six-route/ash-inheritance-20260909/hand-value-v1/execution-1/v5/11/v5-012.command.json
 create mode 100644 research/p9-six-route/ash-inheritance-20260909/hand-value-v1/execution-1/v5/11/v5-012.config.json
 create mode 100644 research/p9-six-route/ash-inheritance-20260909/hand-value-v1/execution-1/v5/11/v5-012.cpu.txt
 create mode 100644 research/p9-six-route/ash-inheritance-20260909/hand-value-v1/execution-1/v5/11/v5-012.outcomes.jsonl.xz
 create mode 100644 research/p9-six-route/ash-inheritance-20260909/hand-value-v1/execution-1/v5/11/v5-012.stderr
 create mode 100644 research/p9-six-route/ash-inheritance-20260909/hand-value-v1/execution-1/v5/11/v5-012.stdout
 create mode 100644 research/p9-six-route/ash-inheritance-20260909/hand-value-v1/execution-1/v5/11/v5-012.traces.jsonl.xz
 create mode 100644 research/p9-six-route/ash-inheritance-20260909/hand-value-v1/execution-1/v5/11/v5-014.RECEIPT.json
 create mode 100644 research/p9-six-route/ash-inheritance-20260909/hand-value-v1/execution-1/v5/11/v5-014.command.json
 create mode 100644 research/p9-six-route/ash-inheritance-20260909/hand-value-v1/execution-1/v5/11/v5-014.config.json
 create mode 100644 research/p9-six-route/ash-inheritance-20260909/hand-value-v1/execution-1/v5/11/v5-014.cpu.txt
 create mode 100644 research/p9-six-route/ash-inheritance-20260909/hand-value-v1/execution-1/v5/11/v5-014.outcomes.jsonl.xz
 create mode 100644 research/p9-six-route/ash-inheritance-20260909/hand-value-v1/execution-1/v5/11/v5-014.stderr
 create mode 100644 research/p9-six-route/ash-inheritance-20260909/hand-value-v1/execution-1/v5/11/v5-014.stdout
 create mode 100644 research/p9-six-route/ash-inheritance-20260909/hand-value-v1/execution-1/v5/11/v5-014.traces.jsonl.xz
[detached HEAD 6092258] research(p9): preserve Hand v5 matched group 5
 65 files changed, 596 insertions(+), 4 deletions(-)
 create mode 100644 research/p9-six-route/ash-inheritance-20260909/hand-value-v1/execution-1/v5/00/v5-016.RECEIPT.json
 create mode 100644 research/p9-six-route/ash-inheritance-20260909/hand-value-v1/execution-1/v5/00/v5-016.command.json
 create mode 100644 research/p9-six-route/ash-inheritance-20260909/hand-value-v1/execution-1/v5/00/v5-016.config.json
 create mode 100644 research/p9-six-route/ash-inheritance-20260909/hand-value-v1/execution-1/v5/00/v5-016.cpu.txt
 create mode 100644 research/p9-six-route/ash-inheritance-20260909/hand-value-v1/execution-1/v5/00/v5-016.outcomes.jsonl.xz
 create mode 100644 research/p9-six-route/ash-inheritance-20260909/hand-value-v1/execution-1/v5/00/v5-016.stderr
 create mode 100644 research/p9-six-route/ash-inheritance-20260909/hand-value-v1/execution-1/v5/00/v5-016.stdout
 create mode 100644 research/p9-six-route/ash-inheritance-20260909/hand-value-v1/execution-1/v5/00/v5-016.traces.jsonl.xz
 create mode 100644 research/p9-six-route/ash-inheritance-20260909/hand-value-v1/execution-1/v5/00/v5-018.RECEIPT.json
 create mode 100644 research/p9-six-route/ash-inheritance-20260909/hand-value-v1/execution-1/v5/00/v5-018.command.json
 create mode 100644 research/p9-six-route/ash-inheritance-20260909/hand-value-v1/execution-1/v5/00/v5-018.config.json
 create mode 100644 research/p9-six-route/ash-inheritance-20260909/hand-value-v1/execution-1/v5/00/v5-018.cpu.txt
 create mode 100644 research/p9-six-route/ash-inheritance-20260909/hand-value-v1/execution-1/v5/00/v5-018.outcomes.jsonl.xz
 create mode 100644 research/p9-six-route/ash-inheritance-20260909/hand-value-v1/execution-1/v5/00/v5-018.stderr
 create mode 100644 research/p9-six-route/ash-inheritance-20260909/hand-value-v1/execution-1/v5/00/v5-018.stdout
 create mode 100644 research/p9-six-route/ash-inheritance-20260909/hand-value-v1/execution-1/v5/00/v5-018.traces.jsonl.xz
 create mode 100644 research/p9-six-route/ash-inheritance-20260909/hand-value-v1/execution-1/v5/01/v5-016.RECEIPT.json
 create mode 100644 research/p9-six-route/ash-inheritance-20260909/hand-value-v1/execution-1/v5/01/v5-016.command.json
 create mode 100644 research/p9-six-route/ash-inheritance-20260909/hand-value-v1/execution-1/v5/01/v5-016.config.json
 create mode 100644 research/p9-six-route/ash-inheritance-20260909/hand-value-v1/execution-1/v5/01/v5-016.cpu.txt
 create mode 100644 research/p9-six-route/ash-inheritance-20260909/hand-value-v1/execution-1/v5/01/v5-016.outcomes.jsonl.xz
 create mode 100644 research/p9-six-route/ash-inheritance-20260909/hand-value-v1/execution-1/v5/01/v5-016.stderr
 create mode 100644 research/p9-six-route/ash-inheritance-20260909/hand-value-v1/execution-1/v5/01/v5-016.stdout
 create mode 100644 research/p9-six-route/ash-inheritance-20260909/hand-value-v1/execution-1/v5/01/v5-016.traces.jsonl.xz
 create mode 100644 research/p9-six-route/ash-inheritance-20260909/hand-value-v1/execution-1/v5/01/v5-018.RECEIPT.json
 create mode 100644 research/p9-six-route/ash-inheritance-20260909/hand-value-v1/execution-1/v5/01/v5-018.command.json
 create mode 100644 research/p9-six-route/ash-inheritance-20260909/hand-value-v1/execution-1/v5/01/v5-018.config.json
 create mode 100644 research/p9-six-route/ash-inheritance-20260909/hand-value-v1/execution-1/v5/01/v5-018.cpu.txt
 create mode 100644 research/p9-six-route/ash-inheritance-20260909/hand-value-v1/execution-1/v5/01/v5-018.outcomes.jsonl.xz
 create mode 100644 research/p9-six-route/ash-inheritance-20260909/hand-value-v1/execution-1/v5/01/v5-018.stderr
 create mode 100644 research/p9-six-route/ash-inheritance-20260909/hand-value-v1/execution-1/v5/01/v5-018.stdout
 create mode 100644 research/p9-six-route/ash-inheritance-20260909/hand-value-v1/execution-1/v5/01/v5-018.traces.jsonl.xz
 create mode 100644 research/p9-six-route/ash-inheritance-20260909/hand-value-v1/execution-1/v5/10/v5-016.RECEIPT.json
 create mode 100644 research/p9-six-route/ash-inheritance-20260909/hand-value-v1/execution-1/v5/10/v5-016.command.json
 create mode 100644 research/p9-six-route/ash-inheritance-20260909/hand-value-v1/execution-1/v5/10/v5-016.config.json
 create mode 100644 research/p9-six-route/ash-inheritance-20260909/hand-value-v1/execution-1/v5/10/v5-016.cpu.txt
 create mode 100644 research/p9-six-route/ash-inheritance-20260909/hand-value-v1/execution-1/v5/10/v5-016.outcomes.jsonl.xz
 create mode 100644 research/p9-six-route/ash-inheritance-20260909/hand-value-v1/execution-1/v5/10/v5-016.stderr
 create mode 100644 research/p9-six-route/ash-inheritance-20260909/hand-value-v1/execution-1/v5/10/v5-016.stdout
 create mode 100644 research/p9-six-route/ash-inheritance-20260909/hand-value-v1/execution-1/v5/10/v5-016.traces.jsonl.xz
 create mode 100644 research/p9-six-route/ash-inheritance-20260909/hand-value-v1/execution-1/v5/10/v5-018.RECEIPT.json
 create mode 100644 research/p9-six-route/ash-inheritance-20260909/hand-value-v1/execution-1/v5/10/v5-018.command.json
 create mode 100644 research/p9-six-route/ash-inheritance-20260909/hand-value-v1/execution-1/v5/10/v5-018.config.json
 create mode 100644 research/p9-six-route/ash-inheritance-20260909/hand-value-v1/execution-1/v5/10/v5-018.cpu.txt
 create mode 100644 research/p9-six-route/ash-inheritance-20260909/hand-value-v1/execution-1/v5/10/v5-018.outcomes.jsonl.xz
 create mode 100644 research/p9-six-route/ash-inheritance-20260909/hand-value-v1/execution-1/v5/10/v5-018.stderr
 create mode 100644 research/p9-six-route/ash-inheritance-20260909/hand-value-v1/execution-1/v5/10/v5-018.stdout
 create mode 100644 research/p9-six-route/ash-inheritance-20260909/hand-value-v1/execution-1/v5/10/v5-018.traces.jsonl.xz
 create mode 100644 research/p9-six-route/ash-inheritance-20260909/hand-value-v1/execution-1/v5/11/v5-016.RECEIPT.json
 create mode 100644 research/p9-six-route/ash-inheritance-20260909/hand-value-v1/execution-1/v5/11/v5-016.command.json
 create mode 100644 research/p9-six-route/ash-inheritance-20260909/hand-value-v1/execution-1/v5/11/v5-016.config.json
 create mode 100644 research/p9-six-route/ash-inheritance-20260909/hand-value-v1/execution-1/v5/11/v5-016.cpu.txt
 create mode 100644 research/p9-six-route/ash-inheritance-20260909/hand-value-v1/execution-1/v5/11/v5-016.outcomes.jsonl.xz
 create mode 100644 research/p9-six-route/ash-inheritance-20260909/hand-value-v1/execution-1/v5/11/v5-016.stderr
 create mode 100644 research/p9-six-route/ash-inheritance-20260909/hand-value-v1/execution-1/v5/11/v5-016.stdout
 create mode 100644 research/p9-six-route/ash-inheritance-20260909/hand-value-v1/execution-1/v5/11/v5-016.traces.jsonl.xz
 create mode 100644 research/p9-six-route/ash-inheritance-20260909/hand-value-v1/execution-1/v5/11/v5-018.RECEIPT.json
 create mode 100644 research/p9-six-route/ash-inheritance-20260909/hand-value-v1/execution-1/v5/11/v5-018.command.json
 create mode 100644 research/p9-six-route/ash-inheritance-20260909/hand-value-v1/execution-1/v5/11/v5-018.config.json
 create mode 100644 research/p9-six-route/ash-inheritance-20260909/hand-value-v1/execution-1/v5/11/v5-018.cpu.txt
 create mode 100644 research/p9-six-route/ash-inheritance-20260909/hand-value-v1/execution-1/v5/11/v5-018.outcomes.jsonl.xz
 create mode 100644 research/p9-six-route/ash-inheritance-20260909/hand-value-v1/execution-1/v5/11/v5-018.stderr
 create mode 100644 research/p9-six-route/ash-inheritance-20260909/hand-value-v1/execution-1/v5/11/v5-018.stdout
 create mode 100644 research/p9-six-route/ash-inheritance-20260909/hand-value-v1/execution-1/v5/11/v5-018.traces.jsonl.xz
[detached HEAD 0a6259e] research(p9): preserve Hand v5 matched group 6
 65 files changed, 596 insertions(+), 4 deletions(-)
 create mode 100644 research/p9-six-route/ash-inheritance-20260909/hand-value-v1/execution-1/v5/00/v5-020.RECEIPT.json
 create mode 100644 research/p9-six-route/ash-inheritance-20260909/hand-value-v1/execution-1/v5/00/v5-020.command.json
 create mode 100644 research/p9-six-route/ash-inheritance-20260909/hand-value-v1/execution-1/v5/00/v5-020.config.json
 create mode 100644 research/p9-six-route/ash-inheritance-20260909/hand-value-v1/execution-1/v5/00/v5-020.cpu.txt
 create mode 100644 research/p9-six-route/ash-inheritance-20260909/hand-value-v1/execution-1/v5/00/v5-020.outcomes.jsonl.xz
 create mode 100644 research/p9-six-route/ash-inheritance-20260909/hand-value-v1/execution-1/v5/00/v5-020.stderr
 create mode 100644 research/p9-six-route/ash-inheritance-20260909/hand-value-v1/execution-1/v5/00/v5-020.stdout
 create mode 100644 research/p9-six-route/ash-inheritance-20260909/hand-value-v1/execution-1/v5/00/v5-020.traces.jsonl.xz
 create mode 100644 research/p9-six-route/ash-inheritance-20260909/hand-value-v1/execution-1/v5/00/v5-022.RECEIPT.json
 create mode 100644 research/p9-six-route/ash-inheritance-20260909/hand-value-v1/execution-1/v5/00/v5-022.command.json
 create mode 100644 research/p9-six-route/ash-inheritance-20260909/hand-value-v1/execution-1/v5/00/v5-022.config.json
 create mode 100644 research/p9-six-route/ash-inheritance-20260909/hand-value-v1/execution-1/v5/00/v5-022.cpu.txt
 create mode 100644 research/p9-six-route/ash-inheritance-20260909/hand-value-v1/execution-1/v5/00/v5-022.outcomes.jsonl.xz
 create mode 100644 research/p9-six-route/ash-inheritance-20260909/hand-value-v1/execution-1/v5/00/v5-022.stderr
 create mode 100644 research/p9-six-route/ash-inheritance-20260909/hand-value-v1/execution-1/v5/00/v5-022.stdout
 create mode 100644 research/p9-six-route/ash-inheritance-20260909/hand-value-v1/execution-1/v5/00/v5-022.traces.jsonl.xz
 create mode 100644 research/p9-six-route/ash-inheritance-20260909/hand-value-v1/execution-1/v5/01/v5-020.RECEIPT.json
 create mode 100644 research/p9-six-route/ash-inheritance-20260909/hand-value-v1/execution-1/v5/01/v5-020.command.json
 create mode 100644 research/p9-six-route/ash-inheritance-20260909/hand-value-v1/execution-1/v5/01/v5-020.config.json
 create mode 100644 research/p9-six-route/ash-inheritance-20260909/hand-value-v1/execution-1/v5/01/v5-020.cpu.txt
 create mode 100644 research/p9-six-route/ash-inheritance-20260909/hand-value-v1/execution-1/v5/01/v5-020.outcomes.jsonl.xz
 create mode 100644 research/p9-six-route/ash-inheritance-20260909/hand-value-v1/execution-1/v5/01/v5-020.stderr
 create mode 100644 research/p9-six-route/ash-inheritance-20260909/hand-value-v1/execution-1/v5/01/v5-020.stdout
 create mode 100644 research/p9-six-route/ash-inheritance-20260909/hand-value-v1/execution-1/v5/01/v5-020.traces.jsonl.xz
 create mode 100644 research/p9-six-route/ash-inheritance-20260909/hand-value-v1/execution-1/v5/01/v5-022.RECEIPT.json
 create mode 100644 research/p9-six-route/ash-inheritance-20260909/hand-value-v1/execution-1/v5/01/v5-022.command.json
 create mode 100644 research/p9-six-route/ash-inheritance-20260909/hand-value-v1/execution-1/v5/01/v5-022.config.json
 create mode 100644 research/p9-six-route/ash-inheritance-20260909/hand-value-v1/execution-1/v5/01/v5-022.cpu.txt
 create mode 100644 research/p9-six-route/ash-inheritance-20260909/hand-value-v1/execution-1/v5/01/v5-022.outcomes.jsonl.xz
 create mode 100644 research/p9-six-route/ash-inheritance-20260909/hand-value-v1/execution-1/v5/01/v5-022.stderr
 create mode 100644 research/p9-six-route/ash-inheritance-20260909/hand-value-v1/execution-1/v5/01/v5-022.stdout
 create mode 100644 research/p9-six-route/ash-inheritance-20260909/hand-value-v1/execution-1/v5/01/v5-022.traces.jsonl.xz
 create mode 100644 research/p9-six-route/ash-inheritance-20260909/hand-value-v1/execution-1/v5/10/v5-020.RECEIPT.json
 create mode 100644 research/p9-six-route/ash-inheritance-20260909/hand-value-v1/execution-1/v5/10/v5-020.command.json
 create mode 100644 research/p9-six-route/ash-inheritance-20260909/hand-value-v1/execution-1/v5/10/v5-020.config.json
 create mode 100644 research/p9-six-route/ash-inheritance-20260909/hand-value-v1/execution-1/v5/10/v5-020.cpu.txt
 create mode 100644 research/p9-six-route/ash-inheritance-20260909/hand-value-v1/execution-1/v5/10/v5-020.outcomes.jsonl.xz
 create mode 100644 research/p9-six-route/ash-inheritance-20260909/hand-value-v1/execution-1/v5/10/v5-020.stderr
 create mode 100644 research/p9-six-route/ash-inheritance-20260909/hand-value-v1/execution-1/v5/10/v5-020.stdout
 create mode 100644 research/p9-six-route/ash-inheritance-20260909/hand-value-v1/execution-1/v5/10/v5-020.traces.jsonl.xz
 create mode 100644 research/p9-six-route/ash-inheritance-20260909/hand-value-v1/execution-1/v5/10/v5-022.RECEIPT.json
 create mode 100644 research/p9-six-route/ash-inheritance-20260909/hand-value-v1/execution-1/v5/10/v5-022.command.json
 create mode 100644 research/p9-six-route/ash-inheritance-20260909/hand-value-v1/execution-1/v5/10/v5-022.config.json
 create mode 100644 research/p9-six-route/ash-inheritance-20260909/hand-value-v1/execution-1/v5/10/v5-022.cpu.txt
 create mode 100644 research/p9-six-route/ash-inheritance-20260909/hand-value-v1/execution-1/v5/10/v5-022.outcomes.jsonl.xz
 create mode 100644 research/p9-six-route/ash-inheritance-20260909/hand-value-v1/execution-1/v5/10/v5-022.stderr
 create mode 100644 research/p9-six-route/ash-inheritance-20260909/hand-value-v1/execution-1/v5/10/v5-022.stdout
 create mode 100644 research/p9-six-route/ash-inheritance-20260909/hand-value-v1/execution-1/v5/10/v5-022.traces.jsonl.xz
 create mode 100644 research/p9-six-route/ash-inheritance-20260909/hand-value-v1/execution-1/v5/11/v5-020.RECEIPT.json
 create mode 100644 research/p9-six-route/ash-inheritance-20260909/hand-value-v1/execution-1/v5/11/v5-020.command.json
 create mode 100644 research/p9-six-route/ash-inheritance-20260909/hand-value-v1/execution-1/v5/11/v5-020.config.json
 create mode 100644 research/p9-six-route/ash-inheritance-20260909/hand-value-v1/execution-1/v5/11/v5-020.cpu.txt
 create mode 100644 research/p9-six-route/ash-inheritance-20260909/hand-value-v1/execution-1/v5/11/v5-020.outcomes.jsonl.xz
 create mode 100644 research/p9-six-route/ash-inheritance-20260909/hand-value-v1/execution-1/v5/11/v5-020.stderr
 create mode 100644 research/p9-six-route/ash-inheritance-20260909/hand-value-v1/execution-1/v5/11/v5-020.stdout
 create mode 100644 research/p9-six-route/ash-inheritance-20260909/hand-value-v1/execution-1/v5/11/v5-020.traces.jsonl.xz
 create mode 100644 research/p9-six-route/ash-inheritance-20260909/hand-value-v1/execution-1/v5/11/v5-022.RECEIPT.json
 create mode 100644 research/p9-six-route/ash-inheritance-20260909/hand-value-v1/execution-1/v5/11/v5-022.command.json
 create mode 100644 research/p9-six-route/ash-inheritance-20260909/hand-value-v1/execution-1/v5/11/v5-022.config.json
 create mode 100644 research/p9-six-route/ash-inheritance-20260909/hand-value-v1/execution-1/v5/11/v5-022.cpu.txt
 create mode 100644 research/p9-six-route/ash-inheritance-20260909/hand-value-v1/execution-1/v5/11/v5-022.outcomes.jsonl.xz
 create mode 100644 research/p9-six-route/ash-inheritance-20260909/hand-value-v1/execution-1/v5/11/v5-022.stderr
 create mode 100644 research/p9-six-route/ash-inheritance-20260909/hand-value-v1/execution-1/v5/11/v5-022.stdout
 create mode 100644 research/p9-six-route/ash-inheritance-20260909/hand-value-v1/execution-1/v5/11/v5-022.traces.jsonl.xz
[detached HEAD c9168d5] research(p9): preserve Hand v5 matched group 7
 65 files changed, 596 insertions(+), 4 deletions(-)
 create mode 100644 research/p9-six-route/ash-inheritance-20260909/hand-value-v1/execution-1/v5/00/v5-024.RECEIPT.json
 create mode 100644 research/p9-six-route/ash-inheritance-20260909/hand-value-v1/execution-1/v5/00/v5-024.command.json
 create mode 100644 research/p9-six-route/ash-inheritance-20260909/hand-value-v1/execution-1/v5/00/v5-024.config.json
 create mode 100644 research/p9-six-route/ash-inheritance-20260909/hand-value-v1/execution-1/v5/00/v5-024.cpu.txt
 create mode 100644 research/p9-six-route/ash-inheritance-20260909/hand-value-v1/execution-1/v5/00/v5-024.outcomes.jsonl.xz
 create mode 100644 research/p9-six-route/ash-inheritance-20260909/hand-value-v1/execution-1/v5/00/v5-024.stderr
 create mode 100644 research/p9-six-route/ash-inheritance-20260909/hand-value-v1/execution-1/v5/00/v5-024.stdout
 create mode 100644 research/p9-six-route/ash-inheritance-20260909/hand-value-v1/execution-1/v5/00/v5-024.traces.jsonl.xz
 create mode 100644 research/p9-six-route/ash-inheritance-20260909/hand-value-v1/execution-1/v5/00/v5-026.RECEIPT.json
 create mode 100644 research/p9-six-route/ash-inheritance-20260909/hand-value-v1/execution-1/v5/00/v5-026.command.json
 create mode 100644 research/p9-six-route/ash-inheritance-20260909/hand-value-v1/execution-1/v5/00/v5-026.config.json
 create mode 100644 research/p9-six-route/ash-inheritance-20260909/hand-value-v1/execution-1/v5/00/v5-026.cpu.txt
 create mode 100644 research/p9-six-route/ash-inheritance-20260909/hand-value-v1/execution-1/v5/00/v5-026.outcomes.jsonl.xz
 create mode 100644 research/p9-six-route/ash-inheritance-20260909/hand-value-v1/execution-1/v5/00/v5-026.stderr
 create mode 100644 research/p9-six-route/ash-inheritance-20260909/hand-value-v1/execution-1/v5/00/v5-026.stdout
 create mode 100644 research/p9-six-route/ash-inheritance-20260909/hand-value-v1/execution-1/v5/00/v5-026.traces.jsonl.xz
 create mode 100644 research/p9-six-route/ash-inheritance-20260909/hand-value-v1/execution-1/v5/01/v5-024.RECEIPT.json
 create mode 100644 research/p9-six-route/ash-inheritance-20260909/hand-value-v1/execution-1/v5/01/v5-024.command.json
 create mode 100644 research/p9-six-route/ash-inheritance-20260909/hand-value-v1/execution-1/v5/01/v5-024.config.json
 create mode 100644 research/p9-six-route/ash-inheritance-20260909/hand-value-v1/execution-1/v5/01/v5-024.cpu.txt
 create mode 100644 research/p9-six-route/ash-inheritance-20260909/hand-value-v1/execution-1/v5/01/v5-024.outcomes.jsonl.xz
 create mode 100644 research/p9-six-route/ash-inheritance-20260909/hand-value-v1/execution-1/v5/01/v5-024.stderr
 create mode 100644 research/p9-six-route/ash-inheritance-20260909/hand-value-v1/execution-1/v5/01/v5-024.stdout
 create mode 100644 research/p9-six-route/ash-inheritance-20260909/hand-value-v1/execution-1/v5/01/v5-024.traces.jsonl.xz
 create mode 100644 research/p9-six-route/ash-inheritance-20260909/hand-value-v1/execution-1/v5/01/v5-026.RECEIPT.json
 create mode 100644 research/p9-six-route/ash-inheritance-20260909/hand-value-v1/execution-1/v5/01/v5-026.command.json
 create mode 100644 research/p9-six-route/ash-inheritance-20260909/hand-value-v1/execution-1/v5/01/v5-026.config.json
 create mode 100644 research/p9-six-route/ash-inheritance-20260909/hand-value-v1/execution-1/v5/01/v5-026.cpu.txt
 create mode 100644 research/p9-six-route/ash-inheritance-20260909/hand-value-v1/execution-1/v5/01/v5-026.outcomes.jsonl.xz
 create mode 100644 research/p9-six-route/ash-inheritance-20260909/hand-value-v1/execution-1/v5/01/v5-026.stderr
 create mode 100644 research/p9-six-route/ash-inheritance-20260909/hand-value-v1/execution-1/v5/01/v5-026.stdout
 create mode 100644 research/p9-six-route/ash-inheritance-20260909/hand-value-v1/execution-1/v5/01/v5-026.traces.jsonl.xz
 create mode 100644 research/p9-six-route/ash-inheritance-20260909/hand-value-v1/execution-1/v5/10/v5-024.RECEIPT.json
 create mode 100644 research/p9-six-route/ash-inheritance-20260909/hand-value-v1/execution-1/v5/10/v5-024.command.json
 create mode 100644 research/p9-six-route/ash-inheritance-20260909/hand-value-v1/execution-1/v5/10/v5-024.config.json
 create mode 100644 research/p9-six-route/ash-inheritance-20260909/hand-value-v1/execution-1/v5/10/v5-024.cpu.txt
 create mode 100644 research/p9-six-route/ash-inheritance-20260909/hand-value-v1/execution-1/v5/10/v5-024.outcomes.jsonl.xz
 create mode 100644 research/p9-six-route/ash-inheritance-20260909/hand-value-v1/execution-1/v5/10/v5-024.stderr
 create mode 100644 research/p9-six-route/ash-inheritance-20260909/hand-value-v1/execution-1/v5/10/v5-024.stdout
 create mode 100644 research/p9-six-route/ash-inheritance-20260909/hand-value-v1/execution-1/v5/10/v5-024.traces.jsonl.xz
 create mode 100644 research/p9-six-route/ash-inheritance-20260909/hand-value-v1/execution-1/v5/10/v5-026.RECEIPT.json
 create mode 100644 research/p9-six-route/ash-inheritance-20260909/hand-value-v1/execution-1/v5/10/v5-026.command.json
 create mode 100644 research/p9-six-route/ash-inheritance-20260909/hand-value-v1/execution-1/v5/10/v5-026.config.json
 create mode 100644 research/p9-six-route/ash-inheritance-20260909/hand-value-v1/execution-1/v5/10/v5-026.cpu.txt
 create mode 100644 research/p9-six-route/ash-inheritance-20260909/hand-value-v1/execution-1/v5/10/v5-026.outcomes.jsonl.xz
 create mode 100644 research/p9-six-route/ash-inheritance-20260909/hand-value-v1/execution-1/v5/10/v5-026.stderr
 create mode 100644 research/p9-six-route/ash-inheritance-20260909/hand-value-v1/execution-1/v5/10/v5-026.stdout
 create mode 100644 research/p9-six-route/ash-inheritance-20260909/hand-value-v1/execution-1/v5/10/v5-026.traces.jsonl.xz
 create mode 100644 research/p9-six-route/ash-inheritance-20260909/hand-value-v1/execution-1/v5/11/v5-024.RECEIPT.json
 create mode 100644 research/p9-six-route/ash-inheritance-20260909/hand-value-v1/execution-1/v5/11/v5-024.command.json
 create mode 100644 research/p9-six-route/ash-inheritance-20260909/hand-value-v1/execution-1/v5/11/v5-024.config.json
 create mode 100644 research/p9-six-route/ash-inheritance-20260909/hand-value-v1/execution-1/v5/11/v5-024.cpu.txt
 create mode 100644 research/p9-six-route/ash-inheritance-20260909/hand-value-v1/execution-1/v5/11/v5-024.outcomes.jsonl.xz
 create mode 100644 research/p9-six-route/ash-inheritance-20260909/hand-value-v1/execution-1/v5/11/v5-024.stderr
 create mode 100644 research/p9-six-route/ash-inheritance-20260909/hand-value-v1/execution-1/v5/11/v5-024.stdout
 create mode 100644 research/p9-six-route/ash-inheritance-20260909/hand-value-v1/execution-1/v5/11/v5-024.traces.jsonl.xz
 create mode 100644 research/p9-six-route/ash-inheritance-20260909/hand-value-v1/execution-1/v5/11/v5-026.RECEIPT.json
 create mode 100644 research/p9-six-route/ash-inheritance-20260909/hand-value-v1/execution-1/v5/11/v5-026.command.json
 create mode 100644 research/p9-six-route/ash-inheritance-20260909/hand-value-v1/execution-1/v5/11/v5-026.config.json
 create mode 100644 research/p9-six-route/ash-inheritance-20260909/hand-value-v1/execution-1/v5/11/v5-026.cpu.txt
 create mode 100644 research/p9-six-route/ash-inheritance-20260909/hand-value-v1/execution-1/v5/11/v5-026.outcomes.jsonl.xz
 create mode 100644 research/p9-six-route/ash-inheritance-20260909/hand-value-v1/execution-1/v5/11/v5-026.stderr
 create mode 100644 research/p9-six-route/ash-inheritance-20260909/hand-value-v1/execution-1/v5/11/v5-026.stdout
 create mode 100644 research/p9-six-route/ash-inheritance-20260909/hand-value-v1/execution-1/v5/11/v5-026.traces.jsonl.xz
[detached HEAD 947c1af] research(p9): preserve Hand v5 matched group 8
 65 files changed, 596 insertions(+), 4 deletions(-)
 create mode 100644 research/p9-six-route/ash-inheritance-20260909/hand-value-v1/execution-1/v5/00/v5-028.RECEIPT.json
 create mode 100644 research/p9-six-route/ash-inheritance-20260909/hand-value-v1/execution-1/v5/00/v5-028.command.json
 create mode 100644 research/p9-six-route/ash-inheritance-20260909/hand-value-v1/execution-1/v5/00/v5-028.config.json
 create mode 100644 research/p9-six-route/ash-inheritance-20260909/hand-value-v1/execution-1/v5/00/v5-028.cpu.txt
 create mode 100644 research/p9-six-route/ash-inheritance-20260909/hand-value-v1/execution-1/v5/00/v5-028.outcomes.jsonl.xz
 create mode 100644 research/p9-six-route/ash-inheritance-20260909/hand-value-v1/execution-1/v5/00/v5-028.stderr
 create mode 100644 research/p9-six-route/ash-inheritance-20260909/hand-value-v1/execution-1/v5/00/v5-028.stdout
 create mode 100644 research/p9-six-route/ash-inheritance-20260909/hand-value-v1/execution-1/v5/00/v5-028.traces.jsonl.xz
 create mode 100644 research/p9-six-route/ash-inheritance-20260909/hand-value-v1/execution-1/v5/00/v5-030.RECEIPT.json
 create mode 100644 research/p9-six-route/ash-inheritance-20260909/hand-value-v1/execution-1/v5/00/v5-030.command.json
 create mode 100644 research/p9-six-route/ash-inheritance-20260909/hand-value-v1/execution-1/v5/00/v5-030.config.json
 create mode 100644 research/p9-six-route/ash-inheritance-20260909/hand-value-v1/execution-1/v5/00/v5-030.cpu.txt
 create mode 100644 research/p9-six-route/ash-inheritance-20260909/hand-value-v1/execution-1/v5/00/v5-030.outcomes.jsonl.xz
 create mode 100644 research/p9-six-route/ash-inheritance-20260909/hand-value-v1/execution-1/v5/00/v5-030.stderr
 create mode 100644 research/p9-six-route/ash-inheritance-20260909/hand-value-v1/execution-1/v5/00/v5-030.stdout
 create mode 100644 research/p9-six-route/ash-inheritance-20260909/hand-value-v1/execution-1/v5/00/v5-030.traces.jsonl.xz
 create mode 100644 research/p9-six-route/ash-inheritance-20260909/hand-value-v1/execution-1/v5/01/v5-028.RECEIPT.json
 create mode 100644 research/p9-six-route/ash-inheritance-20260909/hand-value-v1/execution-1/v5/01/v5-028.command.json
 create mode 100644 research/p9-six-route/ash-inheritance-20260909/hand-value-v1/execution-1/v5/01/v5-028.config.json
 create mode 100644 research/p9-six-route/ash-inheritance-20260909/hand-value-v1/execution-1/v5/01/v5-028.cpu.txt
 create mode 100644 research/p9-six-route/ash-inheritance-20260909/hand-value-v1/execution-1/v5/01/v5-028.outcomes.jsonl.xz
 create mode 100644 research/p9-six-route/ash-inheritance-20260909/hand-value-v1/execution-1/v5/01/v5-028.stderr
 create mode 100644 research/p9-six-route/ash-inheritance-20260909/hand-value-v1/execution-1/v5/01/v5-028.stdout
 create mode 100644 research/p9-six-route/ash-inheritance-20260909/hand-value-v1/execution-1/v5/01/v5-028.traces.jsonl.xz
 create mode 100644 research/p9-six-route/ash-inheritance-20260909/hand-value-v1/execution-1/v5/01/v5-030.RECEIPT.json
 create mode 100644 research/p9-six-route/ash-inheritance-20260909/hand-value-v1/execution-1/v5/01/v5-030.command.json
 create mode 100644 research/p9-six-route/ash-inheritance-20260909/hand-value-v1/execution-1/v5/01/v5-030.config.json
 create mode 100644 research/p9-six-route/ash-inheritance-20260909/hand-value-v1/execution-1/v5/01/v5-030.cpu.txt
 create mode 100644 research/p9-six-route/ash-inheritance-20260909/hand-value-v1/execution-1/v5/01/v5-030.outcomes.jsonl.xz
 create mode 100644 research/p9-six-route/ash-inheritance-20260909/hand-value-v1/execution-1/v5/01/v5-030.stderr
 create mode 100644 research/p9-six-route/ash-inheritance-20260909/hand-value-v1/execution-1/v5/01/v5-030.stdout
 create mode 100644 research/p9-six-route/ash-inheritance-20260909/hand-value-v1/execution-1/v5/01/v5-030.traces.jsonl.xz
 create mode 100644 research/p9-six-route/ash-inheritance-20260909/hand-value-v1/execution-1/v5/10/v5-028.RECEIPT.json
 create mode 100644 research/p9-six-route/ash-inheritance-20260909/hand-value-v1/execution-1/v5/10/v5-028.command.json
 create mode 100644 research/p9-six-route/ash-inheritance-20260909/hand-value-v1/execution-1/v5/10/v5-028.config.json
 create mode 100644 research/p9-six-route/ash-inheritance-20260909/hand-value-v1/execution-1/v5/10/v5-028.cpu.txt
 create mode 100644 research/p9-six-route/ash-inheritance-20260909/hand-value-v1/execution-1/v5/10/v5-028.outcomes.jsonl.xz
 create mode 100644 research/p9-six-route/ash-inheritance-20260909/hand-value-v1/execution-1/v5/10/v5-028.stderr
 create mode 100644 research/p9-six-route/ash-inheritance-20260909/hand-value-v1/execution-1/v5/10/v5-028.stdout
 create mode 100644 research/p9-six-route/ash-inheritance-20260909/hand-value-v1/execution-1/v5/10/v5-028.traces.jsonl.xz
 create mode 100644 research/p9-six-route/ash-inheritance-20260909/hand-value-v1/execution-1/v5/10/v5-030.RECEIPT.json
 create mode 100644 research/p9-six-route/ash-inheritance-20260909/hand-value-v1/execution-1/v5/10/v5-030.command.json
 create mode 100644 research/p9-six-route/ash-inheritance-20260909/hand-value-v1/execution-1/v5/10/v5-030.config.json
 create mode 100644 research/p9-six-route/ash-inheritance-20260909/hand-value-v1/execution-1/v5/10/v5-030.cpu.txt
 create mode 100644 research/p9-six-route/ash-inheritance-20260909/hand-value-v1/execution-1/v5/10/v5-030.outcomes.jsonl.xz
 create mode 100644 research/p9-six-route/ash-inheritance-20260909/hand-value-v1/execution-1/v5/10/v5-030.stderr
 create mode 100644 research/p9-six-route/ash-inheritance-20260909/hand-value-v1/execution-1/v5/10/v5-030.stdout
 create mode 100644 research/p9-six-route/ash-inheritance-20260909/hand-value-v1/execution-1/v5/10/v5-030.traces.jsonl.xz
 create mode 100644 research/p9-six-route/ash-inheritance-20260909/hand-value-v1/execution-1/v5/11/v5-028.RECEIPT.json
 create mode 100644 research/p9-six-route/ash-inheritance-20260909/hand-value-v1/execution-1/v5/11/v5-028.command.json
 create mode 100644 research/p9-six-route/ash-inheritance-20260909/hand-value-v1/execution-1/v5/11/v5-028.config.json
 create mode 100644 research/p9-six-route/ash-inheritance-20260909/hand-value-v1/execution-1/v5/11/v5-028.cpu.txt
 create mode 100644 research/p9-six-route/ash-inheritance-20260909/hand-value-v1/execution-1/v5/11/v5-028.outcomes.jsonl.xz
 create mode 100644 research/p9-six-route/ash-inheritance-20260909/hand-value-v1/execution-1/v5/11/v5-028.stderr
 create mode 100644 research/p9-six-route/ash-inheritance-20260909/hand-value-v1/execution-1/v5/11/v5-028.stdout
 create mode 100644 research/p9-six-route/ash-inheritance-20260909/hand-value-v1/execution-1/v5/11/v5-028.traces.jsonl.xz
 create mode 100644 research/p9-six-route/ash-inheritance-20260909/hand-value-v1/execution-1/v5/11/v5-030.RECEIPT.json
 create mode 100644 research/p9-six-route/ash-inheritance-20260909/hand-value-v1/execution-1/v5/11/v5-030.command.json
 create mode 100644 research/p9-six-route/ash-inheritance-20260909/hand-value-v1/execution-1/v5/11/v5-030.config.json
 create mode 100644 research/p9-six-route/ash-inheritance-20260909/hand-value-v1/execution-1/v5/11/v5-030.cpu.txt
 create mode 100644 research/p9-six-route/ash-inheritance-20260909/hand-value-v1/execution-1/v5/11/v5-030.outcomes.jsonl.xz
 create mode 100644 research/p9-six-route/ash-inheritance-20260909/hand-value-v1/execution-1/v5/11/v5-030.stderr
 create mode 100644 research/p9-six-route/ash-inheritance-20260909/hand-value-v1/execution-1/v5/11/v5-030.stdout
 create mode 100644 research/p9-six-route/ash-inheritance-20260909/hand-value-v1/execution-1/v5/11/v5-030.traces.jsonl.xz
[detached HEAD ecf88a9] research(p9): preserve Hand v5 matched group 9
 65 files changed, 596 insertions(+), 4 deletions(-)
 create mode 100644 research/p9-six-route/ash-inheritance-20260909/hand-value-v1/execution-1/v5/00/v5-032.RECEIPT.json
 create mode 100644 research/p9-six-route/ash-inheritance-20260909/hand-value-v1/execution-1/v5/00/v5-032.command.json
 create mode 100644 research/p9-six-route/ash-inheritance-20260909/hand-value-v1/execution-1/v5/00/v5-032.config.json
 create mode 100644 research/p9-six-route/ash-inheritance-20260909/hand-value-v1/execution-1/v5/00/v5-032.cpu.txt
 create mode 100644 research/p9-six-route/ash-inheritance-20260909/hand-value-v1/execution-1/v5/00/v5-032.outcomes.jsonl.xz
 create mode 100644 research/p9-six-route/ash-inheritance-20260909/hand-value-v1/execution-1/v5/00/v5-032.stderr
 create mode 100644 research/p9-six-route/ash-inheritance-20260909/hand-value-v1/execution-1/v5/00/v5-032.stdout
 create mode 100644 research/p9-six-route/ash-inheritance-20260909/hand-value-v1/execution-1/v5/00/v5-032.traces.jsonl.xz
 create mode 100644 research/p9-six-route/ash-inheritance-20260909/hand-value-v1/execution-1/v5/00/v5-034.RECEIPT.json
 create mode 100644 research/p9-six-route/ash-inheritance-20260909/hand-value-v1/execution-1/v5/00/v5-034.command.json
 create mode 100644 research/p9-six-route/ash-inheritance-20260909/hand-value-v1/execution-1/v5/00/v5-034.config.json
 create mode 100644 research/p9-six-route/ash-inheritance-20260909/hand-value-v1/execution-1/v5/00/v5-034.cpu.txt
 create mode 100644 research/p9-six-route/ash-inheritance-20260909/hand-value-v1/execution-1/v5/00/v5-034.outcomes.jsonl.xz
 create mode 100644 research/p9-six-route/ash-inheritance-20260909/hand-value-v1/execution-1/v5/00/v5-034.stderr
 create mode 100644 research/p9-six-route/ash-inheritance-20260909/hand-value-v1/execution-1/v5/00/v5-034.stdout
 create mode 100644 research/p9-six-route/ash-inheritance-20260909/hand-value-v1/execution-1/v5/00/v5-034.traces.jsonl.xz
 create mode 100644 research/p9-six-route/ash-inheritance-20260909/hand-value-v1/execution-1/v5/01/v5-032.RECEIPT.json
 create mode 100644 research/p9-six-route/ash-inheritance-20260909/hand-value-v1/execution-1/v5/01/v5-032.command.json
 create mode 100644 research/p9-six-route/ash-inheritance-20260909/hand-value-v1/execution-1/v5/01/v5-032.config.json
 create mode 100644 research/p9-six-route/ash-inheritance-20260909/hand-value-v1/execution-1/v5/01/v5-032.cpu.txt
 create mode 100644 research/p9-six-route/ash-inheritance-20260909/hand-value-v1/execution-1/v5/01/v5-032.outcomes.jsonl.xz
 create mode 100644 research/p9-six-route/ash-inheritance-20260909/hand-value-v1/execution-1/v5/01/v5-032.stderr
 create mode 100644 research/p9-six-route/ash-inheritance-20260909/hand-value-v1/execution-1/v5/01/v5-032.stdout
 create mode 100644 research/p9-six-route/ash-inheritance-20260909/hand-value-v1/execution-1/v5/01/v5-032.traces.jsonl.xz
 create mode 100644 research/p9-six-route/ash-inheritance-20260909/hand-value-v1/execution-1/v5/01/v5-034.RECEIPT.json
 create mode 100644 research/p9-six-route/ash-inheritance-20260909/hand-value-v1/execution-1/v5/01/v5-034.command.json
 create mode 100644 research/p9-six-route/ash-inheritance-20260909/hand-value-v1/execution-1/v5/01/v5-034.config.json
 create mode 100644 research/p9-six-route/ash-inheritance-20260909/hand-value-v1/execution-1/v5/01/v5-034.cpu.txt
 create mode 100644 research/p9-six-route/ash-inheritance-20260909/hand-value-v1/execution-1/v5/01/v5-034.outcomes.jsonl.xz
 create mode 100644 research/p9-six-route/ash-inheritance-20260909/hand-value-v1/execution-1/v5/01/v5-034.stderr
 create mode 100644 research/p9-six-route/ash-inheritance-20260909/hand-value-v1/execution-1/v5/01/v5-034.stdout
 create mode 100644 research/p9-six-route/ash-inheritance-20260909/hand-value-v1/execution-1/v5/01/v5-034.traces.jsonl.xz
 create mode 100644 research/p9-six-route/ash-inheritance-20260909/hand-value-v1/execution-1/v5/10/v5-032.RECEIPT.json
 create mode 100644 research/p9-six-route/ash-inheritance-20260909/hand-value-v1/execution-1/v5/10/v5-032.command.json
 create mode 100644 research/p9-six-route/ash-inheritance-20260909/hand-value-v1/execution-1/v5/10/v5-032.config.json
 create mode 100644 research/p9-six-route/ash-inheritance-20260909/hand-value-v1/execution-1/v5/10/v5-032.cpu.txt
 create mode 100644 research/p9-six-route/ash-inheritance-20260909/hand-value-v1/execution-1/v5/10/v5-032.outcomes.jsonl.xz
 create mode 100644 research/p9-six-route/ash-inheritance-20260909/hand-value-v1/execution-1/v5/10/v5-032.stderr
 create mode 100644 research/p9-six-route/ash-inheritance-20260909/hand-value-v1/execution-1/v5/10/v5-032.stdout
 create mode 100644 research/p9-six-route/ash-inheritance-20260909/hand-value-v1/execution-1/v5/10/v5-032.traces.jsonl.xz
 create mode 100644 research/p9-six-route/ash-inheritance-20260909/hand-value-v1/execution-1/v5/10/v5-034.RECEIPT.json
 create mode 100644 research/p9-six-route/ash-inheritance-20260909/hand-value-v1/execution-1/v5/10/v5-034.command.json
 create mode 100644 research/p9-six-route/ash-inheritance-20260909/hand-value-v1/execution-1/v5/10/v5-034.config.json
 create mode 100644 research/p9-six-route/ash-inheritance-20260909/hand-value-v1/execution-1/v5/10/v5-034.cpu.txt
 create mode 100644 research/p9-six-route/ash-inheritance-20260909/hand-value-v1/execution-1/v5/10/v5-034.outcomes.jsonl.xz
 create mode 100644 research/p9-six-route/ash-inheritance-20260909/hand-value-v1/execution-1/v5/10/v5-034.stderr
 create mode 100644 research/p9-six-route/ash-inheritance-20260909/hand-value-v1/execution-1/v5/10/v5-034.stdout
 create mode 100644 research/p9-six-route/ash-inheritance-20260909/hand-value-v1/execution-1/v5/10/v5-034.traces.jsonl.xz
 create mode 100644 research/p9-six-route/ash-inheritance-20260909/hand-value-v1/execution-1/v5/11/v5-032.RECEIPT.json
 create mode 100644 research/p9-six-route/ash-inheritance-20260909/hand-value-v1/execution-1/v5/11/v5-032.command.json
 create mode 100644 research/p9-six-route/ash-inheritance-20260909/hand-value-v1/execution-1/v5/11/v5-032.config.json
 create mode 100644 research/p9-six-route/ash-inheritance-20260909/hand-value-v1/execution-1/v5/11/v5-032.cpu.txt
 create mode 100644 research/p9-six-route/ash-inheritance-20260909/hand-value-v1/execution-1/v5/11/v5-032.outcomes.jsonl.xz
 create mode 100644 research/p9-six-route/ash-inheritance-20260909/hand-value-v1/execution-1/v5/11/v5-032.stderr
 create mode 100644 research/p9-six-route/ash-inheritance-20260909/hand-value-v1/execution-1/v5/11/v5-032.stdout
 create mode 100644 research/p9-six-route/ash-inheritance-20260909/hand-value-v1/execution-1/v5/11/v5-032.traces.jsonl.xz
 create mode 100644 research/p9-six-route/ash-inheritance-20260909/hand-value-v1/execution-1/v5/11/v5-034.RECEIPT.json
 create mode 100644 research/p9-six-route/ash-inheritance-20260909/hand-value-v1/execution-1/v5/11/v5-034.command.json
 create mode 100644 research/p9-six-route/ash-inheritance-20260909/hand-value-v1/execution-1/v5/11/v5-034.config.json
 create mode 100644 research/p9-six-route/ash-inheritance-20260909/hand-value-v1/execution-1/v5/11/v5-034.cpu.txt
 create mode 100644 research/p9-six-route/ash-inheritance-20260909/hand-value-v1/execution-1/v5/11/v5-034.outcomes.jsonl.xz
 create mode 100644 research/p9-six-route/ash-inheritance-20260909/hand-value-v1/execution-1/v5/11/v5-034.stderr
 create mode 100644 research/p9-six-route/ash-inheritance-20260909/hand-value-v1/execution-1/v5/11/v5-034.stdout
 create mode 100644 research/p9-six-route/ash-inheritance-20260909/hand-value-v1/execution-1/v5/11/v5-034.traces.jsonl.xz
[detached HEAD 5a517d5] research(p9): preserve Hand v5 matched group 10
 65 files changed, 596 insertions(+), 4 deletions(-)
 create mode 100644 research/p9-six-route/ash-inheritance-20260909/hand-value-v1/execution-1/v5/00/v5-036.RECEIPT.json
 create mode 100644 research/p9-six-route/ash-inheritance-20260909/hand-value-v1/execution-1/v5/00/v5-036.command.json
 create mode 100644 research/p9-six-route/ash-inheritance-20260909/hand-value-v1/execution-1/v5/00/v5-036.config.json
 create mode 100644 research/p9-six-route/ash-inheritance-20260909/hand-value-v1/execution-1/v5/00/v5-036.cpu.txt
 create mode 100644 research/p9-six-route/ash-inheritance-20260909/hand-value-v1/execution-1/v5/00/v5-036.outcomes.jsonl.xz
 create mode 100644 research/p9-six-route/ash-inheritance-20260909/hand-value-v1/execution-1/v5/00/v5-036.stderr
 create mode 100644 research/p9-six-route/ash-inheritance-20260909/hand-value-v1/execution-1/v5/00/v5-036.stdout
 create mode 100644 research/p9-six-route/ash-inheritance-20260909/hand-value-v1/execution-1/v5/00/v5-036.traces.jsonl.xz
 create mode 100644 research/p9-six-route/ash-inheritance-20260909/hand-value-v1/execution-1/v5/00/v5-038.RECEIPT.json
 create mode 100644 research/p9-six-route/ash-inheritance-20260909/hand-value-v1/execution-1/v5/00/v5-038.command.json
 create mode 100644 research/p9-six-route/ash-inheritance-20260909/hand-value-v1/execution-1/v5/00/v5-038.config.json
 create mode 100644 research/p9-six-route/ash-inheritance-20260909/hand-value-v1/execution-1/v5/00/v5-038.cpu.txt
 create mode 100644 research/p9-six-route/ash-inheritance-20260909/hand-value-v1/execution-1/v5/00/v5-038.outcomes.jsonl.xz
 create mode 100644 research/p9-six-route/ash-inheritance-20260909/hand-value-v1/execution-1/v5/00/v5-038.stderr
 create mode 100644 research/p9-six-route/ash-inheritance-20260909/hand-value-v1/execution-1/v5/00/v5-038.stdout
 create mode 100644 research/p9-six-route/ash-inheritance-20260909/hand-value-v1/execution-1/v5/00/v5-038.traces.jsonl.xz
 create mode 100644 research/p9-six-route/ash-inheritance-20260909/hand-value-v1/execution-1/v5/01/v5-036.RECEIPT.json
 create mode 100644 research/p9-six-route/ash-inheritance-20260909/hand-value-v1/execution-1/v5/01/v5-036.command.json
 create mode 100644 research/p9-six-route/ash-inheritance-20260909/hand-value-v1/execution-1/v5/01/v5-036.config.json
 create mode 100644 research/p9-six-route/ash-inheritance-20260909/hand-value-v1/execution-1/v5/01/v5-036.cpu.txt
 create mode 100644 research/p9-six-route/ash-inheritance-20260909/hand-value-v1/execution-1/v5/01/v5-036.outcomes.jsonl.xz
 create mode 100644 research/p9-six-route/ash-inheritance-20260909/hand-value-v1/execution-1/v5/01/v5-036.stderr
 create mode 100644 research/p9-six-route/ash-inheritance-20260909/hand-value-v1/execution-1/v5/01/v5-036.stdout
 create mode 100644 research/p9-six-route/ash-inheritance-20260909/hand-value-v1/execution-1/v5/01/v5-036.traces.jsonl.xz
 create mode 100644 research/p9-six-route/ash-inheritance-20260909/hand-value-v1/execution-1/v5/01/v5-038.RECEIPT.json
 create mode 100644 research/p9-six-route/ash-inheritance-20260909/hand-value-v1/execution-1/v5/01/v5-038.command.json
 create mode 100644 research/p9-six-route/ash-inheritance-20260909/hand-value-v1/execution-1/v5/01/v5-038.config.json
 create mode 100644 research/p9-six-route/ash-inheritance-20260909/hand-value-v1/execution-1/v5/01/v5-038.cpu.txt
 create mode 100644 research/p9-six-route/ash-inheritance-20260909/hand-value-v1/execution-1/v5/01/v5-038.outcomes.jsonl.xz
 create mode 100644 research/p9-six-route/ash-inheritance-20260909/hand-value-v1/execution-1/v5/01/v5-038.stderr
 create mode 100644 research/p9-six-route/ash-inheritance-20260909/hand-value-v1/execution-1/v5/01/v5-038.stdout
 create mode 100644 research/p9-six-route/ash-inheritance-20260909/hand-value-v1/execution-1/v5/01/v5-038.traces.jsonl.xz
 create mode 100644 research/p9-six-route/ash-inheritance-20260909/hand-value-v1/execution-1/v5/10/v5-036.RECEIPT.json
 create mode 100644 research/p9-six-route/ash-inheritance-20260909/hand-value-v1/execution-1/v5/10/v5-036.command.json
 create mode 100644 research/p9-six-route/ash-inheritance-20260909/hand-value-v1/execution-1/v5/10/v5-036.config.json
 create mode 100644 research/p9-six-route/ash-inheritance-20260909/hand-value-v1/execution-1/v5/10/v5-036.cpu.txt
 create mode 100644 research/p9-six-route/ash-inheritance-20260909/hand-value-v1/execution-1/v5/10/v5-036.outcomes.jsonl.xz
 create mode 100644 research/p9-six-route/ash-inheritance-20260909/hand-value-v1/execution-1/v5/10/v5-036.stderr
 create mode 100644 research/p9-six-route/ash-inheritance-20260909/hand-value-v1/execution-1/v5/10/v5-036.stdout
 create mode 100644 research/p9-six-route/ash-inheritance-20260909/hand-value-v1/execution-1/v5/10/v5-036.traces.jsonl.xz
 create mode 100644 research/p9-six-route/ash-inheritance-20260909/hand-value-v1/execution-1/v5/10/v5-038.RECEIPT.json
 create mode 100644 research/p9-six-route/ash-inheritance-20260909/hand-value-v1/execution-1/v5/10/v5-038.command.json
 create mode 100644 research/p9-six-route/ash-inheritance-20260909/hand-value-v1/execution-1/v5/10/v5-038.config.json
 create mode 100644 research/p9-six-route/ash-inheritance-20260909/hand-value-v1/execution-1/v5/10/v5-038.cpu.txt
 create mode 100644 research/p9-six-route/ash-inheritance-20260909/hand-value-v1/execution-1/v5/10/v5-038.outcomes.jsonl.xz
 create mode 100644 research/p9-six-route/ash-inheritance-20260909/hand-value-v1/execution-1/v5/10/v5-038.stderr
 create mode 100644 research/p9-six-route/ash-inheritance-20260909/hand-value-v1/execution-1/v5/10/v5-038.stdout
 create mode 100644 research/p9-six-route/ash-inheritance-20260909/hand-value-v1/execution-1/v5/10/v5-038.traces.jsonl.xz
 create mode 100644 research/p9-six-route/ash-inheritance-20260909/hand-value-v1/execution-1/v5/11/v5-036.RECEIPT.json
 create mode 100644 research/p9-six-route/ash-inheritance-20260909/hand-value-v1/execution-1/v5/11/v5-036.command.json
 create mode 100644 research/p9-six-route/ash-inheritance-20260909/hand-value-v1/execution-1/v5/11/v5-036.config.json
 create mode 100644 research/p9-six-route/ash-inheritance-20260909/hand-value-v1/execution-1/v5/11/v5-036.cpu.txt
 create mode 100644 research/p9-six-route/ash-inheritance-20260909/hand-value-v1/execution-1/v5/11/v5-036.outcomes.jsonl.xz
 create mode 100644 research/p9-six-route/ash-inheritance-20260909/hand-value-v1/execution-1/v5/11/v5-036.stderr
 create mode 100644 research/p9-six-route/ash-inheritance-20260909/hand-value-v1/execution-1/v5/11/v5-036.stdout
 create mode 100644 research/p9-six-route/ash-inheritance-20260909/hand-value-v1/execution-1/v5/11/v5-036.traces.jsonl.xz
 create mode 100644 research/p9-six-route/ash-inheritance-20260909/hand-value-v1/execution-1/v5/11/v5-038.RECEIPT.json
 create mode 100644 research/p9-six-route/ash-inheritance-20260909/hand-value-v1/execution-1/v5/11/v5-038.command.json
 create mode 100644 research/p9-six-route/ash-inheritance-20260909/hand-value-v1/execution-1/v5/11/v5-038.config.json
 create mode 100644 research/p9-six-route/ash-inheritance-20260909/hand-value-v1/execution-1/v5/11/v5-038.cpu.txt
 create mode 100644 research/p9-six-route/ash-inheritance-20260909/hand-value-v1/execution-1/v5/11/v5-038.outcomes.jsonl.xz
 create mode 100644 research/p9-six-route/ash-inheritance-20260909/hand-value-v1/execution-1/v5/11/v5-038.stderr
 create mode 100644 research/p9-six-route/ash-inheritance-20260909/hand-value-v1/execution-1/v5/11/v5-038.stdout
 create mode 100644 research/p9-six-route/ash-inheritance-20260909/hand-value-v1/execution-1/v5/11/v5-038.traces.jsonl.xz
[detached HEAD 5a3a727] research(p9): preserve Hand v5 matched group 11
 65 files changed, 596 insertions(+), 4 deletions(-)
 create mode 100644 research/p9-six-route/ash-inheritance-20260909/hand-value-v1/execution-1/v5/00/v5-040.RECEIPT.json
 create mode 100644 research/p9-six-route/ash-inheritance-20260909/hand-value-v1/execution-1/v5/00/v5-040.command.json
 create mode 100644 research/p9-six-route/ash-inheritance-20260909/hand-value-v1/execution-1/v5/00/v5-040.config.json
 create mode 100644 research/p9-six-route/ash-inheritance-20260909/hand-value-v1/execution-1/v5/00/v5-040.cpu.txt
 create mode 100644 research/p9-six-route/ash-inheritance-20260909/hand-value-v1/execution-1/v5/00/v5-040.outcomes.jsonl.xz
 create mode 100644 research/p9-six-route/ash-inheritance-20260909/hand-value-v1/execution-1/v5/00/v5-040.stderr
 create mode 100644 research/p9-six-route/ash-inheritance-20260909/hand-value-v1/execution-1/v5/00/v5-040.stdout
 create mode 100644 research/p9-six-route/ash-inheritance-20260909/hand-value-v1/execution-1/v5/00/v5-040.traces.jsonl.xz
 create mode 100644 research/p9-six-route/ash-inheritance-20260909/hand-value-v1/execution-1/v5/00/v5-042.RECEIPT.json
 create mode 100644 research/p9-six-route/ash-inheritance-20260909/hand-value-v1/execution-1/v5/00/v5-042.command.json
 create mode 100644 research/p9-six-route/ash-inheritance-20260909/hand-value-v1/execution-1/v5/00/v5-042.config.json
 create mode 100644 research/p9-six-route/ash-inheritance-20260909/hand-value-v1/execution-1/v5/00/v5-042.cpu.txt
 create mode 100644 research/p9-six-route/ash-inheritance-20260909/hand-value-v1/execution-1/v5/00/v5-042.outcomes.jsonl.xz
 create mode 100644 research/p9-six-route/ash-inheritance-20260909/hand-value-v1/execution-1/v5/00/v5-042.stderr
 create mode 100644 research/p9-six-route/ash-inheritance-20260909/hand-value-v1/execution-1/v5/00/v5-042.stdout
 create mode 100644 research/p9-six-route/ash-inheritance-20260909/hand-value-v1/execution-1/v5/00/v5-042.traces.jsonl.xz
 create mode 100644 research/p9-six-route/ash-inheritance-20260909/hand-value-v1/execution-1/v5/01/v5-040.RECEIPT.json
 create mode 100644 research/p9-six-route/ash-inheritance-20260909/hand-value-v1/execution-1/v5/01/v5-040.command.json
 create mode 100644 research/p9-six-route/ash-inheritance-20260909/hand-value-v1/execution-1/v5/01/v5-040.config.json
 create mode 100644 research/p9-six-route/ash-inheritance-20260909/hand-value-v1/execution-1/v5/01/v5-040.cpu.txt
 create mode 100644 research/p9-six-route/ash-inheritance-20260909/hand-value-v1/execution-1/v5/01/v5-040.outcomes.jsonl.xz
 create mode 100644 research/p9-six-route/ash-inheritance-20260909/hand-value-v1/execution-1/v5/01/v5-040.stderr
 create mode 100644 research/p9-six-route/ash-inheritance-20260909/hand-value-v1/execution-1/v5/01/v5-040.stdout
 create mode 100644 research/p9-six-route/ash-inheritance-20260909/hand-value-v1/execution-1/v5/01/v5-040.traces.jsonl.xz
 create mode 100644 research/p9-six-route/ash-inheritance-20260909/hand-value-v1/execution-1/v5/01/v5-042.RECEIPT.json
 create mode 100644 research/p9-six-route/ash-inheritance-20260909/hand-value-v1/execution-1/v5/01/v5-042.command.json
 create mode 100644 research/p9-six-route/ash-inheritance-20260909/hand-value-v1/execution-1/v5/01/v5-042.config.json
 create mode 100644 research/p9-six-route/ash-inheritance-20260909/hand-value-v1/execution-1/v5/01/v5-042.cpu.txt
 create mode 100644 research/p9-six-route/ash-inheritance-20260909/hand-value-v1/execution-1/v5/01/v5-042.outcomes.jsonl.xz
 create mode 100644 research/p9-six-route/ash-inheritance-20260909/hand-value-v1/execution-1/v5/01/v5-042.stderr
 create mode 100644 research/p9-six-route/ash-inheritance-20260909/hand-value-v1/execution-1/v5/01/v5-042.stdout
 create mode 100644 research/p9-six-route/ash-inheritance-20260909/hand-value-v1/execution-1/v5/01/v5-042.traces.jsonl.xz
 create mode 100644 research/p9-six-route/ash-inheritance-20260909/hand-value-v1/execution-1/v5/10/v5-040.RECEIPT.json
 create mode 100644 research/p9-six-route/ash-inheritance-20260909/hand-value-v1/execution-1/v5/10/v5-040.command.json
 create mode 100644 research/p9-six-route/ash-inheritance-20260909/hand-value-v1/execution-1/v5/10/v5-040.config.json
 create mode 100644 research/p9-six-route/ash-inheritance-20260909/hand-value-v1/execution-1/v5/10/v5-040.cpu.txt
 create mode 100644 research/p9-six-route/ash-inheritance-20260909/hand-value-v1/execution-1/v5/10/v5-040.outcomes.jsonl.xz
 create mode 100644 research/p9-six-route/ash-inheritance-20260909/hand-value-v1/execution-1/v5/10/v5-040.stderr
 create mode 100644 research/p9-six-route/ash-inheritance-20260909/hand-value-v1/execution-1/v5/10/v5-040.stdout
 create mode 100644 research/p9-six-route/ash-inheritance-20260909/hand-value-v1/execution-1/v5/10/v5-040.traces.jsonl.xz
 create mode 100644 research/p9-six-route/ash-inheritance-20260909/hand-value-v1/execution-1/v5/10/v5-042.RECEIPT.json
 create mode 100644 research/p9-six-route/ash-inheritance-20260909/hand-value-v1/execution-1/v5/10/v5-042.command.json
 create mode 100644 research/p9-six-route/ash-inheritance-20260909/hand-value-v1/execution-1/v5/10/v5-042.config.json
 create mode 100644 research/p9-six-route/ash-inheritance-20260909/hand-value-v1/execution-1/v5/10/v5-042.cpu.txt
 create mode 100644 research/p9-six-route/ash-inheritance-20260909/hand-value-v1/execution-1/v5/10/v5-042.outcomes.jsonl.xz
 create mode 100644 research/p9-six-route/ash-inheritance-20260909/hand-value-v1/execution-1/v5/10/v5-042.stderr
 create mode 100644 research/p9-six-route/ash-inheritance-20260909/hand-value-v1/execution-1/v5/10/v5-042.stdout
 create mode 100644 research/p9-six-route/ash-inheritance-20260909/hand-value-v1/execution-1/v5/10/v5-042.traces.jsonl.xz
 create mode 100644 research/p9-six-route/ash-inheritance-20260909/hand-value-v1/execution-1/v5/11/v5-040.RECEIPT.json
 create mode 100644 research/p9-six-route/ash-inheritance-20260909/hand-value-v1/execution-1/v5/11/v5-040.command.json
 create mode 100644 research/p9-six-route/ash-inheritance-20260909/hand-value-v1/execution-1/v5/11/v5-040.config.json
 create mode 100644 research/p9-six-route/ash-inheritance-20260909/hand-value-v1/execution-1/v5/11/v5-040.cpu.txt
 create mode 100644 research/p9-six-route/ash-inheritance-20260909/hand-value-v1/execution-1/v5/11/v5-040.outcomes.jsonl.xz
 create mode 100644 research/p9-six-route/ash-inheritance-20260909/hand-value-v1/execution-1/v5/11/v5-040.stderr
 create mode 100644 research/p9-six-route/ash-inheritance-20260909/hand-value-v1/execution-1/v5/11/v5-040.stdout
 create mode 100644 research/p9-six-route/ash-inheritance-20260909/hand-value-v1/execution-1/v5/11/v5-040.traces.jsonl.xz
 create mode 100644 research/p9-six-route/ash-inheritance-20260909/hand-value-v1/execution-1/v5/11/v5-042.RECEIPT.json
 create mode 100644 research/p9-six-route/ash-inheritance-20260909/hand-value-v1/execution-1/v5/11/v5-042.command.json
 create mode 100644 research/p9-six-route/ash-inheritance-20260909/hand-value-v1/execution-1/v5/11/v5-042.config.json
 create mode 100644 research/p9-six-route/ash-inheritance-20260909/hand-value-v1/execution-1/v5/11/v5-042.cpu.txt
 create mode 100644 research/p9-six-route/ash-inheritance-20260909/hand-value-v1/execution-1/v5/11/v5-042.outcomes.jsonl.xz
 create mode 100644 research/p9-six-route/ash-inheritance-20260909/hand-value-v1/execution-1/v5/11/v5-042.stderr
 create mode 100644 research/p9-six-route/ash-inheritance-20260909/hand-value-v1/execution-1/v5/11/v5-042.stdout
 create mode 100644 research/p9-six-route/ash-inheritance-20260909/hand-value-v1/execution-1/v5/11/v5-042.traces.jsonl.xz
[detached HEAD eb915e9] research(p9): preserve Hand v5 matched group 12
 65 files changed, 596 insertions(+), 4 deletions(-)
 create mode 100644 research/p9-six-route/ash-inheritance-20260909/hand-value-v1/execution-1/v5/00/v5-044.RECEIPT.json
 create mode 100644 research/p9-six-route/ash-inheritance-20260909/hand-value-v1/execution-1/v5/00/v5-044.command.json
 create mode 100644 research/p9-six-route/ash-inheritance-20260909/hand-value-v1/execution-1/v5/00/v5-044.config.json
 create mode 100644 research/p9-six-route/ash-inheritance-20260909/hand-value-v1/execution-1/v5/00/v5-044.cpu.txt
 create mode 100644 research/p9-six-route/ash-inheritance-20260909/hand-value-v1/execution-1/v5/00/v5-044.outcomes.jsonl.xz
 create mode 100644 research/p9-six-route/ash-inheritance-20260909/hand-value-v1/execution-1/v5/00/v5-044.stderr
 create mode 100644 research/p9-six-route/ash-inheritance-20260909/hand-value-v1/execution-1/v5/00/v5-044.stdout
 create mode 100644 research/p9-six-route/ash-inheritance-20260909/hand-value-v1/execution-1/v5/00/v5-044.traces.jsonl.xz
 create mode 100644 research/p9-six-route/ash-inheritance-20260909/hand-value-v1/execution-1/v5/00/v5-046.RECEIPT.json
 create mode 100644 research/p9-six-route/ash-inheritance-20260909/hand-value-v1/execution-1/v5/00/v5-046.command.json
 create mode 100644 research/p9-six-route/ash-inheritance-20260909/hand-value-v1/execution-1/v5/00/v5-046.config.json
 create mode 100644 research/p9-six-route/ash-inheritance-20260909/hand-value-v1/execution-1/v5/00/v5-046.cpu.txt
 create mode 100644 research/p9-six-route/ash-inheritance-20260909/hand-value-v1/execution-1/v5/00/v5-046.outcomes.jsonl.xz
 create mode 100644 research/p9-six-route/ash-inheritance-20260909/hand-value-v1/execution-1/v5/00/v5-046.stderr
 create mode 100644 research/p9-six-route/ash-inheritance-20260909/hand-value-v1/execution-1/v5/00/v5-046.stdout
 create mode 100644 research/p9-six-route/ash-inheritance-20260909/hand-value-v1/execution-1/v5/00/v5-046.traces.jsonl.xz
 create mode 100644 research/p9-six-route/ash-inheritance-20260909/hand-value-v1/execution-1/v5/01/v5-044.RECEIPT.json
 create mode 100644 research/p9-six-route/ash-inheritance-20260909/hand-value-v1/execution-1/v5/01/v5-044.command.json
 create mode 100644 research/p9-six-route/ash-inheritance-20260909/hand-value-v1/execution-1/v5/01/v5-044.config.json
 create mode 100644 research/p9-six-route/ash-inheritance-20260909/hand-value-v1/execution-1/v5/01/v5-044.cpu.txt
 create mode 100644 research/p9-six-route/ash-inheritance-20260909/hand-value-v1/execution-1/v5/01/v5-044.outcomes.jsonl.xz
 create mode 100644 research/p9-six-route/ash-inheritance-20260909/hand-value-v1/execution-1/v5/01/v5-044.stderr
 create mode 100644 research/p9-six-route/ash-inheritance-20260909/hand-value-v1/execution-1/v5/01/v5-044.stdout
 create mode 100644 research/p9-six-route/ash-inheritance-20260909/hand-value-v1/execution-1/v5/01/v5-044.traces.jsonl.xz
 create mode 100644 research/p9-six-route/ash-inheritance-20260909/hand-value-v1/execution-1/v5/01/v5-046.RECEIPT.json
 create mode 100644 research/p9-six-route/ash-inheritance-20260909/hand-value-v1/execution-1/v5/01/v5-046.command.json
 create mode 100644 research/p9-six-route/ash-inheritance-20260909/hand-value-v1/execution-1/v5/01/v5-046.config.json
 create mode 100644 research/p9-six-route/ash-inheritance-20260909/hand-value-v1/execution-1/v5/01/v5-046.cpu.txt
 create mode 100644 research/p9-six-route/ash-inheritance-20260909/hand-value-v1/execution-1/v5/01/v5-046.outcomes.jsonl.xz
 create mode 100644 research/p9-six-route/ash-inheritance-20260909/hand-value-v1/execution-1/v5/01/v5-046.stderr
 create mode 100644 research/p9-six-route/ash-inheritance-20260909/hand-value-v1/execution-1/v5/01/v5-046.stdout
 create mode 100644 research/p9-six-route/ash-inheritance-20260909/hand-value-v1/execution-1/v5/01/v5-046.traces.jsonl.xz
 create mode 100644 research/p9-six-route/ash-inheritance-20260909/hand-value-v1/execution-1/v5/10/v5-044.RECEIPT.json
 create mode 100644 research/p9-six-route/ash-inheritance-20260909/hand-value-v1/execution-1/v5/10/v5-044.command.json
 create mode 100644 research/p9-six-route/ash-inheritance-20260909/hand-value-v1/execution-1/v5/10/v5-044.config.json
 create mode 100644 research/p9-six-route/ash-inheritance-20260909/hand-value-v1/execution-1/v5/10/v5-044.cpu.txt
 create mode 100644 research/p9-six-route/ash-inheritance-20260909/hand-value-v1/execution-1/v5/10/v5-044.outcomes.jsonl.xz
 create mode 100644 research/p9-six-route/ash-inheritance-20260909/hand-value-v1/execution-1/v5/10/v5-044.stderr
 create mode 100644 research/p9-six-route/ash-inheritance-20260909/hand-value-v1/execution-1/v5/10/v5-044.stdout
 create mode 100644 research/p9-six-route/ash-inheritance-20260909/hand-value-v1/execution-1/v5/10/v5-044.traces.jsonl.xz
 create mode 100644 research/p9-six-route/ash-inheritance-20260909/hand-value-v1/execution-1/v5/10/v5-046.RECEIPT.json
 create mode 100644 research/p9-six-route/ash-inheritance-20260909/hand-value-v1/execution-1/v5/10/v5-046.command.json
 create mode 100644 research/p9-six-route/ash-inheritance-20260909/hand-value-v1/execution-1/v5/10/v5-046.config.json
 create mode 100644 research/p9-six-route/ash-inheritance-20260909/hand-value-v1/execution-1/v5/10/v5-046.cpu.txt
 create mode 100644 research/p9-six-route/ash-inheritance-20260909/hand-value-v1/execution-1/v5/10/v5-046.outcomes.jsonl.xz
 create mode 100644 research/p9-six-route/ash-inheritance-20260909/hand-value-v1/execution-1/v5/10/v5-046.stderr
 create mode 100644 research/p9-six-route/ash-inheritance-20260909/hand-value-v1/execution-1/v5/10/v5-046.stdout
 create mode 100644 research/p9-six-route/ash-inheritance-20260909/hand-value-v1/execution-1/v5/10/v5-046.traces.jsonl.xz
 create mode 100644 research/p9-six-route/ash-inheritance-20260909/hand-value-v1/execution-1/v5/11/v5-044.RECEIPT.json
 create mode 100644 research/p9-six-route/ash-inheritance-20260909/hand-value-v1/execution-1/v5/11/v5-044.command.json
 create mode 100644 research/p9-six-route/ash-inheritance-20260909/hand-value-v1/execution-1/v5/11/v5-044.config.json
 create mode 100644 research/p9-six-route/ash-inheritance-20260909/hand-value-v1/execution-1/v5/11/v5-044.cpu.txt
 create mode 100644 research/p9-six-route/ash-inheritance-20260909/hand-value-v1/execution-1/v5/11/v5-044.outcomes.jsonl.xz
 create mode 100644 research/p9-six-route/ash-inheritance-20260909/hand-value-v1/execution-1/v5/11/v5-044.stderr
 create mode 100644 research/p9-six-route/ash-inheritance-20260909/hand-value-v1/execution-1/v5/11/v5-044.stdout
 create mode 100644 research/p9-six-route/ash-inheritance-20260909/hand-value-v1/execution-1/v5/11/v5-044.traces.jsonl.xz
 create mode 100644 research/p9-six-route/ash-inheritance-20260909/hand-value-v1/execution-1/v5/11/v5-046.RECEIPT.json
 create mode 100644 research/p9-six-route/ash-inheritance-20260909/hand-value-v1/execution-1/v5/11/v5-046.command.json
 create mode 100644 research/p9-six-route/ash-inheritance-20260909/hand-value-v1/execution-1/v5/11/v5-046.config.json
 create mode 100644 research/p9-six-route/ash-inheritance-20260909/hand-value-v1/execution-1/v5/11/v5-046.cpu.txt
 create mode 100644 research/p9-six-route/ash-inheritance-20260909/hand-value-v1/execution-1/v5/11/v5-046.outcomes.jsonl.xz
 create mode 100644 research/p9-six-route/ash-inheritance-20260909/hand-value-v1/execution-1/v5/11/v5-046.stderr
 create mode 100644 research/p9-six-route/ash-inheritance-20260909/hand-value-v1/execution-1/v5/11/v5-046.stdout
 create mode 100644 research/p9-six-route/ash-inheritance-20260909/hand-value-v1/execution-1/v5/11/v5-046.traces.jsonl.xz
[detached HEAD 00564de] research(p9): preserve Hand v5 matched group 13
 65 files changed, 596 insertions(+), 4 deletions(-)
 create mode 100644 research/p9-six-route/ash-inheritance-20260909/hand-value-v1/execution-1/v5/00/v5-048.RECEIPT.json
 create mode 100644 research/p9-six-route/ash-inheritance-20260909/hand-value-v1/execution-1/v5/00/v5-048.command.json
 create mode 100644 research/p9-six-route/ash-inheritance-20260909/hand-value-v1/execution-1/v5/00/v5-048.config.json
 create mode 100644 research/p9-six-route/ash-inheritance-20260909/hand-value-v1/execution-1/v5/00/v5-048.cpu.txt
 create mode 100644 research/p9-six-route/ash-inheritance-20260909/hand-value-v1/execution-1/v5/00/v5-048.outcomes.jsonl.xz
 create mode 100644 research/p9-six-route/ash-inheritance-20260909/hand-value-v1/execution-1/v5/00/v5-048.stderr
 create mode 100644 research/p9-six-route/ash-inheritance-20260909/hand-value-v1/execution-1/v5/00/v5-048.stdout
 create mode 100644 research/p9-six-route/ash-inheritance-20260909/hand-value-v1/execution-1/v5/00/v5-048.traces.jsonl.xz
 create mode 100644 research/p9-six-route/ash-inheritance-20260909/hand-value-v1/execution-1/v5/00/v5-050.RECEIPT.json
 create mode 100644 research/p9-six-route/ash-inheritance-20260909/hand-value-v1/execution-1/v5/00/v5-050.command.json
 create mode 100644 research/p9-six-route/ash-inheritance-20260909/hand-value-v1/execution-1/v5/00/v5-050.config.json
 create mode 100644 research/p9-six-route/ash-inheritance-20260909/hand-value-v1/execution-1/v5/00/v5-050.cpu.txt
 create mode 100644 research/p9-six-route/ash-inheritance-20260909/hand-value-v1/execution-1/v5/00/v5-050.outcomes.jsonl.xz
 create mode 100644 research/p9-six-route/ash-inheritance-20260909/hand-value-v1/execution-1/v5/00/v5-050.stderr
 create mode 100644 research/p9-six-route/ash-inheritance-20260909/hand-value-v1/execution-1/v5/00/v5-050.stdout
 create mode 100644 research/p9-six-route/ash-inheritance-20260909/hand-value-v1/execution-1/v5/00/v5-050.traces.jsonl.xz
 create mode 100644 research/p9-six-route/ash-inheritance-20260909/hand-value-v1/execution-1/v5/01/v5-048.RECEIPT.json
 create mode 100644 research/p9-six-route/ash-inheritance-20260909/hand-value-v1/execution-1/v5/01/v5-048.command.json
 create mode 100644 research/p9-six-route/ash-inheritance-20260909/hand-value-v1/execution-1/v5/01/v5-048.config.json
 create mode 100644 research/p9-six-route/ash-inheritance-20260909/hand-value-v1/execution-1/v5/01/v5-048.cpu.txt
 create mode 100644 research/p9-six-route/ash-inheritance-20260909/hand-value-v1/execution-1/v5/01/v5-048.outcomes.jsonl.xz
 create mode 100644 research/p9-six-route/ash-inheritance-20260909/hand-value-v1/execution-1/v5/01/v5-048.stderr
 create mode 100644 research/p9-six-route/ash-inheritance-20260909/hand-value-v1/execution-1/v5/01/v5-048.stdout
 create mode 100644 research/p9-six-route/ash-inheritance-20260909/hand-value-v1/execution-1/v5/01/v5-048.traces.jsonl.xz
 create mode 100644 research/p9-six-route/ash-inheritance-20260909/hand-value-v1/execution-1/v5/01/v5-050.RECEIPT.json
 create mode 100644 research/p9-six-route/ash-inheritance-20260909/hand-value-v1/execution-1/v5/01/v5-050.command.json
 create mode 100644 research/p9-six-route/ash-inheritance-20260909/hand-value-v1/execution-1/v5/01/v5-050.config.json
 create mode 100644 research/p9-six-route/ash-inheritance-20260909/hand-value-v1/execution-1/v5/01/v5-050.cpu.txt
 create mode 100644 research/p9-six-route/ash-inheritance-20260909/hand-value-v1/execution-1/v5/01/v5-050.outcomes.jsonl.xz
 create mode 100644 research/p9-six-route/ash-inheritance-20260909/hand-value-v1/execution-1/v5/01/v5-050.stderr
 create mode 100644 research/p9-six-route/ash-inheritance-20260909/hand-value-v1/execution-1/v5/01/v5-050.stdout
 create mode 100644 research/p9-six-route/ash-inheritance-20260909/hand-value-v1/execution-1/v5/01/v5-050.traces.jsonl.xz
 create mode 100644 research/p9-six-route/ash-inheritance-20260909/hand-value-v1/execution-1/v5/10/v5-048.RECEIPT.json
 create mode 100644 research/p9-six-route/ash-inheritance-20260909/hand-value-v1/execution-1/v5/10/v5-048.command.json
 create mode 100644 research/p9-six-route/ash-inheritance-20260909/hand-value-v1/execution-1/v5/10/v5-048.config.json
 create mode 100644 research/p9-six-route/ash-inheritance-20260909/hand-value-v1/execution-1/v5/10/v5-048.cpu.txt
 create mode 100644 research/p9-six-route/ash-inheritance-20260909/hand-value-v1/execution-1/v5/10/v5-048.outcomes.jsonl.xz
 create mode 100644 research/p9-six-route/ash-inheritance-20260909/hand-value-v1/execution-1/v5/10/v5-048.stderr
 create mode 100644 research/p9-six-route/ash-inheritance-20260909/hand-value-v1/execution-1/v5/10/v5-048.stdout
 create mode 100644 research/p9-six-route/ash-inheritance-20260909/hand-value-v1/execution-1/v5/10/v5-048.traces.jsonl.xz
 create mode 100644 research/p9-six-route/ash-inheritance-20260909/hand-value-v1/execution-1/v5/10/v5-050.RECEIPT.json
 create mode 100644 research/p9-six-route/ash-inheritance-20260909/hand-value-v1/execution-1/v5/10/v5-050.command.json
 create mode 100644 research/p9-six-route/ash-inheritance-20260909/hand-value-v1/execution-1/v5/10/v5-050.config.json
 create mode 100644 research/p9-six-route/ash-inheritance-20260909/hand-value-v1/execution-1/v5/10/v5-050.cpu.txt
 create mode 100644 research/p9-six-route/ash-inheritance-20260909/hand-value-v1/execution-1/v5/10/v5-050.outcomes.jsonl.xz
 create mode 100644 research/p9-six-route/ash-inheritance-20260909/hand-value-v1/execution-1/v5/10/v5-050.stderr
 create mode 100644 research/p9-six-route/ash-inheritance-20260909/hand-value-v1/execution-1/v5/10/v5-050.stdout
 create mode 100644 research/p9-six-route/ash-inheritance-20260909/hand-value-v1/execution-1/v5/10/v5-050.traces.jsonl.xz
 create mode 100644 research/p9-six-route/ash-inheritance-20260909/hand-value-v1/execution-1/v5/11/v5-048.RECEIPT.json
 create mode 100644 research/p9-six-route/ash-inheritance-20260909/hand-value-v1/execution-1/v5/11/v5-048.command.json
 create mode 100644 research/p9-six-route/ash-inheritance-20260909/hand-value-v1/execution-1/v5/11/v5-048.config.json
 create mode 100644 research/p9-six-route/ash-inheritance-20260909/hand-value-v1/execution-1/v5/11/v5-048.cpu.txt
 create mode 100644 research/p9-six-route/ash-inheritance-20260909/hand-value-v1/execution-1/v5/11/v5-048.outcomes.jsonl.xz
 create mode 100644 research/p9-six-route/ash-inheritance-20260909/hand-value-v1/execution-1/v5/11/v5-048.stderr
 create mode 100644 research/p9-six-route/ash-inheritance-20260909/hand-value-v1/execution-1/v5/11/v5-048.stdout
 create mode 100644 research/p9-six-route/ash-inheritance-20260909/hand-value-v1/execution-1/v5/11/v5-048.traces.jsonl.xz
 create mode 100644 research/p9-six-route/ash-inheritance-20260909/hand-value-v1/execution-1/v5/11/v5-050.RECEIPT.json
 create mode 100644 research/p9-six-route/ash-inheritance-20260909/hand-value-v1/execution-1/v5/11/v5-050.command.json
 create mode 100644 research/p9-six-route/ash-inheritance-20260909/hand-value-v1/execution-1/v5/11/v5-050.config.json
 create mode 100644 research/p9-six-route/ash-inheritance-20260909/hand-value-v1/execution-1/v5/11/v5-050.cpu.txt
 create mode 100644 research/p9-six-route/ash-inheritance-20260909/hand-value-v1/execution-1/v5/11/v5-050.outcomes.jsonl.xz
 create mode 100644 research/p9-six-route/ash-inheritance-20260909/hand-value-v1/execution-1/v5/11/v5-050.stderr
 create mode 100644 research/p9-six-route/ash-inheritance-20260909/hand-value-v1/execution-1/v5/11/v5-050.stdout
 create mode 100644 research/p9-six-route/ash-inheritance-20260909/hand-value-v1/execution-1/v5/11/v5-050.traces.jsonl.xz
[detached HEAD 9e23685] research(p9): preserve Hand v5 matched group 14
 65 files changed, 596 insertions(+), 4 deletions(-)
 create mode 100644 research/p9-six-route/ash-inheritance-20260909/hand-value-v1/execution-1/v5/00/v5-052.RECEIPT.json
 create mode 100644 research/p9-six-route/ash-inheritance-20260909/hand-value-v1/execution-1/v5/00/v5-052.command.json
 create mode 100644 research/p9-six-route/ash-inheritance-20260909/hand-value-v1/execution-1/v5/00/v5-052.config.json
 create mode 100644 research/p9-six-route/ash-inheritance-20260909/hand-value-v1/execution-1/v5/00/v5-052.cpu.txt
 create mode 100644 research/p9-six-route/ash-inheritance-20260909/hand-value-v1/execution-1/v5/00/v5-052.outcomes.jsonl.xz
 create mode 100644 research/p9-six-route/ash-inheritance-20260909/hand-value-v1/execution-1/v5/00/v5-052.stderr
 create mode 100644 research/p9-six-route/ash-inheritance-20260909/hand-value-v1/execution-1/v5/00/v5-052.stdout
 create mode 100644 research/p9-six-route/ash-inheritance-20260909/hand-value-v1/execution-1/v5/00/v5-052.traces.jsonl.xz
 create mode 100644 research/p9-six-route/ash-inheritance-20260909/hand-value-v1/execution-1/v5/00/v5-054.RECEIPT.json
 create mode 100644 research/p9-six-route/ash-inheritance-20260909/hand-value-v1/execution-1/v5/00/v5-054.command.json
 create mode 100644 research/p9-six-route/ash-inheritance-20260909/hand-value-v1/execution-1/v5/00/v5-054.config.json
 create mode 100644 research/p9-six-route/ash-inheritance-20260909/hand-value-v1/execution-1/v5/00/v5-054.cpu.txt
 create mode 100644 research/p9-six-route/ash-inheritance-20260909/hand-value-v1/execution-1/v5/00/v5-054.outcomes.jsonl.xz
 create mode 100644 research/p9-six-route/ash-inheritance-20260909/hand-value-v1/execution-1/v5/00/v5-054.stderr
 create mode 100644 research/p9-six-route/ash-inheritance-20260909/hand-value-v1/execution-1/v5/00/v5-054.stdout
 create mode 100644 research/p9-six-route/ash-inheritance-20260909/hand-value-v1/execution-1/v5/00/v5-054.traces.jsonl.xz
 create mode 100644 research/p9-six-route/ash-inheritance-20260909/hand-value-v1/execution-1/v5/01/v5-052.RECEIPT.json
 create mode 100644 research/p9-six-route/ash-inheritance-20260909/hand-value-v1/execution-1/v5/01/v5-052.command.json
 create mode 100644 research/p9-six-route/ash-inheritance-20260909/hand-value-v1/execution-1/v5/01/v5-052.config.json
 create mode 100644 research/p9-six-route/ash-inheritance-20260909/hand-value-v1/execution-1/v5/01/v5-052.cpu.txt
 create mode 100644 research/p9-six-route/ash-inheritance-20260909/hand-value-v1/execution-1/v5/01/v5-052.outcomes.jsonl.xz
 create mode 100644 research/p9-six-route/ash-inheritance-20260909/hand-value-v1/execution-1/v5/01/v5-052.stderr
 create mode 100644 research/p9-six-route/ash-inheritance-20260909/hand-value-v1/execution-1/v5/01/v5-052.stdout
 create mode 100644 research/p9-six-route/ash-inheritance-20260909/hand-value-v1/execution-1/v5/01/v5-052.traces.jsonl.xz
 create mode 100644 research/p9-six-route/ash-inheritance-20260909/hand-value-v1/execution-1/v5/01/v5-054.RECEIPT.json
 create mode 100644 research/p9-six-route/ash-inheritance-20260909/hand-value-v1/execution-1/v5/01/v5-054.command.json
 create mode 100644 research/p9-six-route/ash-inheritance-20260909/hand-value-v1/execution-1/v5/01/v5-054.config.json
 create mode 100644 research/p9-six-route/ash-inheritance-20260909/hand-value-v1/execution-1/v5/01/v5-054.cpu.txt
 create mode 100644 research/p9-six-route/ash-inheritance-20260909/hand-value-v1/execution-1/v5/01/v5-054.outcomes.jsonl.xz
 create mode 100644 research/p9-six-route/ash-inheritance-20260909/hand-value-v1/execution-1/v5/01/v5-054.stderr
 create mode 100644 research/p9-six-route/ash-inheritance-20260909/hand-value-v1/execution-1/v5/01/v5-054.stdout
 create mode 100644 research/p9-six-route/ash-inheritance-20260909/hand-value-v1/execution-1/v5/01/v5-054.traces.jsonl.xz
 create mode 100644 research/p9-six-route/ash-inheritance-20260909/hand-value-v1/execution-1/v5/10/v5-052.RECEIPT.json
 create mode 100644 research/p9-six-route/ash-inheritance-20260909/hand-value-v1/execution-1/v5/10/v5-052.command.json
 create mode 100644 research/p9-six-route/ash-inheritance-20260909/hand-value-v1/execution-1/v5/10/v5-052.config.json
 create mode 100644 research/p9-six-route/ash-inheritance-20260909/hand-value-v1/execution-1/v5/10/v5-052.cpu.txt
 create mode 100644 research/p9-six-route/ash-inheritance-20260909/hand-value-v1/execution-1/v5/10/v5-052.outcomes.jsonl.xz
 create mode 100644 research/p9-six-route/ash-inheritance-20260909/hand-value-v1/execution-1/v5/10/v5-052.stderr
 create mode 100644 research/p9-six-route/ash-inheritance-20260909/hand-value-v1/execution-1/v5/10/v5-052.stdout
 create mode 100644 research/p9-six-route/ash-inheritance-20260909/hand-value-v1/execution-1/v5/10/v5-052.traces.jsonl.xz
 create mode 100644 research/p9-six-route/ash-inheritance-20260909/hand-value-v1/execution-1/v5/10/v5-054.RECEIPT.json
 create mode 100644 research/p9-six-route/ash-inheritance-20260909/hand-value-v1/execution-1/v5/10/v5-054.command.json
 create mode 100644 research/p9-six-route/ash-inheritance-20260909/hand-value-v1/execution-1/v5/10/v5-054.config.json
 create mode 100644 research/p9-six-route/ash-inheritance-20260909/hand-value-v1/execution-1/v5/10/v5-054.cpu.txt
 create mode 100644 research/p9-six-route/ash-inheritance-20260909/hand-value-v1/execution-1/v5/10/v5-054.outcomes.jsonl.xz
 create mode 100644 research/p9-six-route/ash-inheritance-20260909/hand-value-v1/execution-1/v5/10/v5-054.stderr
 create mode 100644 research/p9-six-route/ash-inheritance-20260909/hand-value-v1/execution-1/v5/10/v5-054.stdout
 create mode 100644 research/p9-six-route/ash-inheritance-20260909/hand-value-v1/execution-1/v5/10/v5-054.traces.jsonl.xz
 create mode 100644 research/p9-six-route/ash-inheritance-20260909/hand-value-v1/execution-1/v5/11/v5-052.RECEIPT.json
 create mode 100644 research/p9-six-route/ash-inheritance-20260909/hand-value-v1/execution-1/v5/11/v5-052.command.json
 create mode 100644 research/p9-six-route/ash-inheritance-20260909/hand-value-v1/execution-1/v5/11/v5-052.config.json
 create mode 100644 research/p9-six-route/ash-inheritance-20260909/hand-value-v1/execution-1/v5/11/v5-052.cpu.txt
 create mode 100644 research/p9-six-route/ash-inheritance-20260909/hand-value-v1/execution-1/v5/11/v5-052.outcomes.jsonl.xz
 create mode 100644 research/p9-six-route/ash-inheritance-20260909/hand-value-v1/execution-1/v5/11/v5-052.stderr
 create mode 100644 research/p9-six-route/ash-inheritance-20260909/hand-value-v1/execution-1/v5/11/v5-052.stdout
 create mode 100644 research/p9-six-route/ash-inheritance-20260909/hand-value-v1/execution-1/v5/11/v5-052.traces.jsonl.xz
 create mode 100644 research/p9-six-route/ash-inheritance-20260909/hand-value-v1/execution-1/v5/11/v5-054.RECEIPT.json
 create mode 100644 research/p9-six-route/ash-inheritance-20260909/hand-value-v1/execution-1/v5/11/v5-054.command.json
 create mode 100644 research/p9-six-route/ash-inheritance-20260909/hand-value-v1/execution-1/v5/11/v5-054.config.json
 create mode 100644 research/p9-six-route/ash-inheritance-20260909/hand-value-v1/execution-1/v5/11/v5-054.cpu.txt
 create mode 100644 research/p9-six-route/ash-inheritance-20260909/hand-value-v1/execution-1/v5/11/v5-054.outcomes.jsonl.xz
 create mode 100644 research/p9-six-route/ash-inheritance-20260909/hand-value-v1/execution-1/v5/11/v5-054.stderr
 create mode 100644 research/p9-six-route/ash-inheritance-20260909/hand-value-v1/execution-1/v5/11/v5-054.stdout
 create mode 100644 research/p9-six-route/ash-inheritance-20260909/hand-value-v1/execution-1/v5/11/v5-054.traces.jsonl.xz
[detached HEAD 43d3997] research(p9): preserve Hand v5 matched group 15
 65 files changed, 596 insertions(+), 4 deletions(-)
 create mode 100644 research/p9-six-route/ash-inheritance-20260909/hand-value-v1/execution-1/v5/00/v5-056.RECEIPT.json
 create mode 100644 research/p9-six-route/ash-inheritance-20260909/hand-value-v1/execution-1/v5/00/v5-056.command.json
 create mode 100644 research/p9-six-route/ash-inheritance-20260909/hand-value-v1/execution-1/v5/00/v5-056.config.json
 create mode 100644 research/p9-six-route/ash-inheritance-20260909/hand-value-v1/execution-1/v5/00/v5-056.cpu.txt
 create mode 100644 research/p9-six-route/ash-inheritance-20260909/hand-value-v1/execution-1/v5/00/v5-056.outcomes.jsonl.xz
 create mode 100644 research/p9-six-route/ash-inheritance-20260909/hand-value-v1/execution-1/v5/00/v5-056.stderr
 create mode 100644 research/p9-six-route/ash-inheritance-20260909/hand-value-v1/execution-1/v5/00/v5-056.stdout
 create mode 100644 research/p9-six-route/ash-inheritance-20260909/hand-value-v1/execution-1/v5/00/v5-056.traces.jsonl.xz
 create mode 100644 research/p9-six-route/ash-inheritance-20260909/hand-value-v1/execution-1/v5/00/v5-058.RECEIPT.json
 create mode 100644 research/p9-six-route/ash-inheritance-20260909/hand-value-v1/execution-1/v5/00/v5-058.command.json
 create mode 100644 research/p9-six-route/ash-inheritance-20260909/hand-value-v1/execution-1/v5/00/v5-058.config.json
 create mode 100644 research/p9-six-route/ash-inheritance-20260909/hand-value-v1/execution-1/v5/00/v5-058.cpu.txt
 create mode 100644 research/p9-six-route/ash-inheritance-20260909/hand-value-v1/execution-1/v5/00/v5-058.outcomes.jsonl.xz
 create mode 100644 research/p9-six-route/ash-inheritance-20260909/hand-value-v1/execution-1/v5/00/v5-058.stderr
 create mode 100644 research/p9-six-route/ash-inheritance-20260909/hand-value-v1/execution-1/v5/00/v5-058.stdout
 create mode 100644 research/p9-six-route/ash-inheritance-20260909/hand-value-v1/execution-1/v5/00/v5-058.traces.jsonl.xz
 create mode 100644 research/p9-six-route/ash-inheritance-20260909/hand-value-v1/execution-1/v5/01/v5-056.RECEIPT.json
 create mode 100644 research/p9-six-route/ash-inheritance-20260909/hand-value-v1/execution-1/v5/01/v5-056.command.json
 create mode 100644 research/p9-six-route/ash-inheritance-20260909/hand-value-v1/execution-1/v5/01/v5-056.config.json
 create mode 100644 research/p9-six-route/ash-inheritance-20260909/hand-value-v1/execution-1/v5/01/v5-056.cpu.txt
 create mode 100644 research/p9-six-route/ash-inheritance-20260909/hand-value-v1/execution-1/v5/01/v5-056.outcomes.jsonl.xz
 create mode 100644 research/p9-six-route/ash-inheritance-20260909/hand-value-v1/execution-1/v5/01/v5-056.stderr
 create mode 100644 research/p9-six-route/ash-inheritance-20260909/hand-value-v1/execution-1/v5/01/v5-056.stdout
 create mode 100644 research/p9-six-route/ash-inheritance-20260909/hand-value-v1/execution-1/v5/01/v5-056.traces.jsonl.xz
 create mode 100644 research/p9-six-route/ash-inheritance-20260909/hand-value-v1/execution-1/v5/01/v5-058.RECEIPT.json
 create mode 100644 research/p9-six-route/ash-inheritance-20260909/hand-value-v1/execution-1/v5/01/v5-058.command.json
 create mode 100644 research/p9-six-route/ash-inheritance-20260909/hand-value-v1/execution-1/v5/01/v5-058.config.json
 create mode 100644 research/p9-six-route/ash-inheritance-20260909/hand-value-v1/execution-1/v5/01/v5-058.cpu.txt
 create mode 100644 research/p9-six-route/ash-inheritance-20260909/hand-value-v1/execution-1/v5/01/v5-058.outcomes.jsonl.xz
 create mode 100644 research/p9-six-route/ash-inheritance-20260909/hand-value-v1/execution-1/v5/01/v5-058.stderr
 create mode 100644 research/p9-six-route/ash-inheritance-20260909/hand-value-v1/execution-1/v5/01/v5-058.stdout
 create mode 100644 research/p9-six-route/ash-inheritance-20260909/hand-value-v1/execution-1/v5/01/v5-058.traces.jsonl.xz
 create mode 100644 research/p9-six-route/ash-inheritance-20260909/hand-value-v1/execution-1/v5/10/v5-056.RECEIPT.json
 create mode 100644 research/p9-six-route/ash-inheritance-20260909/hand-value-v1/execution-1/v5/10/v5-056.command.json
 create mode 100644 research/p9-six-route/ash-inheritance-20260909/hand-value-v1/execution-1/v5/10/v5-056.config.json
 create mode 100644 research/p9-six-route/ash-inheritance-20260909/hand-value-v1/execution-1/v5/10/v5-056.cpu.txt
 create mode 100644 research/p9-six-route/ash-inheritance-20260909/hand-value-v1/execution-1/v5/10/v5-056.outcomes.jsonl.xz
 create mode 100644 research/p9-six-route/ash-inheritance-20260909/hand-value-v1/execution-1/v5/10/v5-056.stderr
 create mode 100644 research/p9-six-route/ash-inheritance-20260909/hand-value-v1/execution-1/v5/10/v5-056.stdout
 create mode 100644 research/p9-six-route/ash-inheritance-20260909/hand-value-v1/execution-1/v5/10/v5-056.traces.jsonl.xz
 create mode 100644 research/p9-six-route/ash-inheritance-20260909/hand-value-v1/execution-1/v5/10/v5-058.RECEIPT.json
 create mode 100644 research/p9-six-route/ash-inheritance-20260909/hand-value-v1/execution-1/v5/10/v5-058.command.json
 create mode 100644 research/p9-six-route/ash-inheritance-20260909/hand-value-v1/execution-1/v5/10/v5-058.config.json
 create mode 100644 research/p9-six-route/ash-inheritance-20260909/hand-value-v1/execution-1/v5/10/v5-058.cpu.txt
 create mode 100644 research/p9-six-route/ash-inheritance-20260909/hand-value-v1/execution-1/v5/10/v5-058.outcomes.jsonl.xz
 create mode 100644 research/p9-six-route/ash-inheritance-20260909/hand-value-v1/execution-1/v5/10/v5-058.stderr
 create mode 100644 research/p9-six-route/ash-inheritance-20260909/hand-value-v1/execution-1/v5/10/v5-058.stdout
 create mode 100644 research/p9-six-route/ash-inheritance-20260909/hand-value-v1/execution-1/v5/10/v5-058.traces.jsonl.xz
 create mode 100644 research/p9-six-route/ash-inheritance-20260909/hand-value-v1/execution-1/v5/11/v5-056.RECEIPT.json
 create mode 100644 research/p9-six-route/ash-inheritance-20260909/hand-value-v1/execution-1/v5/11/v5-056.command.json
 create mode 100644 research/p9-six-route/ash-inheritance-20260909/hand-value-v1/execution-1/v5/11/v5-056.config.json
 create mode 100644 research/p9-six-route/ash-inheritance-20260909/hand-value-v1/execution-1/v5/11/v5-056.cpu.txt
 create mode 100644 research/p9-six-route/ash-inheritance-20260909/hand-value-v1/execution-1/v5/11/v5-056.outcomes.jsonl.xz
 create mode 100644 research/p9-six-route/ash-inheritance-20260909/hand-value-v1/execution-1/v5/11/v5-056.stderr
 create mode 100644 research/p9-six-route/ash-inheritance-20260909/hand-value-v1/execution-1/v5/11/v5-056.stdout
 create mode 100644 research/p9-six-route/ash-inheritance-20260909/hand-value-v1/execution-1/v5/11/v5-056.traces.jsonl.xz
 create mode 100644 research/p9-six-route/ash-inheritance-20260909/hand-value-v1/execution-1/v5/11/v5-058.RECEIPT.json
 create mode 100644 research/p9-six-route/ash-inheritance-20260909/hand-value-v1/execution-1/v5/11/v5-058.command.json
 create mode 100644 research/p9-six-route/ash-inheritance-20260909/hand-value-v1/execution-1/v5/11/v5-058.config.json
 create mode 100644 research/p9-six-route/ash-inheritance-20260909/hand-value-v1/execution-1/v5/11/v5-058.cpu.txt
 create mode 100644 research/p9-six-route/ash-inheritance-20260909/hand-value-v1/execution-1/v5/11/v5-058.outcomes.jsonl.xz
 create mode 100644 research/p9-six-route/ash-inheritance-20260909/hand-value-v1/execution-1/v5/11/v5-058.stderr
 create mode 100644 research/p9-six-route/ash-inheritance-20260909/hand-value-v1/execution-1/v5/11/v5-058.stdout
 create mode 100644 research/p9-six-route/ash-inheritance-20260909/hand-value-v1/execution-1/v5/11/v5-058.traces.jsonl.xz
[detached HEAD 5114322] research(p9): preserve Hand v5 matched group 16
 65 files changed, 596 insertions(+), 4 deletions(-)
 create mode 100644 research/p9-six-route/ash-inheritance-20260909/hand-value-v1/execution-1/v5/00/v5-060.RECEIPT.json
 create mode 100644 research/p9-six-route/ash-inheritance-20260909/hand-value-v1/execution-1/v5/00/v5-060.command.json
 create mode 100644 research/p9-six-route/ash-inheritance-20260909/hand-value-v1/execution-1/v5/00/v5-060.config.json
 create mode 100644 research/p9-six-route/ash-inheritance-20260909/hand-value-v1/execution-1/v5/00/v5-060.cpu.txt
 create mode 100644 research/p9-six-route/ash-inheritance-20260909/hand-value-v1/execution-1/v5/00/v5-060.outcomes.jsonl.xz
 create mode 100644 research/p9-six-route/ash-inheritance-20260909/hand-value-v1/execution-1/v5/00/v5-060.stderr
 create mode 100644 research/p9-six-route/ash-inheritance-20260909/hand-value-v1/execution-1/v5/00/v5-060.stdout
 create mode 100644 research/p9-six-route/ash-inheritance-20260909/hand-value-v1/execution-1/v5/00/v5-060.traces.jsonl.xz
 create mode 100644 research/p9-six-route/ash-inheritance-20260909/hand-value-v1/execution-1/v5/00/v5-062.RECEIPT.json
 create mode 100644 research/p9-six-route/ash-inheritance-20260909/hand-value-v1/execution-1/v5/00/v5-062.command.json
 create mode 100644 research/p9-six-route/ash-inheritance-20260909/hand-value-v1/execution-1/v5/00/v5-062.config.json
 create mode 100644 research/p9-six-route/ash-inheritance-20260909/hand-value-v1/execution-1/v5/00/v5-062.cpu.txt
 create mode 100644 research/p9-six-route/ash-inheritance-20260909/hand-value-v1/execution-1/v5/00/v5-062.outcomes.jsonl.xz
 create mode 100644 research/p9-six-route/ash-inheritance-20260909/hand-value-v1/execution-1/v5/00/v5-062.stderr
 create mode 100644 research/p9-six-route/ash-inheritance-20260909/hand-value-v1/execution-1/v5/00/v5-062.stdout
 create mode 100644 research/p9-six-route/ash-inheritance-20260909/hand-value-v1/execution-1/v5/00/v5-062.traces.jsonl.xz
 create mode 100644 research/p9-six-route/ash-inheritance-20260909/hand-value-v1/execution-1/v5/01/v5-060.RECEIPT.json
 create mode 100644 research/p9-six-route/ash-inheritance-20260909/hand-value-v1/execution-1/v5/01/v5-060.command.json
 create mode 100644 research/p9-six-route/ash-inheritance-20260909/hand-value-v1/execution-1/v5/01/v5-060.config.json
 create mode 100644 research/p9-six-route/ash-inheritance-20260909/hand-value-v1/execution-1/v5/01/v5-060.cpu.txt
 create mode 100644 research/p9-six-route/ash-inheritance-20260909/hand-value-v1/execution-1/v5/01/v5-060.outcomes.jsonl.xz
 create mode 100644 research/p9-six-route/ash-inheritance-20260909/hand-value-v1/execution-1/v5/01/v5-060.stderr
 create mode 100644 research/p9-six-route/ash-inheritance-20260909/hand-value-v1/execution-1/v5/01/v5-060.stdout
 create mode 100644 research/p9-six-route/ash-inheritance-20260909/hand-value-v1/execution-1/v5/01/v5-060.traces.jsonl.xz
 create mode 100644 research/p9-six-route/ash-inheritance-20260909/hand-value-v1/execution-1/v5/01/v5-062.RECEIPT.json
 create mode 100644 research/p9-six-route/ash-inheritance-20260909/hand-value-v1/execution-1/v5/01/v5-062.command.json
 create mode 100644 research/p9-six-route/ash-inheritance-20260909/hand-value-v1/execution-1/v5/01/v5-062.config.json
 create mode 100644 research/p9-six-route/ash-inheritance-20260909/hand-value-v1/execution-1/v5/01/v5-062.cpu.txt
 create mode 100644 research/p9-six-route/ash-inheritance-20260909/hand-value-v1/execution-1/v5/01/v5-062.outcomes.jsonl.xz
 create mode 100644 research/p9-six-route/ash-inheritance-20260909/hand-value-v1/execution-1/v5/01/v5-062.stderr
 create mode 100644 research/p9-six-route/ash-inheritance-20260909/hand-value-v1/execution-1/v5/01/v5-062.stdout
 create mode 100644 research/p9-six-route/ash-inheritance-20260909/hand-value-v1/execution-1/v5/01/v5-062.traces.jsonl.xz
 create mode 100644 research/p9-six-route/ash-inheritance-20260909/hand-value-v1/execution-1/v5/10/v5-060.RECEIPT.json
 create mode 100644 research/p9-six-route/ash-inheritance-20260909/hand-value-v1/execution-1/v5/10/v5-060.command.json
 create mode 100644 research/p9-six-route/ash-inheritance-20260909/hand-value-v1/execution-1/v5/10/v5-060.config.json
 create mode 100644 research/p9-six-route/ash-inheritance-20260909/hand-value-v1/execution-1/v5/10/v5-060.cpu.txt
 create mode 100644 research/p9-six-route/ash-inheritance-20260909/hand-value-v1/execution-1/v5/10/v5-060.outcomes.jsonl.xz
 create mode 100644 research/p9-six-route/ash-inheritance-20260909/hand-value-v1/execution-1/v5/10/v5-060.stderr
 create mode 100644 research/p9-six-route/ash-inheritance-20260909/hand-value-v1/execution-1/v5/10/v5-060.stdout
 create mode 100644 research/p9-six-route/ash-inheritance-20260909/hand-value-v1/execution-1/v5/10/v5-060.traces.jsonl.xz
 create mode 100644 research/p9-six-route/ash-inheritance-20260909/hand-value-v1/execution-1/v5/10/v5-062.RECEIPT.json
 create mode 100644 research/p9-six-route/ash-inheritance-20260909/hand-value-v1/execution-1/v5/10/v5-062.command.json
 create mode 100644 research/p9-six-route/ash-inheritance-20260909/hand-value-v1/execution-1/v5/10/v5-062.config.json
 create mode 100644 research/p9-six-route/ash-inheritance-20260909/hand-value-v1/execution-1/v5/10/v5-062.cpu.txt
 create mode 100644 research/p9-six-route/ash-inheritance-20260909/hand-value-v1/execution-1/v5/10/v5-062.outcomes.jsonl.xz
 create mode 100644 research/p9-six-route/ash-inheritance-20260909/hand-value-v1/execution-1/v5/10/v5-062.stderr
 create mode 100644 research/p9-six-route/ash-inheritance-20260909/hand-value-v1/execution-1/v5/10/v5-062.stdout
 create mode 100644 research/p9-six-route/ash-inheritance-20260909/hand-value-v1/execution-1/v5/10/v5-062.traces.jsonl.xz
 create mode 100644 research/p9-six-route/ash-inheritance-20260909/hand-value-v1/execution-1/v5/11/v5-060.RECEIPT.json
 create mode 100644 research/p9-six-route/ash-inheritance-20260909/hand-value-v1/execution-1/v5/11/v5-060.command.json
 create mode 100644 research/p9-six-route/ash-inheritance-20260909/hand-value-v1/execution-1/v5/11/v5-060.config.json
 create mode 100644 research/p9-six-route/ash-inheritance-20260909/hand-value-v1/execution-1/v5/11/v5-060.cpu.txt
 create mode 100644 research/p9-six-route/ash-inheritance-20260909/hand-value-v1/execution-1/v5/11/v5-060.outcomes.jsonl.xz
 create mode 100644 research/p9-six-route/ash-inheritance-20260909/hand-value-v1/execution-1/v5/11/v5-060.stderr
 create mode 100644 research/p9-six-route/ash-inheritance-20260909/hand-value-v1/execution-1/v5/11/v5-060.stdout
 create mode 100644 research/p9-six-route/ash-inheritance-20260909/hand-value-v1/execution-1/v5/11/v5-060.traces.jsonl.xz
 create mode 100644 research/p9-six-route/ash-inheritance-20260909/hand-value-v1/execution-1/v5/11/v5-062.RECEIPT.json
 create mode 100644 research/p9-six-route/ash-inheritance-20260909/hand-value-v1/execution-1/v5/11/v5-062.command.json
 create mode 100644 research/p9-six-route/ash-inheritance-20260909/hand-value-v1/execution-1/v5/11/v5-062.config.json
 create mode 100644 research/p9-six-route/ash-inheritance-20260909/hand-value-v1/execution-1/v5/11/v5-062.cpu.txt
 create mode 100644 research/p9-six-route/ash-inheritance-20260909/hand-value-v1/execution-1/v5/11/v5-062.outcomes.jsonl.xz
 create mode 100644 research/p9-six-route/ash-inheritance-20260909/hand-value-v1/execution-1/v5/11/v5-062.stderr
 create mode 100644 research/p9-six-route/ash-inheritance-20260909/hand-value-v1/execution-1/v5/11/v5-062.stdout
 create mode 100644 research/p9-six-route/ash-inheritance-20260909/hand-value-v1/execution-1/v5/11/v5-062.traces.jsonl.xz
[detached HEAD cd3fa22] research(p9): preserve Hand v5 matched group 17
 65 files changed, 596 insertions(+), 4 deletions(-)
 create mode 100644 research/p9-six-route/ash-inheritance-20260909/hand-value-v1/execution-1/v5/00/v5-064.RECEIPT.json
 create mode 100644 research/p9-six-route/ash-inheritance-20260909/hand-value-v1/execution-1/v5/00/v5-064.command.json
 create mode 100644 research/p9-six-route/ash-inheritance-20260909/hand-value-v1/execution-1/v5/00/v5-064.config.json
 create mode 100644 research/p9-six-route/ash-inheritance-20260909/hand-value-v1/execution-1/v5/00/v5-064.cpu.txt
 create mode 100644 research/p9-six-route/ash-inheritance-20260909/hand-value-v1/execution-1/v5/00/v5-064.outcomes.jsonl.xz
 create mode 100644 research/p9-six-route/ash-inheritance-20260909/hand-value-v1/execution-1/v5/00/v5-064.stderr
 create mode 100644 research/p9-six-route/ash-inheritance-20260909/hand-value-v1/execution-1/v5/00/v5-064.stdout
 create mode 100644 research/p9-six-route/ash-inheritance-20260909/hand-value-v1/execution-1/v5/00/v5-064.traces.jsonl.xz
 create mode 100644 research/p9-six-route/ash-inheritance-20260909/hand-value-v1/execution-1/v5/00/v5-066.RECEIPT.json
 create mode 100644 research/p9-six-route/ash-inheritance-20260909/hand-value-v1/execution-1/v5/00/v5-066.command.json
 create mode 100644 research/p9-six-route/ash-inheritance-20260909/hand-value-v1/execution-1/v5/00/v5-066.config.json
 create mode 100644 research/p9-six-route/ash-inheritance-20260909/hand-value-v1/execution-1/v5/00/v5-066.cpu.txt
 create mode 100644 research/p9-six-route/ash-inheritance-20260909/hand-value-v1/execution-1/v5/00/v5-066.outcomes.jsonl.xz
 create mode 100644 research/p9-six-route/ash-inheritance-20260909/hand-value-v1/execution-1/v5/00/v5-066.stderr
 create mode 100644 research/p9-six-route/ash-inheritance-20260909/hand-value-v1/execution-1/v5/00/v5-066.stdout
 create mode 100644 research/p9-six-route/ash-inheritance-20260909/hand-value-v1/execution-1/v5/00/v5-066.traces.jsonl.xz
 create mode 100644 research/p9-six-route/ash-inheritance-20260909/hand-value-v1/execution-1/v5/01/v5-064.RECEIPT.json
 create mode 100644 research/p9-six-route/ash-inheritance-20260909/hand-value-v1/execution-1/v5/01/v5-064.command.json
 create mode 100644 research/p9-six-route/ash-inheritance-20260909/hand-value-v1/execution-1/v5/01/v5-064.config.json
 create mode 100644 research/p9-six-route/ash-inheritance-20260909/hand-value-v1/execution-1/v5/01/v5-064.cpu.txt
 create mode 100644 research/p9-six-route/ash-inheritance-20260909/hand-value-v1/execution-1/v5/01/v5-064.outcomes.jsonl.xz
 create mode 100644 research/p9-six-route/ash-inheritance-20260909/hand-value-v1/execution-1/v5/01/v5-064.stderr
 create mode 100644 research/p9-six-route/ash-inheritance-20260909/hand-value-v1/execution-1/v5/01/v5-064.stdout
 create mode 100644 research/p9-six-route/ash-inheritance-20260909/hand-value-v1/execution-1/v5/01/v5-064.traces.jsonl.xz
 create mode 100644 research/p9-six-route/ash-inheritance-20260909/hand-value-v1/execution-1/v5/01/v5-066.RECEIPT.json
 create mode 100644 research/p9-six-route/ash-inheritance-20260909/hand-value-v1/execution-1/v5/01/v5-066.command.json
 create mode 100644 research/p9-six-route/ash-inheritance-20260909/hand-value-v1/execution-1/v5/01/v5-066.config.json
 create mode 100644 research/p9-six-route/ash-inheritance-20260909/hand-value-v1/execution-1/v5/01/v5-066.cpu.txt
 create mode 100644 research/p9-six-route/ash-inheritance-20260909/hand-value-v1/execution-1/v5/01/v5-066.outcomes.jsonl.xz
 create mode 100644 research/p9-six-route/ash-inheritance-20260909/hand-value-v1/execution-1/v5/01/v5-066.stderr
 create mode 100644 research/p9-six-route/ash-inheritance-20260909/hand-value-v1/execution-1/v5/01/v5-066.stdout
 create mode 100644 research/p9-six-route/ash-inheritance-20260909/hand-value-v1/execution-1/v5/01/v5-066.traces.jsonl.xz
 create mode 100644 research/p9-six-route/ash-inheritance-20260909/hand-value-v1/execution-1/v5/10/v5-064.RECEIPT.json
 create mode 100644 research/p9-six-route/ash-inheritance-20260909/hand-value-v1/execution-1/v5/10/v5-064.command.json
 create mode 100644 research/p9-six-route/ash-inheritance-20260909/hand-value-v1/execution-1/v5/10/v5-064.config.json
 create mode 100644 research/p9-six-route/ash-inheritance-20260909/hand-value-v1/execution-1/v5/10/v5-064.cpu.txt
 create mode 100644 research/p9-six-route/ash-inheritance-20260909/hand-value-v1/execution-1/v5/10/v5-064.outcomes.jsonl.xz
 create mode 100644 research/p9-six-route/ash-inheritance-20260909/hand-value-v1/execution-1/v5/10/v5-064.stderr
 create mode 100644 research/p9-six-route/ash-inheritance-20260909/hand-value-v1/execution-1/v5/10/v5-064.stdout
 create mode 100644 research/p9-six-route/ash-inheritance-20260909/hand-value-v1/execution-1/v5/10/v5-064.traces.jsonl.xz
 create mode 100644 research/p9-six-route/ash-inheritance-20260909/hand-value-v1/execution-1/v5/10/v5-066.RECEIPT.json
 create mode 100644 research/p9-six-route/ash-inheritance-20260909/hand-value-v1/execution-1/v5/10/v5-066.command.json
 create mode 100644 research/p9-six-route/ash-inheritance-20260909/hand-value-v1/execution-1/v5/10/v5-066.config.json
 create mode 100644 research/p9-six-route/ash-inheritance-20260909/hand-value-v1/execution-1/v5/10/v5-066.cpu.txt
 create mode 100644 research/p9-six-route/ash-inheritance-20260909/hand-value-v1/execution-1/v5/10/v5-066.outcomes.jsonl.xz
 create mode 100644 research/p9-six-route/ash-inheritance-20260909/hand-value-v1/execution-1/v5/10/v5-066.stderr
 create mode 100644 research/p9-six-route/ash-inheritance-20260909/hand-value-v1/execution-1/v5/10/v5-066.stdout
 create mode 100644 research/p9-six-route/ash-inheritance-20260909/hand-value-v1/execution-1/v5/10/v5-066.traces.jsonl.xz
 create mode 100644 research/p9-six-route/ash-inheritance-20260909/hand-value-v1/execution-1/v5/11/v5-064.RECEIPT.json
 create mode 100644 research/p9-six-route/ash-inheritance-20260909/hand-value-v1/execution-1/v5/11/v5-064.command.json
 create mode 100644 research/p9-six-route/ash-inheritance-20260909/hand-value-v1/execution-1/v5/11/v5-064.config.json
 create mode 100644 research/p9-six-route/ash-inheritance-20260909/hand-value-v1/execution-1/v5/11/v5-064.cpu.txt
 create mode 100644 research/p9-six-route/ash-inheritance-20260909/hand-value-v1/execution-1/v5/11/v5-064.outcomes.jsonl.xz
 create mode 100644 research/p9-six-route/ash-inheritance-20260909/hand-value-v1/execution-1/v5/11/v5-064.stderr
 create mode 100644 research/p9-six-route/ash-inheritance-20260909/hand-value-v1/execution-1/v5/11/v5-064.stdout
 create mode 100644 research/p9-six-route/ash-inheritance-20260909/hand-value-v1/execution-1/v5/11/v5-064.traces.jsonl.xz
 create mode 100644 research/p9-six-route/ash-inheritance-20260909/hand-value-v1/execution-1/v5/11/v5-066.RECEIPT.json
 create mode 100644 research/p9-six-route/ash-inheritance-20260909/hand-value-v1/execution-1/v5/11/v5-066.command.json
 create mode 100644 research/p9-six-route/ash-inheritance-20260909/hand-value-v1/execution-1/v5/11/v5-066.config.json
 create mode 100644 research/p9-six-route/ash-inheritance-20260909/hand-value-v1/execution-1/v5/11/v5-066.cpu.txt
 create mode 100644 research/p9-six-route/ash-inheritance-20260909/hand-value-v1/execution-1/v5/11/v5-066.outcomes.jsonl.xz
 create mode 100644 research/p9-six-route/ash-inheritance-20260909/hand-value-v1/execution-1/v5/11/v5-066.stderr
 create mode 100644 research/p9-six-route/ash-inheritance-20260909/hand-value-v1/execution-1/v5/11/v5-066.stdout
 create mode 100644 research/p9-six-route/ash-inheritance-20260909/hand-value-v1/execution-1/v5/11/v5-066.traces.jsonl.xz
[detached HEAD 7f869a5] research(p9): preserve Hand v5 matched group 18
 65 files changed, 596 insertions(+), 4 deletions(-)
 create mode 100644 research/p9-six-route/ash-inheritance-20260909/hand-value-v1/execution-1/v5/00/v5-068.RECEIPT.json
 create mode 100644 research/p9-six-route/ash-inheritance-20260909/hand-value-v1/execution-1/v5/00/v5-068.command.json
 create mode 100644 research/p9-six-route/ash-inheritance-20260909/hand-value-v1/execution-1/v5/00/v5-068.config.json
 create mode 100644 research/p9-six-route/ash-inheritance-20260909/hand-value-v1/execution-1/v5/00/v5-068.cpu.txt
 create mode 100644 research/p9-six-route/ash-inheritance-20260909/hand-value-v1/execution-1/v5/00/v5-068.outcomes.jsonl.xz
 create mode 100644 research/p9-six-route/ash-inheritance-20260909/hand-value-v1/execution-1/v5/00/v5-068.stderr
 create mode 100644 research/p9-six-route/ash-inheritance-20260909/hand-value-v1/execution-1/v5/00/v5-068.stdout
 create mode 100644 research/p9-six-route/ash-inheritance-20260909/hand-value-v1/execution-1/v5/00/v5-068.traces.jsonl.xz
 create mode 100644 research/p9-six-route/ash-inheritance-20260909/hand-value-v1/execution-1/v5/00/v5-070.RECEIPT.json
 create mode 100644 research/p9-six-route/ash-inheritance-20260909/hand-value-v1/execution-1/v5/00/v5-070.command.json
 create mode 100644 research/p9-six-route/ash-inheritance-20260909/hand-value-v1/execution-1/v5/00/v5-070.config.json
 create mode 100644 research/p9-six-route/ash-inheritance-20260909/hand-value-v1/execution-1/v5/00/v5-070.cpu.txt
 create mode 100644 research/p9-six-route/ash-inheritance-20260909/hand-value-v1/execution-1/v5/00/v5-070.outcomes.jsonl.xz
 create mode 100644 research/p9-six-route/ash-inheritance-20260909/hand-value-v1/execution-1/v5/00/v5-070.stderr
 create mode 100644 research/p9-six-route/ash-inheritance-20260909/hand-value-v1/execution-1/v5/00/v5-070.stdout
 create mode 100644 research/p9-six-route/ash-inheritance-20260909/hand-value-v1/execution-1/v5/00/v5-070.traces.jsonl.xz
 create mode 100644 research/p9-six-route/ash-inheritance-20260909/hand-value-v1/execution-1/v5/01/v5-068.RECEIPT.json
 create mode 100644 research/p9-six-route/ash-inheritance-20260909/hand-value-v1/execution-1/v5/01/v5-068.command.json
 create mode 100644 research/p9-six-route/ash-inheritance-20260909/hand-value-v1/execution-1/v5/01/v5-068.config.json
 create mode 100644 research/p9-six-route/ash-inheritance-20260909/hand-value-v1/execution-1/v5/01/v5-068.cpu.txt
 create mode 100644 research/p9-six-route/ash-inheritance-20260909/hand-value-v1/execution-1/v5/01/v5-068.outcomes.jsonl.xz
 create mode 100644 research/p9-six-route/ash-inheritance-20260909/hand-value-v1/execution-1/v5/01/v5-068.stderr
 create mode 100644 research/p9-six-route/ash-inheritance-20260909/hand-value-v1/execution-1/v5/01/v5-068.stdout
 create mode 100644 research/p9-six-route/ash-inheritance-20260909/hand-value-v1/execution-1/v5/01/v5-068.traces.jsonl.xz
 create mode 100644 research/p9-six-route/ash-inheritance-20260909/hand-value-v1/execution-1/v5/01/v5-070.RECEIPT.json
 create mode 100644 research/p9-six-route/ash-inheritance-20260909/hand-value-v1/execution-1/v5/01/v5-070.command.json
 create mode 100644 research/p9-six-route/ash-inheritance-20260909/hand-value-v1/execution-1/v5/01/v5-070.config.json
 create mode 100644 research/p9-six-route/ash-inheritance-20260909/hand-value-v1/execution-1/v5/01/v5-070.cpu.txt
 create mode 100644 research/p9-six-route/ash-inheritance-20260909/hand-value-v1/execution-1/v5/01/v5-070.outcomes.jsonl.xz
 create mode 100644 research/p9-six-route/ash-inheritance-20260909/hand-value-v1/execution-1/v5/01/v5-070.stderr
 create mode 100644 research/p9-six-route/ash-inheritance-20260909/hand-value-v1/execution-1/v5/01/v5-070.stdout
 create mode 100644 research/p9-six-route/ash-inheritance-20260909/hand-value-v1/execution-1/v5/01/v5-070.traces.jsonl.xz
 create mode 100644 research/p9-six-route/ash-inheritance-20260909/hand-value-v1/execution-1/v5/10/v5-068.RECEIPT.json
 create mode 100644 research/p9-six-route/ash-inheritance-20260909/hand-value-v1/execution-1/v5/10/v5-068.command.json
 create mode 100644 research/p9-six-route/ash-inheritance-20260909/hand-value-v1/execution-1/v5/10/v5-068.config.json
 create mode 100644 research/p9-six-route/ash-inheritance-20260909/hand-value-v1/execution-1/v5/10/v5-068.cpu.txt
 create mode 100644 research/p9-six-route/ash-inheritance-20260909/hand-value-v1/execution-1/v5/10/v5-068.outcomes.jsonl.xz
 create mode 100644 research/p9-six-route/ash-inheritance-20260909/hand-value-v1/execution-1/v5/10/v5-068.stderr
 create mode 100644 research/p9-six-route/ash-inheritance-20260909/hand-value-v1/execution-1/v5/10/v5-068.stdout
 create mode 100644 research/p9-six-route/ash-inheritance-20260909/hand-value-v1/execution-1/v5/10/v5-068.traces.jsonl.xz
 create mode 100644 research/p9-six-route/ash-inheritance-20260909/hand-value-v1/execution-1/v5/10/v5-070.RECEIPT.json
 create mode 100644 research/p9-six-route/ash-inheritance-20260909/hand-value-v1/execution-1/v5/10/v5-070.command.json
 create mode 100644 research/p9-six-route/ash-inheritance-20260909/hand-value-v1/execution-1/v5/10/v5-070.config.json
 create mode 100644 research/p9-six-route/ash-inheritance-20260909/hand-value-v1/execution-1/v5/10/v5-070.cpu.txt
 create mode 100644 research/p9-six-route/ash-inheritance-20260909/hand-value-v1/execution-1/v5/10/v5-070.outcomes.jsonl.xz
 create mode 100644 research/p9-six-route/ash-inheritance-20260909/hand-value-v1/execution-1/v5/10/v5-070.stderr
 create mode 100644 research/p9-six-route/ash-inheritance-20260909/hand-value-v1/execution-1/v5/10/v5-070.stdout
 create mode 100644 research/p9-six-route/ash-inheritance-20260909/hand-value-v1/execution-1/v5/10/v5-070.traces.jsonl.xz
 create mode 100644 research/p9-six-route/ash-inheritance-20260909/hand-value-v1/execution-1/v5/11/v5-068.RECEIPT.json
 create mode 100644 research/p9-six-route/ash-inheritance-20260909/hand-value-v1/execution-1/v5/11/v5-068.command.json
 create mode 100644 research/p9-six-route/ash-inheritance-20260909/hand-value-v1/execution-1/v5/11/v5-068.config.json
 create mode 100644 research/p9-six-route/ash-inheritance-20260909/hand-value-v1/execution-1/v5/11/v5-068.cpu.txt
 create mode 100644 research/p9-six-route/ash-inheritance-20260909/hand-value-v1/execution-1/v5/11/v5-068.outcomes.jsonl.xz
 create mode 100644 research/p9-six-route/ash-inheritance-20260909/hand-value-v1/execution-1/v5/11/v5-068.stderr
 create mode 100644 research/p9-six-route/ash-inheritance-20260909/hand-value-v1/execution-1/v5/11/v5-068.stdout
 create mode 100644 research/p9-six-route/ash-inheritance-20260909/hand-value-v1/execution-1/v5/11/v5-068.traces.jsonl.xz
 create mode 100644 research/p9-six-route/ash-inheritance-20260909/hand-value-v1/execution-1/v5/11/v5-070.RECEIPT.json
 create mode 100644 research/p9-six-route/ash-inheritance-20260909/hand-value-v1/execution-1/v5/11/v5-070.command.json
 create mode 100644 research/p9-six-route/ash-inheritance-20260909/hand-value-v1/execution-1/v5/11/v5-070.config.json
 create mode 100644 research/p9-six-route/ash-inheritance-20260909/hand-value-v1/execution-1/v5/11/v5-070.cpu.txt
 create mode 100644 research/p9-six-route/ash-inheritance-20260909/hand-value-v1/execution-1/v5/11/v5-070.outcomes.jsonl.xz
 create mode 100644 research/p9-six-route/ash-inheritance-20260909/hand-value-v1/execution-1/v5/11/v5-070.stderr
 create mode 100644 research/p9-six-route/ash-inheritance-20260909/hand-value-v1/execution-1/v5/11/v5-070.stdout
 create mode 100644 research/p9-six-route/ash-inheritance-20260909/hand-value-v1/execution-1/v5/11/v5-070.traces.jsonl.xz
[detached HEAD 59716ef] research(p9): preserve Hand v5 matched group 19
 65 files changed, 596 insertions(+), 4 deletions(-)
 create mode 100644 research/p9-six-route/ash-inheritance-20260909/hand-value-v1/execution-1/v5/00/v5-072.RECEIPT.json
 create mode 100644 research/p9-six-route/ash-inheritance-20260909/hand-value-v1/execution-1/v5/00/v5-072.command.json
 create mode 100644 research/p9-six-route/ash-inheritance-20260909/hand-value-v1/execution-1/v5/00/v5-072.config.json
 create mode 100644 research/p9-six-route/ash-inheritance-20260909/hand-value-v1/execution-1/v5/00/v5-072.cpu.txt
 create mode 100644 research/p9-six-route/ash-inheritance-20260909/hand-value-v1/execution-1/v5/00/v5-072.outcomes.jsonl.xz
 create mode 100644 research/p9-six-route/ash-inheritance-20260909/hand-value-v1/execution-1/v5/00/v5-072.stderr
 create mode 100644 research/p9-six-route/ash-inheritance-20260909/hand-value-v1/execution-1/v5/00/v5-072.stdout
 create mode 100644 research/p9-six-route/ash-inheritance-20260909/hand-value-v1/execution-1/v5/00/v5-072.traces.jsonl.xz
 create mode 100644 research/p9-six-route/ash-inheritance-20260909/hand-value-v1/execution-1/v5/00/v5-074.RECEIPT.json
 create mode 100644 research/p9-six-route/ash-inheritance-20260909/hand-value-v1/execution-1/v5/00/v5-074.command.json
 create mode 100644 research/p9-six-route/ash-inheritance-20260909/hand-value-v1/execution-1/v5/00/v5-074.config.json
 create mode 100644 research/p9-six-route/ash-inheritance-20260909/hand-value-v1/execution-1/v5/00/v5-074.cpu.txt
 create mode 100644 research/p9-six-route/ash-inheritance-20260909/hand-value-v1/execution-1/v5/00/v5-074.outcomes.jsonl.xz
 create mode 100644 research/p9-six-route/ash-inheritance-20260909/hand-value-v1/execution-1/v5/00/v5-074.stderr
 create mode 100644 research/p9-six-route/ash-inheritance-20260909/hand-value-v1/execution-1/v5/00/v5-074.stdout
 create mode 100644 research/p9-six-route/ash-inheritance-20260909/hand-value-v1/execution-1/v5/00/v5-074.traces.jsonl.xz
 create mode 100644 research/p9-six-route/ash-inheritance-20260909/hand-value-v1/execution-1/v5/01/v5-072.RECEIPT.json
 create mode 100644 research/p9-six-route/ash-inheritance-20260909/hand-value-v1/execution-1/v5/01/v5-072.command.json
 create mode 100644 research/p9-six-route/ash-inheritance-20260909/hand-value-v1/execution-1/v5/01/v5-072.config.json
 create mode 100644 research/p9-six-route/ash-inheritance-20260909/hand-value-v1/execution-1/v5/01/v5-072.cpu.txt
 create mode 100644 research/p9-six-route/ash-inheritance-20260909/hand-value-v1/execution-1/v5/01/v5-072.outcomes.jsonl.xz
 create mode 100644 research/p9-six-route/ash-inheritance-20260909/hand-value-v1/execution-1/v5/01/v5-072.stderr
 create mode 100644 research/p9-six-route/ash-inheritance-20260909/hand-value-v1/execution-1/v5/01/v5-072.stdout
 create mode 100644 research/p9-six-route/ash-inheritance-20260909/hand-value-v1/execution-1/v5/01/v5-072.traces.jsonl.xz
 create mode 100644 research/p9-six-route/ash-inheritance-20260909/hand-value-v1/execution-1/v5/01/v5-074.RECEIPT.json
 create mode 100644 research/p9-six-route/ash-inheritance-20260909/hand-value-v1/execution-1/v5/01/v5-074.command.json
 create mode 100644 research/p9-six-route/ash-inheritance-20260909/hand-value-v1/execution-1/v5/01/v5-074.config.json
 create mode 100644 research/p9-six-route/ash-inheritance-20260909/hand-value-v1/execution-1/v5/01/v5-074.cpu.txt
 create mode 100644 research/p9-six-route/ash-inheritance-20260909/hand-value-v1/execution-1/v5/01/v5-074.outcomes.jsonl.xz
 create mode 100644 research/p9-six-route/ash-inheritance-20260909/hand-value-v1/execution-1/v5/01/v5-074.stderr
 create mode 100644 research/p9-six-route/ash-inheritance-20260909/hand-value-v1/execution-1/v5/01/v5-074.stdout
 create mode 100644 research/p9-six-route/ash-inheritance-20260909/hand-value-v1/execution-1/v5/01/v5-074.traces.jsonl.xz
 create mode 100644 research/p9-six-route/ash-inheritance-20260909/hand-value-v1/execution-1/v5/10/v5-072.RECEIPT.json
 create mode 100644 research/p9-six-route/ash-inheritance-20260909/hand-value-v1/execution-1/v5/10/v5-072.command.json
 create mode 100644 research/p9-six-route/ash-inheritance-20260909/hand-value-v1/execution-1/v5/10/v5-072.config.json
 create mode 100644 research/p9-six-route/ash-inheritance-20260909/hand-value-v1/execution-1/v5/10/v5-072.cpu.txt
 create mode 100644 research/p9-six-route/ash-inheritance-20260909/hand-value-v1/execution-1/v5/10/v5-072.outcomes.jsonl.xz
 create mode 100644 research/p9-six-route/ash-inheritance-20260909/hand-value-v1/execution-1/v5/10/v5-072.stderr
 create mode 100644 research/p9-six-route/ash-inheritance-20260909/hand-value-v1/execution-1/v5/10/v5-072.stdout
 create mode 100644 research/p9-six-route/ash-inheritance-20260909/hand-value-v1/execution-1/v5/10/v5-072.traces.jsonl.xz
 create mode 100644 research/p9-six-route/ash-inheritance-20260909/hand-value-v1/execution-1/v5/10/v5-074.RECEIPT.json
 create mode 100644 research/p9-six-route/ash-inheritance-20260909/hand-value-v1/execution-1/v5/10/v5-074.command.json
 create mode 100644 research/p9-six-route/ash-inheritance-20260909/hand-value-v1/execution-1/v5/10/v5-074.config.json
 create mode 100644 research/p9-six-route/ash-inheritance-20260909/hand-value-v1/execution-1/v5/10/v5-074.cpu.txt
 create mode 100644 research/p9-six-route/ash-inheritance-20260909/hand-value-v1/execution-1/v5/10/v5-074.outcomes.jsonl.xz
 create mode 100644 research/p9-six-route/ash-inheritance-20260909/hand-value-v1/execution-1/v5/10/v5-074.stderr
 create mode 100644 research/p9-six-route/ash-inheritance-20260909/hand-value-v1/execution-1/v5/10/v5-074.stdout
 create mode 100644 research/p9-six-route/ash-inheritance-20260909/hand-value-v1/execution-1/v5/10/v5-074.traces.jsonl.xz
 create mode 100644 research/p9-six-route/ash-inheritance-20260909/hand-value-v1/execution-1/v5/11/v5-072.RECEIPT.json
 create mode 100644 research/p9-six-route/ash-inheritance-20260909/hand-value-v1/execution-1/v5/11/v5-072.command.json
 create mode 100644 research/p9-six-route/ash-inheritance-20260909/hand-value-v1/execution-1/v5/11/v5-072.config.json
 create mode 100644 research/p9-six-route/ash-inheritance-20260909/hand-value-v1/execution-1/v5/11/v5-072.cpu.txt
 create mode 100644 research/p9-six-route/ash-inheritance-20260909/hand-value-v1/execution-1/v5/11/v5-072.outcomes.jsonl.xz
 create mode 100644 research/p9-six-route/ash-inheritance-20260909/hand-value-v1/execution-1/v5/11/v5-072.stderr
 create mode 100644 research/p9-six-route/ash-inheritance-20260909/hand-value-v1/execution-1/v5/11/v5-072.stdout
 create mode 100644 research/p9-six-route/ash-inheritance-20260909/hand-value-v1/execution-1/v5/11/v5-072.traces.jsonl.xz
 create mode 100644 research/p9-six-route/ash-inheritance-20260909/hand-value-v1/execution-1/v5/11/v5-074.RECEIPT.json
 create mode 100644 research/p9-six-route/ash-inheritance-20260909/hand-value-v1/execution-1/v5/11/v5-074.command.json
 create mode 100644 research/p9-six-route/ash-inheritance-20260909/hand-value-v1/execution-1/v5/11/v5-074.config.json
 create mode 100644 research/p9-six-route/ash-inheritance-20260909/hand-value-v1/execution-1/v5/11/v5-074.cpu.txt
 create mode 100644 research/p9-six-route/ash-inheritance-20260909/hand-value-v1/execution-1/v5/11/v5-074.outcomes.jsonl.xz
 create mode 100644 research/p9-six-route/ash-inheritance-20260909/hand-value-v1/execution-1/v5/11/v5-074.stderr
 create mode 100644 research/p9-six-route/ash-inheritance-20260909/hand-value-v1/execution-1/v5/11/v5-074.stdout
 create mode 100644 research/p9-six-route/ash-inheritance-20260909/hand-value-v1/execution-1/v5/11/v5-074.traces.jsonl.xz
[detached HEAD 7729809] research(p9): preserve Hand v5 matched group 20
 65 files changed, 596 insertions(+), 4 deletions(-)
 create mode 100644 research/p9-six-route/ash-inheritance-20260909/hand-value-v1/execution-1/v5/00/v5-076.RECEIPT.json
 create mode 100644 research/p9-six-route/ash-inheritance-20260909/hand-value-v1/execution-1/v5/00/v5-076.command.json
 create mode 100644 research/p9-six-route/ash-inheritance-20260909/hand-value-v1/execution-1/v5/00/v5-076.config.json
 create mode 100644 research/p9-six-route/ash-inheritance-20260909/hand-value-v1/execution-1/v5/00/v5-076.cpu.txt
 create mode 100644 research/p9-six-route/ash-inheritance-20260909/hand-value-v1/execution-1/v5/00/v5-076.outcomes.jsonl.xz
 create mode 100644 research/p9-six-route/ash-inheritance-20260909/hand-value-v1/execution-1/v5/00/v5-076.stderr
 create mode 100644 research/p9-six-route/ash-inheritance-20260909/hand-value-v1/execution-1/v5/00/v5-076.stdout
 create mode 100644 research/p9-six-route/ash-inheritance-20260909/hand-value-v1/execution-1/v5/00/v5-076.traces.jsonl.xz
 create mode 100644 research/p9-six-route/ash-inheritance-20260909/hand-value-v1/execution-1/v5/00/v5-078.RECEIPT.json
 create mode 100644 research/p9-six-route/ash-inheritance-20260909/hand-value-v1/execution-1/v5/00/v5-078.command.json
 create mode 100644 research/p9-six-route/ash-inheritance-20260909/hand-value-v1/execution-1/v5/00/v5-078.config.json
 create mode 100644 research/p9-six-route/ash-inheritance-20260909/hand-value-v1/execution-1/v5/00/v5-078.cpu.txt
 create mode 100644 research/p9-six-route/ash-inheritance-20260909/hand-value-v1/execution-1/v5/00/v5-078.outcomes.jsonl.xz
 create mode 100644 research/p9-six-route/ash-inheritance-20260909/hand-value-v1/execution-1/v5/00/v5-078.stderr
 create mode 100644 research/p9-six-route/ash-inheritance-20260909/hand-value-v1/execution-1/v5/00/v5-078.stdout
 create mode 100644 research/p9-six-route/ash-inheritance-20260909/hand-value-v1/execution-1/v5/00/v5-078.traces.jsonl.xz
 create mode 100644 research/p9-six-route/ash-inheritance-20260909/hand-value-v1/execution-1/v5/01/v5-076.RECEIPT.json
 create mode 100644 research/p9-six-route/ash-inheritance-20260909/hand-value-v1/execution-1/v5/01/v5-076.command.json
 create mode 100644 research/p9-six-route/ash-inheritance-20260909/hand-value-v1/execution-1/v5/01/v5-076.config.json
 create mode 100644 research/p9-six-route/ash-inheritance-20260909/hand-value-v1/execution-1/v5/01/v5-076.cpu.txt
 create mode 100644 research/p9-six-route/ash-inheritance-20260909/hand-value-v1/execution-1/v5/01/v5-076.outcomes.jsonl.xz
 create mode 100644 research/p9-six-route/ash-inheritance-20260909/hand-value-v1/execution-1/v5/01/v5-076.stderr
 create mode 100644 research/p9-six-route/ash-inheritance-20260909/hand-value-v1/execution-1/v5/01/v5-076.stdout
 create mode 100644 research/p9-six-route/ash-inheritance-20260909/hand-value-v1/execution-1/v5/01/v5-076.traces.jsonl.xz
 create mode 100644 research/p9-six-route/ash-inheritance-20260909/hand-value-v1/execution-1/v5/01/v5-078.RECEIPT.json
 create mode 100644 research/p9-six-route/ash-inheritance-20260909/hand-value-v1/execution-1/v5/01/v5-078.command.json
 create mode 100644 research/p9-six-route/ash-inheritance-20260909/hand-value-v1/execution-1/v5/01/v5-078.config.json
 create mode 100644 research/p9-six-route/ash-inheritance-20260909/hand-value-v1/execution-1/v5/01/v5-078.cpu.txt
 create mode 100644 research/p9-six-route/ash-inheritance-20260909/hand-value-v1/execution-1/v5/01/v5-078.outcomes.jsonl.xz
 create mode 100644 research/p9-six-route/ash-inheritance-20260909/hand-value-v1/execution-1/v5/01/v5-078.stderr
 create mode 100644 research/p9-six-route/ash-inheritance-20260909/hand-value-v1/execution-1/v5/01/v5-078.stdout
 create mode 100644 research/p9-six-route/ash-inheritance-20260909/hand-value-v1/execution-1/v5/01/v5-078.traces.jsonl.xz
 create mode 100644 research/p9-six-route/ash-inheritance-20260909/hand-value-v1/execution-1/v5/10/v5-076.RECEIPT.json
 create mode 100644 research/p9-six-route/ash-inheritance-20260909/hand-value-v1/execution-1/v5/10/v5-076.command.json
 create mode 100644 research/p9-six-route/ash-inheritance-20260909/hand-value-v1/execution-1/v5/10/v5-076.config.json
 create mode 100644 research/p9-six-route/ash-inheritance-20260909/hand-value-v1/execution-1/v5/10/v5-076.cpu.txt
 create mode 100644 research/p9-six-route/ash-inheritance-20260909/hand-value-v1/execution-1/v5/10/v5-076.outcomes.jsonl.xz
 create mode 100644 research/p9-six-route/ash-inheritance-20260909/hand-value-v1/execution-1/v5/10/v5-076.stderr
 create mode 100644 research/p9-six-route/ash-inheritance-20260909/hand-value-v1/execution-1/v5/10/v5-076.stdout
 create mode 100644 research/p9-six-route/ash-inheritance-20260909/hand-value-v1/execution-1/v5/10/v5-076.traces.jsonl.xz
 create mode 100644 research/p9-six-route/ash-inheritance-20260909/hand-value-v1/execution-1/v5/10/v5-078.RECEIPT.json
 create mode 100644 research/p9-six-route/ash-inheritance-20260909/hand-value-v1/execution-1/v5/10/v5-078.command.json
 create mode 100644 research/p9-six-route/ash-inheritance-20260909/hand-value-v1/execution-1/v5/10/v5-078.config.json
 create mode 100644 research/p9-six-route/ash-inheritance-20260909/hand-value-v1/execution-1/v5/10/v5-078.cpu.txt
 create mode 100644 research/p9-six-route/ash-inheritance-20260909/hand-value-v1/execution-1/v5/10/v5-078.outcomes.jsonl.xz
 create mode 100644 research/p9-six-route/ash-inheritance-20260909/hand-value-v1/execution-1/v5/10/v5-078.stderr
 create mode 100644 research/p9-six-route/ash-inheritance-20260909/hand-value-v1/execution-1/v5/10/v5-078.stdout
 create mode 100644 research/p9-six-route/ash-inheritance-20260909/hand-value-v1/execution-1/v5/10/v5-078.traces.jsonl.xz
 create mode 100644 research/p9-six-route/ash-inheritance-20260909/hand-value-v1/execution-1/v5/11/v5-076.RECEIPT.json
 create mode 100644 research/p9-six-route/ash-inheritance-20260909/hand-value-v1/execution-1/v5/11/v5-076.command.json
 create mode 100644 research/p9-six-route/ash-inheritance-20260909/hand-value-v1/execution-1/v5/11/v5-076.config.json
 create mode 100644 research/p9-six-route/ash-inheritance-20260909/hand-value-v1/execution-1/v5/11/v5-076.cpu.txt
 create mode 100644 research/p9-six-route/ash-inheritance-20260909/hand-value-v1/execution-1/v5/11/v5-076.outcomes.jsonl.xz
 create mode 100644 research/p9-six-route/ash-inheritance-20260909/hand-value-v1/execution-1/v5/11/v5-076.stderr
 create mode 100644 research/p9-six-route/ash-inheritance-20260909/hand-value-v1/execution-1/v5/11/v5-076.stdout
 create mode 100644 research/p9-six-route/ash-inheritance-20260909/hand-value-v1/execution-1/v5/11/v5-076.traces.jsonl.xz
 create mode 100644 research/p9-six-route/ash-inheritance-20260909/hand-value-v1/execution-1/v5/11/v5-078.RECEIPT.json
 create mode 100644 research/p9-six-route/ash-inheritance-20260909/hand-value-v1/execution-1/v5/11/v5-078.command.json
 create mode 100644 research/p9-six-route/ash-inheritance-20260909/hand-value-v1/execution-1/v5/11/v5-078.config.json
 create mode 100644 research/p9-six-route/ash-inheritance-20260909/hand-value-v1/execution-1/v5/11/v5-078.cpu.txt
 create mode 100644 research/p9-six-route/ash-inheritance-20260909/hand-value-v1/execution-1/v5/11/v5-078.outcomes.jsonl.xz
 create mode 100644 research/p9-six-route/ash-inheritance-20260909/hand-value-v1/execution-1/v5/11/v5-078.stderr
 create mode 100644 research/p9-six-route/ash-inheritance-20260909/hand-value-v1/execution-1/v5/11/v5-078.stdout
 create mode 100644 research/p9-six-route/ash-inheritance-20260909/hand-value-v1/execution-1/v5/11/v5-078.traces.jsonl.xz
[detached HEAD a846daf] research(p9): preserve Hand v5 matched group 21
 65 files changed, 596 insertions(+), 4 deletions(-)
 create mode 100644 research/p9-six-route/ash-inheritance-20260909/hand-value-v1/execution-1/v5/00/v5-080.RECEIPT.json
 create mode 100644 research/p9-six-route/ash-inheritance-20260909/hand-value-v1/execution-1/v5/00/v5-080.command.json
 create mode 100644 research/p9-six-route/ash-inheritance-20260909/hand-value-v1/execution-1/v5/00/v5-080.config.json
 create mode 100644 research/p9-six-route/ash-inheritance-20260909/hand-value-v1/execution-1/v5/00/v5-080.cpu.txt
 create mode 100644 research/p9-six-route/ash-inheritance-20260909/hand-value-v1/execution-1/v5/00/v5-080.outcomes.jsonl.xz
 create mode 100644 research/p9-six-route/ash-inheritance-20260909/hand-value-v1/execution-1/v5/00/v5-080.stderr
 create mode 100644 research/p9-six-route/ash-inheritance-20260909/hand-value-v1/execution-1/v5/00/v5-080.stdout
 create mode 100644 research/p9-six-route/ash-inheritance-20260909/hand-value-v1/execution-1/v5/00/v5-080.traces.jsonl.xz
 create mode 100644 research/p9-six-route/ash-inheritance-20260909/hand-value-v1/execution-1/v5/00/v5-082.RECEIPT.json
 create mode 100644 research/p9-six-route/ash-inheritance-20260909/hand-value-v1/execution-1/v5/00/v5-082.command.json
 create mode 100644 research/p9-six-route/ash-inheritance-20260909/hand-value-v1/execution-1/v5/00/v5-082.config.json
 create mode 100644 research/p9-six-route/ash-inheritance-20260909/hand-value-v1/execution-1/v5/00/v5-082.cpu.txt
 create mode 100644 research/p9-six-route/ash-inheritance-20260909/hand-value-v1/execution-1/v5/00/v5-082.outcomes.jsonl.xz
 create mode 100644 research/p9-six-route/ash-inheritance-20260909/hand-value-v1/execution-1/v5/00/v5-082.stderr
 create mode 100644 research/p9-six-route/ash-inheritance-20260909/hand-value-v1/execution-1/v5/00/v5-082.stdout
 create mode 100644 research/p9-six-route/ash-inheritance-20260909/hand-value-v1/execution-1/v5/00/v5-082.traces.jsonl.xz
 create mode 100644 research/p9-six-route/ash-inheritance-20260909/hand-value-v1/execution-1/v5/01/v5-080.RECEIPT.json
 create mode 100644 research/p9-six-route/ash-inheritance-20260909/hand-value-v1/execution-1/v5/01/v5-080.command.json
 create mode 100644 research/p9-six-route/ash-inheritance-20260909/hand-value-v1/execution-1/v5/01/v5-080.config.json
 create mode 100644 research/p9-six-route/ash-inheritance-20260909/hand-value-v1/execution-1/v5/01/v5-080.cpu.txt
 create mode 100644 research/p9-six-route/ash-inheritance-20260909/hand-value-v1/execution-1/v5/01/v5-080.outcomes.jsonl.xz
 create mode 100644 research/p9-six-route/ash-inheritance-20260909/hand-value-v1/execution-1/v5/01/v5-080.stderr
 create mode 100644 research/p9-six-route/ash-inheritance-20260909/hand-value-v1/execution-1/v5/01/v5-080.stdout
 create mode 100644 research/p9-six-route/ash-inheritance-20260909/hand-value-v1/execution-1/v5/01/v5-080.traces.jsonl.xz
 create mode 100644 research/p9-six-route/ash-inheritance-20260909/hand-value-v1/execution-1/v5/01/v5-082.RECEIPT.json
 create mode 100644 research/p9-six-route/ash-inheritance-20260909/hand-value-v1/execution-1/v5/01/v5-082.command.json
 create mode 100644 research/p9-six-route/ash-inheritance-20260909/hand-value-v1/execution-1/v5/01/v5-082.config.json
 create mode 100644 research/p9-six-route/ash-inheritance-20260909/hand-value-v1/execution-1/v5/01/v5-082.cpu.txt
 create mode 100644 research/p9-six-route/ash-inheritance-20260909/hand-value-v1/execution-1/v5/01/v5-082.outcomes.jsonl.xz
 create mode 100644 research/p9-six-route/ash-inheritance-20260909/hand-value-v1/execution-1/v5/01/v5-082.stderr
 create mode 100644 research/p9-six-route/ash-inheritance-20260909/hand-value-v1/execution-1/v5/01/v5-082.stdout
 create mode 100644 research/p9-six-route/ash-inheritance-20260909/hand-value-v1/execution-1/v5/01/v5-082.traces.jsonl.xz
 create mode 100644 research/p9-six-route/ash-inheritance-20260909/hand-value-v1/execution-1/v5/10/v5-080.RECEIPT.json
 create mode 100644 research/p9-six-route/ash-inheritance-20260909/hand-value-v1/execution-1/v5/10/v5-080.command.json
 create mode 100644 research/p9-six-route/ash-inheritance-20260909/hand-value-v1/execution-1/v5/10/v5-080.config.json
 create mode 100644 research/p9-six-route/ash-inheritance-20260909/hand-value-v1/execution-1/v5/10/v5-080.cpu.txt
 create mode 100644 research/p9-six-route/ash-inheritance-20260909/hand-value-v1/execution-1/v5/10/v5-080.outcomes.jsonl.xz
 create mode 100644 research/p9-six-route/ash-inheritance-20260909/hand-value-v1/execution-1/v5/10/v5-080.stderr
 create mode 100644 research/p9-six-route/ash-inheritance-20260909/hand-value-v1/execution-1/v5/10/v5-080.stdout
 create mode 100644 research/p9-six-route/ash-inheritance-20260909/hand-value-v1/execution-1/v5/10/v5-080.traces.jsonl.xz
 create mode 100644 research/p9-six-route/ash-inheritance-20260909/hand-value-v1/execution-1/v5/10/v5-082.RECEIPT.json
 create mode 100644 research/p9-six-route/ash-inheritance-20260909/hand-value-v1/execution-1/v5/10/v5-082.command.json
 create mode 100644 research/p9-six-route/ash-inheritance-20260909/hand-value-v1/execution-1/v5/10/v5-082.config.json
 create mode 100644 research/p9-six-route/ash-inheritance-20260909/hand-value-v1/execution-1/v5/10/v5-082.cpu.txt
 create mode 100644 research/p9-six-route/ash-inheritance-20260909/hand-value-v1/execution-1/v5/10/v5-082.outcomes.jsonl.xz
 create mode 100644 research/p9-six-route/ash-inheritance-20260909/hand-value-v1/execution-1/v5/10/v5-082.stderr
 create mode 100644 research/p9-six-route/ash-inheritance-20260909/hand-value-v1/execution-1/v5/10/v5-082.stdout
 create mode 100644 research/p9-six-route/ash-inheritance-20260909/hand-value-v1/execution-1/v5/10/v5-082.traces.jsonl.xz
 create mode 100644 research/p9-six-route/ash-inheritance-20260909/hand-value-v1/execution-1/v5/11/v5-080.RECEIPT.json
 create mode 100644 research/p9-six-route/ash-inheritance-20260909/hand-value-v1/execution-1/v5/11/v5-080.command.json
 create mode 100644 research/p9-six-route/ash-inheritance-20260909/hand-value-v1/execution-1/v5/11/v5-080.config.json
 create mode 100644 research/p9-six-route/ash-inheritance-20260909/hand-value-v1/execution-1/v5/11/v5-080.cpu.txt
 create mode 100644 research/p9-six-route/ash-inheritance-20260909/hand-value-v1/execution-1/v5/11/v5-080.outcomes.jsonl.xz
 create mode 100644 research/p9-six-route/ash-inheritance-20260909/hand-value-v1/execution-1/v5/11/v5-080.stderr
 create mode 100644 research/p9-six-route/ash-inheritance-20260909/hand-value-v1/execution-1/v5/11/v5-080.stdout
 create mode 100644 research/p9-six-route/ash-inheritance-20260909/hand-value-v1/execution-1/v5/11/v5-080.traces.jsonl.xz
 create mode 100644 research/p9-six-route/ash-inheritance-20260909/hand-value-v1/execution-1/v5/11/v5-082.RECEIPT.json
 create mode 100644 research/p9-six-route/ash-inheritance-20260909/hand-value-v1/execution-1/v5/11/v5-082.command.json
 create mode 100644 research/p9-six-route/ash-inheritance-20260909/hand-value-v1/execution-1/v5/11/v5-082.config.json
 create mode 100644 research/p9-six-route/ash-inheritance-20260909/hand-value-v1/execution-1/v5/11/v5-082.cpu.txt
 create mode 100644 research/p9-six-route/ash-inheritance-20260909/hand-value-v1/execution-1/v5/11/v5-082.outcomes.jsonl.xz
 create mode 100644 research/p9-six-route/ash-inheritance-20260909/hand-value-v1/execution-1/v5/11/v5-082.stderr
 create mode 100644 research/p9-six-route/ash-inheritance-20260909/hand-value-v1/execution-1/v5/11/v5-082.stdout
 create mode 100644 research/p9-six-route/ash-inheritance-20260909/hand-value-v1/execution-1/v5/11/v5-082.traces.jsonl.xz
[detached HEAD 7a2d1c0] research(p9): preserve Hand v5 matched group 22
 65 files changed, 596 insertions(+), 4 deletions(-)
 create mode 100644 research/p9-six-route/ash-inheritance-20260909/hand-value-v1/execution-1/v5/00/v5-084.RECEIPT.json
 create mode 100644 research/p9-six-route/ash-inheritance-20260909/hand-value-v1/execution-1/v5/00/v5-084.command.json
 create mode 100644 research/p9-six-route/ash-inheritance-20260909/hand-value-v1/execution-1/v5/00/v5-084.config.json
 create mode 100644 research/p9-six-route/ash-inheritance-20260909/hand-value-v1/execution-1/v5/00/v5-084.cpu.txt
 create mode 100644 research/p9-six-route/ash-inheritance-20260909/hand-value-v1/execution-1/v5/00/v5-084.outcomes.jsonl.xz
 create mode 100644 research/p9-six-route/ash-inheritance-20260909/hand-value-v1/execution-1/v5/00/v5-084.stderr
 create mode 100644 research/p9-six-route/ash-inheritance-20260909/hand-value-v1/execution-1/v5/00/v5-084.stdout
 create mode 100644 research/p9-six-route/ash-inheritance-20260909/hand-value-v1/execution-1/v5/00/v5-084.traces.jsonl.xz
 create mode 100644 research/p9-six-route/ash-inheritance-20260909/hand-value-v1/execution-1/v5/00/v5-086.RECEIPT.json
 create mode 100644 research/p9-six-route/ash-inheritance-20260909/hand-value-v1/execution-1/v5/00/v5-086.command.json
 create mode 100644 research/p9-six-route/ash-inheritance-20260909/hand-value-v1/execution-1/v5/00/v5-086.config.json
 create mode 100644 research/p9-six-route/ash-inheritance-20260909/hand-value-v1/execution-1/v5/00/v5-086.cpu.txt
 create mode 100644 research/p9-six-route/ash-inheritance-20260909/hand-value-v1/execution-1/v5/00/v5-086.outcomes.jsonl.xz
 create mode 100644 research/p9-six-route/ash-inheritance-20260909/hand-value-v1/execution-1/v5/00/v5-086.stderr
 create mode 100644 research/p9-six-route/ash-inheritance-20260909/hand-value-v1/execution-1/v5/00/v5-086.stdout
 create mode 100644 research/p9-six-route/ash-inheritance-20260909/hand-value-v1/execution-1/v5/00/v5-086.traces.jsonl.xz
 create mode 100644 research/p9-six-route/ash-inheritance-20260909/hand-value-v1/execution-1/v5/01/v5-084.RECEIPT.json
 create mode 100644 research/p9-six-route/ash-inheritance-20260909/hand-value-v1/execution-1/v5/01/v5-084.command.json
 create mode 100644 research/p9-six-route/ash-inheritance-20260909/hand-value-v1/execution-1/v5/01/v5-084.config.json
 create mode 100644 research/p9-six-route/ash-inheritance-20260909/hand-value-v1/execution-1/v5/01/v5-084.cpu.txt
 create mode 100644 research/p9-six-route/ash-inheritance-20260909/hand-value-v1/execution-1/v5/01/v5-084.outcomes.jsonl.xz
 create mode 100644 research/p9-six-route/ash-inheritance-20260909/hand-value-v1/execution-1/v5/01/v5-084.stderr
 create mode 100644 research/p9-six-route/ash-inheritance-20260909/hand-value-v1/execution-1/v5/01/v5-084.stdout
 create mode 100644 research/p9-six-route/ash-inheritance-20260909/hand-value-v1/execution-1/v5/01/v5-084.traces.jsonl.xz
 create mode 100644 research/p9-six-route/ash-inheritance-20260909/hand-value-v1/execution-1/v5/01/v5-086.RECEIPT.json
 create mode 100644 research/p9-six-route/ash-inheritance-20260909/hand-value-v1/execution-1/v5/01/v5-086.command.json
 create mode 100644 research/p9-six-route/ash-inheritance-20260909/hand-value-v1/execution-1/v5/01/v5-086.config.json
 create mode 100644 research/p9-six-route/ash-inheritance-20260909/hand-value-v1/execution-1/v5/01/v5-086.cpu.txt
 create mode 100644 research/p9-six-route/ash-inheritance-20260909/hand-value-v1/execution-1/v5/01/v5-086.outcomes.jsonl.xz
 create mode 100644 research/p9-six-route/ash-inheritance-20260909/hand-value-v1/execution-1/v5/01/v5-086.stderr
 create mode 100644 research/p9-six-route/ash-inheritance-20260909/hand-value-v1/execution-1/v5/01/v5-086.stdout
 create mode 100644 research/p9-six-route/ash-inheritance-20260909/hand-value-v1/execution-1/v5/01/v5-086.traces.jsonl.xz
 create mode 100644 research/p9-six-route/ash-inheritance-20260909/hand-value-v1/execution-1/v5/10/v5-084.RECEIPT.json
 create mode 100644 research/p9-six-route/ash-inheritance-20260909/hand-value-v1/execution-1/v5/10/v5-084.command.json
 create mode 100644 research/p9-six-route/ash-inheritance-20260909/hand-value-v1/execution-1/v5/10/v5-084.config.json
 create mode 100644 research/p9-six-route/ash-inheritance-20260909/hand-value-v1/execution-1/v5/10/v5-084.cpu.txt
 create mode 100644 research/p9-six-route/ash-inheritance-20260909/hand-value-v1/execution-1/v5/10/v5-084.outcomes.jsonl.xz
 create mode 100644 research/p9-six-route/ash-inheritance-20260909/hand-value-v1/execution-1/v5/10/v5-084.stderr
 create mode 100644 research/p9-six-route/ash-inheritance-20260909/hand-value-v1/execution-1/v5/10/v5-084.stdout
 create mode 100644 research/p9-six-route/ash-inheritance-20260909/hand-value-v1/execution-1/v5/10/v5-084.traces.jsonl.xz
 create mode 100644 research/p9-six-route/ash-inheritance-20260909/hand-value-v1/execution-1/v5/10/v5-086.RECEIPT.json
 create mode 100644 research/p9-six-route/ash-inheritance-20260909/hand-value-v1/execution-1/v5/10/v5-086.command.json
 create mode 100644 research/p9-six-route/ash-inheritance-20260909/hand-value-v1/execution-1/v5/10/v5-086.config.json
 create mode 100644 research/p9-six-route/ash-inheritance-20260909/hand-value-v1/execution-1/v5/10/v5-086.cpu.txt
 create mode 100644 research/p9-six-route/ash-inheritance-20260909/hand-value-v1/execution-1/v5/10/v5-086.outcomes.jsonl.xz
 create mode 100644 research/p9-six-route/ash-inheritance-20260909/hand-value-v1/execution-1/v5/10/v5-086.stderr
 create mode 100644 research/p9-six-route/ash-inheritance-20260909/hand-value-v1/execution-1/v5/10/v5-086.stdout
 create mode 100644 research/p9-six-route/ash-inheritance-20260909/hand-value-v1/execution-1/v5/10/v5-086.traces.jsonl.xz
 create mode 100644 research/p9-six-route/ash-inheritance-20260909/hand-value-v1/execution-1/v5/11/v5-084.RECEIPT.json
 create mode 100644 research/p9-six-route/ash-inheritance-20260909/hand-value-v1/execution-1/v5/11/v5-084.command.json
 create mode 100644 research/p9-six-route/ash-inheritance-20260909/hand-value-v1/execution-1/v5/11/v5-084.config.json
 create mode 100644 research/p9-six-route/ash-inheritance-20260909/hand-value-v1/execution-1/v5/11/v5-084.cpu.txt
 create mode 100644 research/p9-six-route/ash-inheritance-20260909/hand-value-v1/execution-1/v5/11/v5-084.outcomes.jsonl.xz
 create mode 100644 research/p9-six-route/ash-inheritance-20260909/hand-value-v1/execution-1/v5/11/v5-084.stderr
 create mode 100644 research/p9-six-route/ash-inheritance-20260909/hand-value-v1/execution-1/v5/11/v5-084.stdout
 create mode 100644 research/p9-six-route/ash-inheritance-20260909/hand-value-v1/execution-1/v5/11/v5-084.traces.jsonl.xz
 create mode 100644 research/p9-six-route/ash-inheritance-20260909/hand-value-v1/execution-1/v5/11/v5-086.RECEIPT.json
 create mode 100644 research/p9-six-route/ash-inheritance-20260909/hand-value-v1/execution-1/v5/11/v5-086.command.json
 create mode 100644 research/p9-six-route/ash-inheritance-20260909/hand-value-v1/execution-1/v5/11/v5-086.config.json
 create mode 100644 research/p9-six-route/ash-inheritance-20260909/hand-value-v1/execution-1/v5/11/v5-086.cpu.txt
 create mode 100644 research/p9-six-route/ash-inheritance-20260909/hand-value-v1/execution-1/v5/11/v5-086.outcomes.jsonl.xz
 create mode 100644 research/p9-six-route/ash-inheritance-20260909/hand-value-v1/execution-1/v5/11/v5-086.stderr
 create mode 100644 research/p9-six-route/ash-inheritance-20260909/hand-value-v1/execution-1/v5/11/v5-086.stdout
 create mode 100644 research/p9-six-route/ash-inheritance-20260909/hand-value-v1/execution-1/v5/11/v5-086.traces.jsonl.xz
[detached HEAD f9bc035] research(p9): preserve Hand v5 matched group 23
 65 files changed, 596 insertions(+), 4 deletions(-)
 create mode 100644 research/p9-six-route/ash-inheritance-20260909/hand-value-v1/execution-1/v5/00/v5-088.RECEIPT.json
 create mode 100644 research/p9-six-route/ash-inheritance-20260909/hand-value-v1/execution-1/v5/00/v5-088.command.json
 create mode 100644 research/p9-six-route/ash-inheritance-20260909/hand-value-v1/execution-1/v5/00/v5-088.config.json
 create mode 100644 research/p9-six-route/ash-inheritance-20260909/hand-value-v1/execution-1/v5/00/v5-088.cpu.txt
 create mode 100644 research/p9-six-route/ash-inheritance-20260909/hand-value-v1/execution-1/v5/00/v5-088.outcomes.jsonl.xz
 create mode 100644 research/p9-six-route/ash-inheritance-20260909/hand-value-v1/execution-1/v5/00/v5-088.stderr
 create mode 100644 research/p9-six-route/ash-inheritance-20260909/hand-value-v1/execution-1/v5/00/v5-088.stdout
 create mode 100644 research/p9-six-route/ash-inheritance-20260909/hand-value-v1/execution-1/v5/00/v5-088.traces.jsonl.xz
 create mode 100644 research/p9-six-route/ash-inheritance-20260909/hand-value-v1/execution-1/v5/00/v5-090.RECEIPT.json
 create mode 100644 research/p9-six-route/ash-inheritance-20260909/hand-value-v1/execution-1/v5/00/v5-090.command.json
 create mode 100644 research/p9-six-route/ash-inheritance-20260909/hand-value-v1/execution-1/v5/00/v5-090.config.json
 create mode 100644 research/p9-six-route/ash-inheritance-20260909/hand-value-v1/execution-1/v5/00/v5-090.cpu.txt
 create mode 100644 research/p9-six-route/ash-inheritance-20260909/hand-value-v1/execution-1/v5/00/v5-090.outcomes.jsonl.xz
 create mode 100644 research/p9-six-route/ash-inheritance-20260909/hand-value-v1/execution-1/v5/00/v5-090.stderr
 create mode 100644 research/p9-six-route/ash-inheritance-20260909/hand-value-v1/execution-1/v5/00/v5-090.stdout
 create mode 100644 research/p9-six-route/ash-inheritance-20260909/hand-value-v1/execution-1/v5/00/v5-090.traces.jsonl.xz
 create mode 100644 research/p9-six-route/ash-inheritance-20260909/hand-value-v1/execution-1/v5/01/v5-088.RECEIPT.json
 create mode 100644 research/p9-six-route/ash-inheritance-20260909/hand-value-v1/execution-1/v5/01/v5-088.command.json
 create mode 100644 research/p9-six-route/ash-inheritance-20260909/hand-value-v1/execution-1/v5/01/v5-088.config.json
 create mode 100644 research/p9-six-route/ash-inheritance-20260909/hand-value-v1/execution-1/v5/01/v5-088.cpu.txt
 create mode 100644 research/p9-six-route/ash-inheritance-20260909/hand-value-v1/execution-1/v5/01/v5-088.outcomes.jsonl.xz
 create mode 100644 research/p9-six-route/ash-inheritance-20260909/hand-value-v1/execution-1/v5/01/v5-088.stderr
 create mode 100644 research/p9-six-route/ash-inheritance-20260909/hand-value-v1/execution-1/v5/01/v5-088.stdout
 create mode 100644 research/p9-six-route/ash-inheritance-20260909/hand-value-v1/execution-1/v5/01/v5-088.traces.jsonl.xz
 create mode 100644 research/p9-six-route/ash-inheritance-20260909/hand-value-v1/execution-1/v5/01/v5-090.RECEIPT.json
 create mode 100644 research/p9-six-route/ash-inheritance-20260909/hand-value-v1/execution-1/v5/01/v5-090.command.json
 create mode 100644 research/p9-six-route/ash-inheritance-20260909/hand-value-v1/execution-1/v5/01/v5-090.config.json
 create mode 100644 research/p9-six-route/ash-inheritance-20260909/hand-value-v1/execution-1/v5/01/v5-090.cpu.txt
 create mode 100644 research/p9-six-route/ash-inheritance-20260909/hand-value-v1/execution-1/v5/01/v5-090.outcomes.jsonl.xz
 create mode 100644 research/p9-six-route/ash-inheritance-20260909/hand-value-v1/execution-1/v5/01/v5-090.stderr
 create mode 100644 research/p9-six-route/ash-inheritance-20260909/hand-value-v1/execution-1/v5/01/v5-090.stdout
 create mode 100644 research/p9-six-route/ash-inheritance-20260909/hand-value-v1/execution-1/v5/01/v5-090.traces.jsonl.xz
 create mode 100644 research/p9-six-route/ash-inheritance-20260909/hand-value-v1/execution-1/v5/10/v5-088.RECEIPT.json
 create mode 100644 research/p9-six-route/ash-inheritance-20260909/hand-value-v1/execution-1/v5/10/v5-088.command.json
 create mode 100644 research/p9-six-route/ash-inheritance-20260909/hand-value-v1/execution-1/v5/10/v5-088.config.json
 create mode 100644 research/p9-six-route/ash-inheritance-20260909/hand-value-v1/execution-1/v5/10/v5-088.cpu.txt
 create mode 100644 research/p9-six-route/ash-inheritance-20260909/hand-value-v1/execution-1/v5/10/v5-088.outcomes.jsonl.xz
 create mode 100644 research/p9-six-route/ash-inheritance-20260909/hand-value-v1/execution-1/v5/10/v5-088.stderr
 create mode 100644 research/p9-six-route/ash-inheritance-20260909/hand-value-v1/execution-1/v5/10/v5-088.stdout
 create mode 100644 research/p9-six-route/ash-inheritance-20260909/hand-value-v1/execution-1/v5/10/v5-088.traces.jsonl.xz
 create mode 100644 research/p9-six-route/ash-inheritance-20260909/hand-value-v1/execution-1/v5/10/v5-090.RECEIPT.json
 create mode 100644 research/p9-six-route/ash-inheritance-20260909/hand-value-v1/execution-1/v5/10/v5-090.command.json
 create mode 100644 research/p9-six-route/ash-inheritance-20260909/hand-value-v1/execution-1/v5/10/v5-090.config.json
 create mode 100644 research/p9-six-route/ash-inheritance-20260909/hand-value-v1/execution-1/v5/10/v5-090.cpu.txt
 create mode 100644 research/p9-six-route/ash-inheritance-20260909/hand-value-v1/execution-1/v5/10/v5-090.outcomes.jsonl.xz
 create mode 100644 research/p9-six-route/ash-inheritance-20260909/hand-value-v1/execution-1/v5/10/v5-090.stderr
 create mode 100644 research/p9-six-route/ash-inheritance-20260909/hand-value-v1/execution-1/v5/10/v5-090.stdout
 create mode 100644 research/p9-six-route/ash-inheritance-20260909/hand-value-v1/execution-1/v5/10/v5-090.traces.jsonl.xz
 create mode 100644 research/p9-six-route/ash-inheritance-20260909/hand-value-v1/execution-1/v5/11/v5-088.RECEIPT.json
 create mode 100644 research/p9-six-route/ash-inheritance-20260909/hand-value-v1/execution-1/v5/11/v5-088.command.json
 create mode 100644 research/p9-six-route/ash-inheritance-20260909/hand-value-v1/execution-1/v5/11/v5-088.config.json
 create mode 100644 research/p9-six-route/ash-inheritance-20260909/hand-value-v1/execution-1/v5/11/v5-088.cpu.txt
 create mode 100644 research/p9-six-route/ash-inheritance-20260909/hand-value-v1/execution-1/v5/11/v5-088.outcomes.jsonl.xz
 create mode 100644 research/p9-six-route/ash-inheritance-20260909/hand-value-v1/execution-1/v5/11/v5-088.stderr
 create mode 100644 research/p9-six-route/ash-inheritance-20260909/hand-value-v1/execution-1/v5/11/v5-088.stdout
 create mode 100644 research/p9-six-route/ash-inheritance-20260909/hand-value-v1/execution-1/v5/11/v5-088.traces.jsonl.xz
 create mode 100644 research/p9-six-route/ash-inheritance-20260909/hand-value-v1/execution-1/v5/11/v5-090.RECEIPT.json
 create mode 100644 research/p9-six-route/ash-inheritance-20260909/hand-value-v1/execution-1/v5/11/v5-090.command.json
 create mode 100644 research/p9-six-route/ash-inheritance-20260909/hand-value-v1/execution-1/v5/11/v5-090.config.json
 create mode 100644 research/p9-six-route/ash-inheritance-20260909/hand-value-v1/execution-1/v5/11/v5-090.cpu.txt
 create mode 100644 research/p9-six-route/ash-inheritance-20260909/hand-value-v1/execution-1/v5/11/v5-090.outcomes.jsonl.xz
 create mode 100644 research/p9-six-route/ash-inheritance-20260909/hand-value-v1/execution-1/v5/11/v5-090.stderr
 create mode 100644 research/p9-six-route/ash-inheritance-20260909/hand-value-v1/execution-1/v5/11/v5-090.stdout
 create mode 100644 research/p9-six-route/ash-inheritance-20260909/hand-value-v1/execution-1/v5/11/v5-090.traces.jsonl.xz
[detached HEAD 1dab668] research(p9): preserve Hand v5 matched group 24
 65 files changed, 596 insertions(+), 4 deletions(-)
 create mode 100644 research/p9-six-route/ash-inheritance-20260909/hand-value-v1/execution-1/v5/00/v5-092.RECEIPT.json
 create mode 100644 research/p9-six-route/ash-inheritance-20260909/hand-value-v1/execution-1/v5/00/v5-092.command.json
 create mode 100644 research/p9-six-route/ash-inheritance-20260909/hand-value-v1/execution-1/v5/00/v5-092.config.json
 create mode 100644 research/p9-six-route/ash-inheritance-20260909/hand-value-v1/execution-1/v5/00/v5-092.cpu.txt
 create mode 100644 research/p9-six-route/ash-inheritance-20260909/hand-value-v1/execution-1/v5/00/v5-092.outcomes.jsonl.xz
 create mode 100644 research/p9-six-route/ash-inheritance-20260909/hand-value-v1/execution-1/v5/00/v5-092.stderr
 create mode 100644 research/p9-six-route/ash-inheritance-20260909/hand-value-v1/execution-1/v5/00/v5-092.stdout
 create mode 100644 research/p9-six-route/ash-inheritance-20260909/hand-value-v1/execution-1/v5/00/v5-092.traces.jsonl.xz
 create mode 100644 research/p9-six-route/ash-inheritance-20260909/hand-value-v1/execution-1/v5/00/v5-094.RECEIPT.json
 create mode 100644 research/p9-six-route/ash-inheritance-20260909/hand-value-v1/execution-1/v5/00/v5-094.command.json
 create mode 100644 research/p9-six-route/ash-inheritance-20260909/hand-value-v1/execution-1/v5/00/v5-094.config.json
 create mode 100644 research/p9-six-route/ash-inheritance-20260909/hand-value-v1/execution-1/v5/00/v5-094.cpu.txt
 create mode 100644 research/p9-six-route/ash-inheritance-20260909/hand-value-v1/execution-1/v5/00/v5-094.outcomes.jsonl.xz
 create mode 100644 research/p9-six-route/ash-inheritance-20260909/hand-value-v1/execution-1/v5/00/v5-094.stderr
 create mode 100644 research/p9-six-route/ash-inheritance-20260909/hand-value-v1/execution-1/v5/00/v5-094.stdout
 create mode 100644 research/p9-six-route/ash-inheritance-20260909/hand-value-v1/execution-1/v5/00/v5-094.traces.jsonl.xz
 create mode 100644 research/p9-six-route/ash-inheritance-20260909/hand-value-v1/execution-1/v5/01/v5-092.RECEIPT.json
 create mode 100644 research/p9-six-route/ash-inheritance-20260909/hand-value-v1/execution-1/v5/01/v5-092.command.json
 create mode 100644 research/p9-six-route/ash-inheritance-20260909/hand-value-v1/execution-1/v5/01/v5-092.config.json
 create mode 100644 research/p9-six-route/ash-inheritance-20260909/hand-value-v1/execution-1/v5/01/v5-092.cpu.txt
 create mode 100644 research/p9-six-route/ash-inheritance-20260909/hand-value-v1/execution-1/v5/01/v5-092.outcomes.jsonl.xz
 create mode 100644 research/p9-six-route/ash-inheritance-20260909/hand-value-v1/execution-1/v5/01/v5-092.stderr
 create mode 100644 research/p9-six-route/ash-inheritance-20260909/hand-value-v1/execution-1/v5/01/v5-092.stdout
 create mode 100644 research/p9-six-route/ash-inheritance-20260909/hand-value-v1/execution-1/v5/01/v5-092.traces.jsonl.xz
 create mode 100644 research/p9-six-route/ash-inheritance-20260909/hand-value-v1/execution-1/v5/01/v5-094.RECEIPT.json
 create mode 100644 research/p9-six-route/ash-inheritance-20260909/hand-value-v1/execution-1/v5/01/v5-094.command.json
 create mode 100644 research/p9-six-route/ash-inheritance-20260909/hand-value-v1/execution-1/v5/01/v5-094.config.json
 create mode 100644 research/p9-six-route/ash-inheritance-20260909/hand-value-v1/execution-1/v5/01/v5-094.cpu.txt
 create mode 100644 research/p9-six-route/ash-inheritance-20260909/hand-value-v1/execution-1/v5/01/v5-094.outcomes.jsonl.xz
 create mode 100644 research/p9-six-route/ash-inheritance-20260909/hand-value-v1/execution-1/v5/01/v5-094.stderr
 create mode 100644 research/p9-six-route/ash-inheritance-20260909/hand-value-v1/execution-1/v5/01/v5-094.stdout
 create mode 100644 research/p9-six-route/ash-inheritance-20260909/hand-value-v1/execution-1/v5/01/v5-094.traces.jsonl.xz
 create mode 100644 research/p9-six-route/ash-inheritance-20260909/hand-value-v1/execution-1/v5/10/v5-092.RECEIPT.json
 create mode 100644 research/p9-six-route/ash-inheritance-20260909/hand-value-v1/execution-1/v5/10/v5-092.command.json
 create mode 100644 research/p9-six-route/ash-inheritance-20260909/hand-value-v1/execution-1/v5/10/v5-092.config.json
 create mode 100644 research/p9-six-route/ash-inheritance-20260909/hand-value-v1/execution-1/v5/10/v5-092.cpu.txt
 create mode 100644 research/p9-six-route/ash-inheritance-20260909/hand-value-v1/execution-1/v5/10/v5-092.outcomes.jsonl.xz
 create mode 100644 research/p9-six-route/ash-inheritance-20260909/hand-value-v1/execution-1/v5/10/v5-092.stderr
 create mode 100644 research/p9-six-route/ash-inheritance-20260909/hand-value-v1/execution-1/v5/10/v5-092.stdout
 create mode 100644 research/p9-six-route/ash-inheritance-20260909/hand-value-v1/execution-1/v5/10/v5-092.traces.jsonl.xz
 create mode 100644 research/p9-six-route/ash-inheritance-20260909/hand-value-v1/execution-1/v5/10/v5-094.RECEIPT.json
 create mode 100644 research/p9-six-route/ash-inheritance-20260909/hand-value-v1/execution-1/v5/10/v5-094.command.json
 create mode 100644 research/p9-six-route/ash-inheritance-20260909/hand-value-v1/execution-1/v5/10/v5-094.config.json
 create mode 100644 research/p9-six-route/ash-inheritance-20260909/hand-value-v1/execution-1/v5/10/v5-094.cpu.txt
 create mode 100644 research/p9-six-route/ash-inheritance-20260909/hand-value-v1/execution-1/v5/10/v5-094.outcomes.jsonl.xz
 create mode 100644 research/p9-six-route/ash-inheritance-20260909/hand-value-v1/execution-1/v5/10/v5-094.stderr
 create mode 100644 research/p9-six-route/ash-inheritance-20260909/hand-value-v1/execution-1/v5/10/v5-094.stdout
 create mode 100644 research/p9-six-route/ash-inheritance-20260909/hand-value-v1/execution-1/v5/10/v5-094.traces.jsonl.xz
 create mode 100644 research/p9-six-route/ash-inheritance-20260909/hand-value-v1/execution-1/v5/11/v5-092.RECEIPT.json
 create mode 100644 research/p9-six-route/ash-inheritance-20260909/hand-value-v1/execution-1/v5/11/v5-092.command.json
 create mode 100644 research/p9-six-route/ash-inheritance-20260909/hand-value-v1/execution-1/v5/11/v5-092.config.json
 create mode 100644 research/p9-six-route/ash-inheritance-20260909/hand-value-v1/execution-1/v5/11/v5-092.cpu.txt
 create mode 100644 research/p9-six-route/ash-inheritance-20260909/hand-value-v1/execution-1/v5/11/v5-092.outcomes.jsonl.xz
 create mode 100644 research/p9-six-route/ash-inheritance-20260909/hand-value-v1/execution-1/v5/11/v5-092.stderr
 create mode 100644 research/p9-six-route/ash-inheritance-20260909/hand-value-v1/execution-1/v5/11/v5-092.stdout
 create mode 100644 research/p9-six-route/ash-inheritance-20260909/hand-value-v1/execution-1/v5/11/v5-092.traces.jsonl.xz
 create mode 100644 research/p9-six-route/ash-inheritance-20260909/hand-value-v1/execution-1/v5/11/v5-094.RECEIPT.json
 create mode 100644 research/p9-six-route/ash-inheritance-20260909/hand-value-v1/execution-1/v5/11/v5-094.command.json
 create mode 100644 research/p9-six-route/ash-inheritance-20260909/hand-value-v1/execution-1/v5/11/v5-094.config.json
 create mode 100644 research/p9-six-route/ash-inheritance-20260909/hand-value-v1/execution-1/v5/11/v5-094.cpu.txt
 create mode 100644 research/p9-six-route/ash-inheritance-20260909/hand-value-v1/execution-1/v5/11/v5-094.outcomes.jsonl.xz
 create mode 100644 research/p9-six-route/ash-inheritance-20260909/hand-value-v1/execution-1/v5/11/v5-094.stderr
 create mode 100644 research/p9-six-route/ash-inheritance-20260909/hand-value-v1/execution-1/v5/11/v5-094.stdout
 create mode 100644 research/p9-six-route/ash-inheritance-20260909/hand-value-v1/execution-1/v5/11/v5-094.traces.jsonl.xz
[detached HEAD 5155a1b] research(p9): preserve Hand v5 matched group 25
 65 files changed, 596 insertions(+), 4 deletions(-)
 create mode 100644 research/p9-six-route/ash-inheritance-20260909/hand-value-v1/execution-1/v5/00/v5-096.RECEIPT.json
 create mode 100644 research/p9-six-route/ash-inheritance-20260909/hand-value-v1/execution-1/v5/00/v5-096.command.json
 create mode 100644 research/p9-six-route/ash-inheritance-20260909/hand-value-v1/execution-1/v5/00/v5-096.config.json
 create mode 100644 research/p9-six-route/ash-inheritance-20260909/hand-value-v1/execution-1/v5/00/v5-096.cpu.txt
 create mode 100644 research/p9-six-route/ash-inheritance-20260909/hand-value-v1/execution-1/v5/00/v5-096.outcomes.jsonl.xz
 create mode 100644 research/p9-six-route/ash-inheritance-20260909/hand-value-v1/execution-1/v5/00/v5-096.stderr
 create mode 100644 research/p9-six-route/ash-inheritance-20260909/hand-value-v1/execution-1/v5/00/v5-096.stdout
 create mode 100644 research/p9-six-route/ash-inheritance-20260909/hand-value-v1/execution-1/v5/00/v5-096.traces.jsonl.xz
 create mode 100644 research/p9-six-route/ash-inheritance-20260909/hand-value-v1/execution-1/v5/00/v5-098.RECEIPT.json
 create mode 100644 research/p9-six-route/ash-inheritance-20260909/hand-value-v1/execution-1/v5/00/v5-098.command.json
 create mode 100644 research/p9-six-route/ash-inheritance-20260909/hand-value-v1/execution-1/v5/00/v5-098.config.json
 create mode 100644 research/p9-six-route/ash-inheritance-20260909/hand-value-v1/execution-1/v5/00/v5-098.cpu.txt
 create mode 100644 research/p9-six-route/ash-inheritance-20260909/hand-value-v1/execution-1/v5/00/v5-098.outcomes.jsonl.xz
 create mode 100644 research/p9-six-route/ash-inheritance-20260909/hand-value-v1/execution-1/v5/00/v5-098.stderr
 create mode 100644 research/p9-six-route/ash-inheritance-20260909/hand-value-v1/execution-1/v5/00/v5-098.stdout
 create mode 100644 research/p9-six-route/ash-inheritance-20260909/hand-value-v1/execution-1/v5/00/v5-098.traces.jsonl.xz
 create mode 100644 research/p9-six-route/ash-inheritance-20260909/hand-value-v1/execution-1/v5/01/v5-096.RECEIPT.json
 create mode 100644 research/p9-six-route/ash-inheritance-20260909/hand-value-v1/execution-1/v5/01/v5-096.command.json
 create mode 100644 research/p9-six-route/ash-inheritance-20260909/hand-value-v1/execution-1/v5/01/v5-096.config.json
 create mode 100644 research/p9-six-route/ash-inheritance-20260909/hand-value-v1/execution-1/v5/01/v5-096.cpu.txt
 create mode 100644 research/p9-six-route/ash-inheritance-20260909/hand-value-v1/execution-1/v5/01/v5-096.outcomes.jsonl.xz
 create mode 100644 research/p9-six-route/ash-inheritance-20260909/hand-value-v1/execution-1/v5/01/v5-096.stderr
 create mode 100644 research/p9-six-route/ash-inheritance-20260909/hand-value-v1/execution-1/v5/01/v5-096.stdout
 create mode 100644 research/p9-six-route/ash-inheritance-20260909/hand-value-v1/execution-1/v5/01/v5-096.traces.jsonl.xz
 create mode 100644 research/p9-six-route/ash-inheritance-20260909/hand-value-v1/execution-1/v5/01/v5-098.RECEIPT.json
 create mode 100644 research/p9-six-route/ash-inheritance-20260909/hand-value-v1/execution-1/v5/01/v5-098.command.json
 create mode 100644 research/p9-six-route/ash-inheritance-20260909/hand-value-v1/execution-1/v5/01/v5-098.config.json
 create mode 100644 research/p9-six-route/ash-inheritance-20260909/hand-value-v1/execution-1/v5/01/v5-098.cpu.txt
 create mode 100644 research/p9-six-route/ash-inheritance-20260909/hand-value-v1/execution-1/v5/01/v5-098.outcomes.jsonl.xz
 create mode 100644 research/p9-six-route/ash-inheritance-20260909/hand-value-v1/execution-1/v5/01/v5-098.stderr
 create mode 100644 research/p9-six-route/ash-inheritance-20260909/hand-value-v1/execution-1/v5/01/v5-098.stdout
 create mode 100644 research/p9-six-route/ash-inheritance-20260909/hand-value-v1/execution-1/v5/01/v5-098.traces.jsonl.xz
 create mode 100644 research/p9-six-route/ash-inheritance-20260909/hand-value-v1/execution-1/v5/10/v5-096.RECEIPT.json
 create mode 100644 research/p9-six-route/ash-inheritance-20260909/hand-value-v1/execution-1/v5/10/v5-096.command.json
 create mode 100644 research/p9-six-route/ash-inheritance-20260909/hand-value-v1/execution-1/v5/10/v5-096.config.json
 create mode 100644 research/p9-six-route/ash-inheritance-20260909/hand-value-v1/execution-1/v5/10/v5-096.cpu.txt
 create mode 100644 research/p9-six-route/ash-inheritance-20260909/hand-value-v1/execution-1/v5/10/v5-096.outcomes.jsonl.xz
 create mode 100644 research/p9-six-route/ash-inheritance-20260909/hand-value-v1/execution-1/v5/10/v5-096.stderr
 create mode 100644 research/p9-six-route/ash-inheritance-20260909/hand-value-v1/execution-1/v5/10/v5-096.stdout
 create mode 100644 research/p9-six-route/ash-inheritance-20260909/hand-value-v1/execution-1/v5/10/v5-096.traces.jsonl.xz
 create mode 100644 research/p9-six-route/ash-inheritance-20260909/hand-value-v1/execution-1/v5/10/v5-098.RECEIPT.json
 create mode 100644 research/p9-six-route/ash-inheritance-20260909/hand-value-v1/execution-1/v5/10/v5-098.command.json
 create mode 100644 research/p9-six-route/ash-inheritance-20260909/hand-value-v1/execution-1/v5/10/v5-098.config.json
 create mode 100644 research/p9-six-route/ash-inheritance-20260909/hand-value-v1/execution-1/v5/10/v5-098.cpu.txt
 create mode 100644 research/p9-six-route/ash-inheritance-20260909/hand-value-v1/execution-1/v5/10/v5-098.outcomes.jsonl.xz
 create mode 100644 research/p9-six-route/ash-inheritance-20260909/hand-value-v1/execution-1/v5/10/v5-098.stderr
 create mode 100644 research/p9-six-route/ash-inheritance-20260909/hand-value-v1/execution-1/v5/10/v5-098.stdout
 create mode 100644 research/p9-six-route/ash-inheritance-20260909/hand-value-v1/execution-1/v5/10/v5-098.traces.jsonl.xz
 create mode 100644 research/p9-six-route/ash-inheritance-20260909/hand-value-v1/execution-1/v5/11/v5-096.RECEIPT.json
 create mode 100644 research/p9-six-route/ash-inheritance-20260909/hand-value-v1/execution-1/v5/11/v5-096.command.json
 create mode 100644 research/p9-six-route/ash-inheritance-20260909/hand-value-v1/execution-1/v5/11/v5-096.config.json
 create mode 100644 research/p9-six-route/ash-inheritance-20260909/hand-value-v1/execution-1/v5/11/v5-096.cpu.txt
 create mode 100644 research/p9-six-route/ash-inheritance-20260909/hand-value-v1/execution-1/v5/11/v5-096.outcomes.jsonl.xz
 create mode 100644 research/p9-six-route/ash-inheritance-20260909/hand-value-v1/execution-1/v5/11/v5-096.stderr
 create mode 100644 research/p9-six-route/ash-inheritance-20260909/hand-value-v1/execution-1/v5/11/v5-096.stdout
 create mode 100644 research/p9-six-route/ash-inheritance-20260909/hand-value-v1/execution-1/v5/11/v5-096.traces.jsonl.xz
 create mode 100644 research/p9-six-route/ash-inheritance-20260909/hand-value-v1/execution-1/v5/11/v5-098.RECEIPT.json
 create mode 100644 research/p9-six-route/ash-inheritance-20260909/hand-value-v1/execution-1/v5/11/v5-098.command.json
 create mode 100644 research/p9-six-route/ash-inheritance-20260909/hand-value-v1/execution-1/v5/11/v5-098.config.json
 create mode 100644 research/p9-six-route/ash-inheritance-20260909/hand-value-v1/execution-1/v5/11/v5-098.cpu.txt
 create mode 100644 research/p9-six-route/ash-inheritance-20260909/hand-value-v1/execution-1/v5/11/v5-098.outcomes.jsonl.xz
 create mode 100644 research/p9-six-route/ash-inheritance-20260909/hand-value-v1/execution-1/v5/11/v5-098.stderr
 create mode 100644 research/p9-six-route/ash-inheritance-20260909/hand-value-v1/execution-1/v5/11/v5-098.stdout
 create mode 100644 research/p9-six-route/ash-inheritance-20260909/hand-value-v1/execution-1/v5/11/v5-098.traces.jsonl.xz
[detached HEAD 75343f7] research(p9): preserve Hand v5 matched group 26
 65 files changed, 596 insertions(+), 4 deletions(-)
 create mode 100644 research/p9-six-route/ash-inheritance-20260909/hand-value-v1/execution-1/v5/00/v5-100.RECEIPT.json
 create mode 100644 research/p9-six-route/ash-inheritance-20260909/hand-value-v1/execution-1/v5/00/v5-100.command.json
 create mode 100644 research/p9-six-route/ash-inheritance-20260909/hand-value-v1/execution-1/v5/00/v5-100.config.json
 create mode 100644 research/p9-six-route/ash-inheritance-20260909/hand-value-v1/execution-1/v5/00/v5-100.cpu.txt
 create mode 100644 research/p9-six-route/ash-inheritance-20260909/hand-value-v1/execution-1/v5/00/v5-100.outcomes.jsonl.xz
 create mode 100644 research/p9-six-route/ash-inheritance-20260909/hand-value-v1/execution-1/v5/00/v5-100.stderr
 create mode 100644 research/p9-six-route/ash-inheritance-20260909/hand-value-v1/execution-1/v5/00/v5-100.stdout
 create mode 100644 research/p9-six-route/ash-inheritance-20260909/hand-value-v1/execution-1/v5/00/v5-100.traces.jsonl.xz
 create mode 100644 research/p9-six-route/ash-inheritance-20260909/hand-value-v1/execution-1/v5/00/v5-102.RECEIPT.json
 create mode 100644 research/p9-six-route/ash-inheritance-20260909/hand-value-v1/execution-1/v5/00/v5-102.command.json
 create mode 100644 research/p9-six-route/ash-inheritance-20260909/hand-value-v1/execution-1/v5/00/v5-102.config.json
 create mode 100644 research/p9-six-route/ash-inheritance-20260909/hand-value-v1/execution-1/v5/00/v5-102.cpu.txt
 create mode 100644 research/p9-six-route/ash-inheritance-20260909/hand-value-v1/execution-1/v5/00/v5-102.outcomes.jsonl.xz
 create mode 100644 research/p9-six-route/ash-inheritance-20260909/hand-value-v1/execution-1/v5/00/v5-102.stderr
 create mode 100644 research/p9-six-route/ash-inheritance-20260909/hand-value-v1/execution-1/v5/00/v5-102.stdout
 create mode 100644 research/p9-six-route/ash-inheritance-20260909/hand-value-v1/execution-1/v5/00/v5-102.traces.jsonl.xz
 create mode 100644 research/p9-six-route/ash-inheritance-20260909/hand-value-v1/execution-1/v5/01/v5-100.RECEIPT.json
 create mode 100644 research/p9-six-route/ash-inheritance-20260909/hand-value-v1/execution-1/v5/01/v5-100.command.json
 create mode 100644 research/p9-six-route/ash-inheritance-20260909/hand-value-v1/execution-1/v5/01/v5-100.config.json
 create mode 100644 research/p9-six-route/ash-inheritance-20260909/hand-value-v1/execution-1/v5/01/v5-100.cpu.txt
 create mode 100644 research/p9-six-route/ash-inheritance-20260909/hand-value-v1/execution-1/v5/01/v5-100.outcomes.jsonl.xz
 create mode 100644 research/p9-six-route/ash-inheritance-20260909/hand-value-v1/execution-1/v5/01/v5-100.stderr
 create mode 100644 research/p9-six-route/ash-inheritance-20260909/hand-value-v1/execution-1/v5/01/v5-100.stdout
 create mode 100644 research/p9-six-route/ash-inheritance-20260909/hand-value-v1/execution-1/v5/01/v5-100.traces.jsonl.xz
 create mode 100644 research/p9-six-route/ash-inheritance-20260909/hand-value-v1/execution-1/v5/01/v5-102.RECEIPT.json
 create mode 100644 research/p9-six-route/ash-inheritance-20260909/hand-value-v1/execution-1/v5/01/v5-102.command.json
 create mode 100644 research/p9-six-route/ash-inheritance-20260909/hand-value-v1/execution-1/v5/01/v5-102.config.json
 create mode 100644 research/p9-six-route/ash-inheritance-20260909/hand-value-v1/execution-1/v5/01/v5-102.cpu.txt
 create mode 100644 research/p9-six-route/ash-inheritance-20260909/hand-value-v1/execution-1/v5/01/v5-102.outcomes.jsonl.xz
 create mode 100644 research/p9-six-route/ash-inheritance-20260909/hand-value-v1/execution-1/v5/01/v5-102.stderr
 create mode 100644 research/p9-six-route/ash-inheritance-20260909/hand-value-v1/execution-1/v5/01/v5-102.stdout
 create mode 100644 research/p9-six-route/ash-inheritance-20260909/hand-value-v1/execution-1/v5/01/v5-102.traces.jsonl.xz
 create mode 100644 research/p9-six-route/ash-inheritance-20260909/hand-value-v1/execution-1/v5/10/v5-100.RECEIPT.json
 create mode 100644 research/p9-six-route/ash-inheritance-20260909/hand-value-v1/execution-1/v5/10/v5-100.command.json
 create mode 100644 research/p9-six-route/ash-inheritance-20260909/hand-value-v1/execution-1/v5/10/v5-100.config.json
 create mode 100644 research/p9-six-route/ash-inheritance-20260909/hand-value-v1/execution-1/v5/10/v5-100.cpu.txt
 create mode 100644 research/p9-six-route/ash-inheritance-20260909/hand-value-v1/execution-1/v5/10/v5-100.outcomes.jsonl.xz
 create mode 100644 research/p9-six-route/ash-inheritance-20260909/hand-value-v1/execution-1/v5/10/v5-100.stderr
 create mode 100644 research/p9-six-route/ash-inheritance-20260909/hand-value-v1/execution-1/v5/10/v5-100.stdout
 create mode 100644 research/p9-six-route/ash-inheritance-20260909/hand-value-v1/execution-1/v5/10/v5-100.traces.jsonl.xz
 create mode 100644 research/p9-six-route/ash-inheritance-20260909/hand-value-v1/execution-1/v5/10/v5-102.RECEIPT.json
 create mode 100644 research/p9-six-route/ash-inheritance-20260909/hand-value-v1/execution-1/v5/10/v5-102.command.json
 create mode 100644 research/p9-six-route/ash-inheritance-20260909/hand-value-v1/execution-1/v5/10/v5-102.config.json
 create mode 100644 research/p9-six-route/ash-inheritance-20260909/hand-value-v1/execution-1/v5/10/v5-102.cpu.txt
 create mode 100644 research/p9-six-route/ash-inheritance-20260909/hand-value-v1/execution-1/v5/10/v5-102.outcomes.jsonl.xz
 create mode 100644 research/p9-six-route/ash-inheritance-20260909/hand-value-v1/execution-1/v5/10/v5-102.stderr
 create mode 100644 research/p9-six-route/ash-inheritance-20260909/hand-value-v1/execution-1/v5/10/v5-102.stdout
 create mode 100644 research/p9-six-route/ash-inheritance-20260909/hand-value-v1/execution-1/v5/10/v5-102.traces.jsonl.xz
 create mode 100644 research/p9-six-route/ash-inheritance-20260909/hand-value-v1/execution-1/v5/11/v5-100.RECEIPT.json
 create mode 100644 research/p9-six-route/ash-inheritance-20260909/hand-value-v1/execution-1/v5/11/v5-100.command.json
 create mode 100644 research/p9-six-route/ash-inheritance-20260909/hand-value-v1/execution-1/v5/11/v5-100.config.json
 create mode 100644 research/p9-six-route/ash-inheritance-20260909/hand-value-v1/execution-1/v5/11/v5-100.cpu.txt
 create mode 100644 research/p9-six-route/ash-inheritance-20260909/hand-value-v1/execution-1/v5/11/v5-100.outcomes.jsonl.xz
 create mode 100644 research/p9-six-route/ash-inheritance-20260909/hand-value-v1/execution-1/v5/11/v5-100.stderr
 create mode 100644 research/p9-six-route/ash-inheritance-20260909/hand-value-v1/execution-1/v5/11/v5-100.stdout
 create mode 100644 research/p9-six-route/ash-inheritance-20260909/hand-value-v1/execution-1/v5/11/v5-100.traces.jsonl.xz
 create mode 100644 research/p9-six-route/ash-inheritance-20260909/hand-value-v1/execution-1/v5/11/v5-102.RECEIPT.json
 create mode 100644 research/p9-six-route/ash-inheritance-20260909/hand-value-v1/execution-1/v5/11/v5-102.command.json
 create mode 100644 research/p9-six-route/ash-inheritance-20260909/hand-value-v1/execution-1/v5/11/v5-102.config.json
 create mode 100644 research/p9-six-route/ash-inheritance-20260909/hand-value-v1/execution-1/v5/11/v5-102.cpu.txt
 create mode 100644 research/p9-six-route/ash-inheritance-20260909/hand-value-v1/execution-1/v5/11/v5-102.outcomes.jsonl.xz
 create mode 100644 research/p9-six-route/ash-inheritance-20260909/hand-value-v1/execution-1/v5/11/v5-102.stderr
 create mode 100644 research/p9-six-route/ash-inheritance-20260909/hand-value-v1/execution-1/v5/11/v5-102.stdout
 create mode 100644 research/p9-six-route/ash-inheritance-20260909/hand-value-v1/execution-1/v5/11/v5-102.traces.jsonl.xz
[detached HEAD b239b7b] research(p9): preserve Hand v5 matched group 27
 65 files changed, 596 insertions(+), 4 deletions(-)
 create mode 100644 research/p9-six-route/ash-inheritance-20260909/hand-value-v1/execution-1/v5/00/v5-104.RECEIPT.json
 create mode 100644 research/p9-six-route/ash-inheritance-20260909/hand-value-v1/execution-1/v5/00/v5-104.command.json
 create mode 100644 research/p9-six-route/ash-inheritance-20260909/hand-value-v1/execution-1/v5/00/v5-104.config.json
 create mode 100644 research/p9-six-route/ash-inheritance-20260909/hand-value-v1/execution-1/v5/00/v5-104.cpu.txt
 create mode 100644 research/p9-six-route/ash-inheritance-20260909/hand-value-v1/execution-1/v5/00/v5-104.outcomes.jsonl.xz
 create mode 100644 research/p9-six-route/ash-inheritance-20260909/hand-value-v1/execution-1/v5/00/v5-104.stderr
 create mode 100644 research/p9-six-route/ash-inheritance-20260909/hand-value-v1/execution-1/v5/00/v5-104.stdout
 create mode 100644 research/p9-six-route/ash-inheritance-20260909/hand-value-v1/execution-1/v5/00/v5-104.traces.jsonl.xz
 create mode 100644 research/p9-six-route/ash-inheritance-20260909/hand-value-v1/execution-1/v5/00/v5-106.RECEIPT.json
 create mode 100644 research/p9-six-route/ash-inheritance-20260909/hand-value-v1/execution-1/v5/00/v5-106.command.json
 create mode 100644 research/p9-six-route/ash-inheritance-20260909/hand-value-v1/execution-1/v5/00/v5-106.config.json
 create mode 100644 research/p9-six-route/ash-inheritance-20260909/hand-value-v1/execution-1/v5/00/v5-106.cpu.txt
 create mode 100644 research/p9-six-route/ash-inheritance-20260909/hand-value-v1/execution-1/v5/00/v5-106.outcomes.jsonl.xz
 create mode 100644 research/p9-six-route/ash-inheritance-20260909/hand-value-v1/execution-1/v5/00/v5-106.stderr
 create mode 100644 research/p9-six-route/ash-inheritance-20260909/hand-value-v1/execution-1/v5/00/v5-106.stdout
 create mode 100644 research/p9-six-route/ash-inheritance-20260909/hand-value-v1/execution-1/v5/00/v5-106.traces.jsonl.xz
 create mode 100644 research/p9-six-route/ash-inheritance-20260909/hand-value-v1/execution-1/v5/01/v5-104.RECEIPT.json
 create mode 100644 research/p9-six-route/ash-inheritance-20260909/hand-value-v1/execution-1/v5/01/v5-104.command.json
 create mode 100644 research/p9-six-route/ash-inheritance-20260909/hand-value-v1/execution-1/v5/01/v5-104.config.json
 create mode 100644 research/p9-six-route/ash-inheritance-20260909/hand-value-v1/execution-1/v5/01/v5-104.cpu.txt
 create mode 100644 research/p9-six-route/ash-inheritance-20260909/hand-value-v1/execution-1/v5/01/v5-104.outcomes.jsonl.xz
 create mode 100644 research/p9-six-route/ash-inheritance-20260909/hand-value-v1/execution-1/v5/01/v5-104.stderr
 create mode 100644 research/p9-six-route/ash-inheritance-20260909/hand-value-v1/execution-1/v5/01/v5-104.stdout
 create mode 100644 research/p9-six-route/ash-inheritance-20260909/hand-value-v1/execution-1/v5/01/v5-104.traces.jsonl.xz
 create mode 100644 research/p9-six-route/ash-inheritance-20260909/hand-value-v1/execution-1/v5/01/v5-106.RECEIPT.json
 create mode 100644 research/p9-six-route/ash-inheritance-20260909/hand-value-v1/execution-1/v5/01/v5-106.command.json
 create mode 100644 research/p9-six-route/ash-inheritance-20260909/hand-value-v1/execution-1/v5/01/v5-106.config.json
 create mode 100644 research/p9-six-route/ash-inheritance-20260909/hand-value-v1/execution-1/v5/01/v5-106.cpu.txt
 create mode 100644 research/p9-six-route/ash-inheritance-20260909/hand-value-v1/execution-1/v5/01/v5-106.outcomes.jsonl.xz
 create mode 100644 research/p9-six-route/ash-inheritance-20260909/hand-value-v1/execution-1/v5/01/v5-106.stderr
 create mode 100644 research/p9-six-route/ash-inheritance-20260909/hand-value-v1/execution-1/v5/01/v5-106.stdout
 create mode 100644 research/p9-six-route/ash-inheritance-20260909/hand-value-v1/execution-1/v5/01/v5-106.traces.jsonl.xz
 create mode 100644 research/p9-six-route/ash-inheritance-20260909/hand-value-v1/execution-1/v5/10/v5-104.RECEIPT.json
 create mode 100644 research/p9-six-route/ash-inheritance-20260909/hand-value-v1/execution-1/v5/10/v5-104.command.json
 create mode 100644 research/p9-six-route/ash-inheritance-20260909/hand-value-v1/execution-1/v5/10/v5-104.config.json
 create mode 100644 research/p9-six-route/ash-inheritance-20260909/hand-value-v1/execution-1/v5/10/v5-104.cpu.txt
 create mode 100644 research/p9-six-route/ash-inheritance-20260909/hand-value-v1/execution-1/v5/10/v5-104.outcomes.jsonl.xz
 create mode 100644 research/p9-six-route/ash-inheritance-20260909/hand-value-v1/execution-1/v5/10/v5-104.stderr
 create mode 100644 research/p9-six-route/ash-inheritance-20260909/hand-value-v1/execution-1/v5/10/v5-104.stdout
 create mode 100644 research/p9-six-route/ash-inheritance-20260909/hand-value-v1/execution-1/v5/10/v5-104.traces.jsonl.xz
 create mode 100644 research/p9-six-route/ash-inheritance-20260909/hand-value-v1/execution-1/v5/10/v5-106.RECEIPT.json
 create mode 100644 research/p9-six-route/ash-inheritance-20260909/hand-value-v1/execution-1/v5/10/v5-106.command.json
 create mode 100644 research/p9-six-route/ash-inheritance-20260909/hand-value-v1/execution-1/v5/10/v5-106.config.json
 create mode 100644 research/p9-six-route/ash-inheritance-20260909/hand-value-v1/execution-1/v5/10/v5-106.cpu.txt
 create mode 100644 research/p9-six-route/ash-inheritance-20260909/hand-value-v1/execution-1/v5/10/v5-106.outcomes.jsonl.xz
 create mode 100644 research/p9-six-route/ash-inheritance-20260909/hand-value-v1/execution-1/v5/10/v5-106.stderr
 create mode 100644 research/p9-six-route/ash-inheritance-20260909/hand-value-v1/execution-1/v5/10/v5-106.stdout
 create mode 100644 research/p9-six-route/ash-inheritance-20260909/hand-value-v1/execution-1/v5/10/v5-106.traces.jsonl.xz
 create mode 100644 research/p9-six-route/ash-inheritance-20260909/hand-value-v1/execution-1/v5/11/v5-104.RECEIPT.json
 create mode 100644 research/p9-six-route/ash-inheritance-20260909/hand-value-v1/execution-1/v5/11/v5-104.command.json
 create mode 100644 research/p9-six-route/ash-inheritance-20260909/hand-value-v1/execution-1/v5/11/v5-104.config.json
 create mode 100644 research/p9-six-route/ash-inheritance-20260909/hand-value-v1/execution-1/v5/11/v5-104.cpu.txt
 create mode 100644 research/p9-six-route/ash-inheritance-20260909/hand-value-v1/execution-1/v5/11/v5-104.outcomes.jsonl.xz
 create mode 100644 research/p9-six-route/ash-inheritance-20260909/hand-value-v1/execution-1/v5/11/v5-104.stderr
 create mode 100644 research/p9-six-route/ash-inheritance-20260909/hand-value-v1/execution-1/v5/11/v5-104.stdout
 create mode 100644 research/p9-six-route/ash-inheritance-20260909/hand-value-v1/execution-1/v5/11/v5-104.traces.jsonl.xz
 create mode 100644 research/p9-six-route/ash-inheritance-20260909/hand-value-v1/execution-1/v5/11/v5-106.RECEIPT.json
 create mode 100644 research/p9-six-route/ash-inheritance-20260909/hand-value-v1/execution-1/v5/11/v5-106.command.json
 create mode 100644 research/p9-six-route/ash-inheritance-20260909/hand-value-v1/execution-1/v5/11/v5-106.config.json
 create mode 100644 research/p9-six-route/ash-inheritance-20260909/hand-value-v1/execution-1/v5/11/v5-106.cpu.txt
 create mode 100644 research/p9-six-route/ash-inheritance-20260909/hand-value-v1/execution-1/v5/11/v5-106.outcomes.jsonl.xz
 create mode 100644 research/p9-six-route/ash-inheritance-20260909/hand-value-v1/execution-1/v5/11/v5-106.stderr
 create mode 100644 research/p9-six-route/ash-inheritance-20260909/hand-value-v1/execution-1/v5/11/v5-106.stdout
 create mode 100644 research/p9-six-route/ash-inheritance-20260909/hand-value-v1/execution-1/v5/11/v5-106.traces.jsonl.xz
[detached HEAD edc47d2] research(p9): preserve Hand v5 matched group 28
 65 files changed, 596 insertions(+), 4 deletions(-)
 create mode 100644 research/p9-six-route/ash-inheritance-20260909/hand-value-v1/execution-1/v5/00/v5-108.RECEIPT.json
 create mode 100644 research/p9-six-route/ash-inheritance-20260909/hand-value-v1/execution-1/v5/00/v5-108.command.json
 create mode 100644 research/p9-six-route/ash-inheritance-20260909/hand-value-v1/execution-1/v5/00/v5-108.config.json
 create mode 100644 research/p9-six-route/ash-inheritance-20260909/hand-value-v1/execution-1/v5/00/v5-108.cpu.txt
 create mode 100644 research/p9-six-route/ash-inheritance-20260909/hand-value-v1/execution-1/v5/00/v5-108.outcomes.jsonl.xz
 create mode 100644 research/p9-six-route/ash-inheritance-20260909/hand-value-v1/execution-1/v5/00/v5-108.stderr
 create mode 100644 research/p9-six-route/ash-inheritance-20260909/hand-value-v1/execution-1/v5/00/v5-108.stdout
 create mode 100644 research/p9-six-route/ash-inheritance-20260909/hand-value-v1/execution-1/v5/00/v5-108.traces.jsonl.xz
 create mode 100644 research/p9-six-route/ash-inheritance-20260909/hand-value-v1/execution-1/v5/00/v5-110.RECEIPT.json
 create mode 100644 research/p9-six-route/ash-inheritance-20260909/hand-value-v1/execution-1/v5/00/v5-110.command.json
 create mode 100644 research/p9-six-route/ash-inheritance-20260909/hand-value-v1/execution-1/v5/00/v5-110.config.json
 create mode 100644 research/p9-six-route/ash-inheritance-20260909/hand-value-v1/execution-1/v5/00/v5-110.cpu.txt
 create mode 100644 research/p9-six-route/ash-inheritance-20260909/hand-value-v1/execution-1/v5/00/v5-110.outcomes.jsonl.xz
 create mode 100644 research/p9-six-route/ash-inheritance-20260909/hand-value-v1/execution-1/v5/00/v5-110.stderr
 create mode 100644 research/p9-six-route/ash-inheritance-20260909/hand-value-v1/execution-1/v5/00/v5-110.stdout
 create mode 100644 research/p9-six-route/ash-inheritance-20260909/hand-value-v1/execution-1/v5/00/v5-110.traces.jsonl.xz
 create mode 100644 research/p9-six-route/ash-inheritance-20260909/hand-value-v1/execution-1/v5/01/v5-108.RECEIPT.json
 create mode 100644 research/p9-six-route/ash-inheritance-20260909/hand-value-v1/execution-1/v5/01/v5-108.command.json
 create mode 100644 research/p9-six-route/ash-inheritance-20260909/hand-value-v1/execution-1/v5/01/v5-108.config.json
 create mode 100644 research/p9-six-route/ash-inheritance-20260909/hand-value-v1/execution-1/v5/01/v5-108.cpu.txt
 create mode 100644 research/p9-six-route/ash-inheritance-20260909/hand-value-v1/execution-1/v5/01/v5-108.outcomes.jsonl.xz
 create mode 100644 research/p9-six-route/ash-inheritance-20260909/hand-value-v1/execution-1/v5/01/v5-108.stderr
 create mode 100644 research/p9-six-route/ash-inheritance-20260909/hand-value-v1/execution-1/v5/01/v5-108.stdout
 create mode 100644 research/p9-six-route/ash-inheritance-20260909/hand-value-v1/execution-1/v5/01/v5-108.traces.jsonl.xz
 create mode 100644 research/p9-six-route/ash-inheritance-20260909/hand-value-v1/execution-1/v5/01/v5-110.RECEIPT.json
 create mode 100644 research/p9-six-route/ash-inheritance-20260909/hand-value-v1/execution-1/v5/01/v5-110.command.json
 create mode 100644 research/p9-six-route/ash-inheritance-20260909/hand-value-v1/execution-1/v5/01/v5-110.config.json
 create mode 100644 research/p9-six-route/ash-inheritance-20260909/hand-value-v1/execution-1/v5/01/v5-110.cpu.txt
 create mode 100644 research/p9-six-route/ash-inheritance-20260909/hand-value-v1/execution-1/v5/01/v5-110.outcomes.jsonl.xz
 create mode 100644 research/p9-six-route/ash-inheritance-20260909/hand-value-v1/execution-1/v5/01/v5-110.stderr
 create mode 100644 research/p9-six-route/ash-inheritance-20260909/hand-value-v1/execution-1/v5/01/v5-110.stdout
 create mode 100644 research/p9-six-route/ash-inheritance-20260909/hand-value-v1/execution-1/v5/01/v5-110.traces.jsonl.xz
 create mode 100644 research/p9-six-route/ash-inheritance-20260909/hand-value-v1/execution-1/v5/10/v5-108.RECEIPT.json
 create mode 100644 research/p9-six-route/ash-inheritance-20260909/hand-value-v1/execution-1/v5/10/v5-108.command.json
 create mode 100644 research/p9-six-route/ash-inheritance-20260909/hand-value-v1/execution-1/v5/10/v5-108.config.json
 create mode 100644 research/p9-six-route/ash-inheritance-20260909/hand-value-v1/execution-1/v5/10/v5-108.cpu.txt
 create mode 100644 research/p9-six-route/ash-inheritance-20260909/hand-value-v1/execution-1/v5/10/v5-108.outcomes.jsonl.xz
 create mode 100644 research/p9-six-route/ash-inheritance-20260909/hand-value-v1/execution-1/v5/10/v5-108.stderr
 create mode 100644 research/p9-six-route/ash-inheritance-20260909/hand-value-v1/execution-1/v5/10/v5-108.stdout
 create mode 100644 research/p9-six-route/ash-inheritance-20260909/hand-value-v1/execution-1/v5/10/v5-108.traces.jsonl.xz
 create mode 100644 research/p9-six-route/ash-inheritance-20260909/hand-value-v1/execution-1/v5/10/v5-110.RECEIPT.json
 create mode 100644 research/p9-six-route/ash-inheritance-20260909/hand-value-v1/execution-1/v5/10/v5-110.command.json
 create mode 100644 research/p9-six-route/ash-inheritance-20260909/hand-value-v1/execution-1/v5/10/v5-110.config.json
 create mode 100644 research/p9-six-route/ash-inheritance-20260909/hand-value-v1/execution-1/v5/10/v5-110.cpu.txt
 create mode 100644 research/p9-six-route/ash-inheritance-20260909/hand-value-v1/execution-1/v5/10/v5-110.outcomes.jsonl.xz
 create mode 100644 research/p9-six-route/ash-inheritance-20260909/hand-value-v1/execution-1/v5/10/v5-110.stderr
 create mode 100644 research/p9-six-route/ash-inheritance-20260909/hand-value-v1/execution-1/v5/10/v5-110.stdout
 create mode 100644 research/p9-six-route/ash-inheritance-20260909/hand-value-v1/execution-1/v5/10/v5-110.traces.jsonl.xz
 create mode 100644 research/p9-six-route/ash-inheritance-20260909/hand-value-v1/execution-1/v5/11/v5-108.RECEIPT.json
 create mode 100644 research/p9-six-route/ash-inheritance-20260909/hand-value-v1/execution-1/v5/11/v5-108.command.json
 create mode 100644 research/p9-six-route/ash-inheritance-20260909/hand-value-v1/execution-1/v5/11/v5-108.config.json
 create mode 100644 research/p9-six-route/ash-inheritance-20260909/hand-value-v1/execution-1/v5/11/v5-108.cpu.txt
 create mode 100644 research/p9-six-route/ash-inheritance-20260909/hand-value-v1/execution-1/v5/11/v5-108.outcomes.jsonl.xz
 create mode 100644 research/p9-six-route/ash-inheritance-20260909/hand-value-v1/execution-1/v5/11/v5-108.stderr
 create mode 100644 research/p9-six-route/ash-inheritance-20260909/hand-value-v1/execution-1/v5/11/v5-108.stdout
 create mode 100644 research/p9-six-route/ash-inheritance-20260909/hand-value-v1/execution-1/v5/11/v5-108.traces.jsonl.xz
 create mode 100644 research/p9-six-route/ash-inheritance-20260909/hand-value-v1/execution-1/v5/11/v5-110.RECEIPT.json
 create mode 100644 research/p9-six-route/ash-inheritance-20260909/hand-value-v1/execution-1/v5/11/v5-110.command.json
 create mode 100644 research/p9-six-route/ash-inheritance-20260909/hand-value-v1/execution-1/v5/11/v5-110.config.json
 create mode 100644 research/p9-six-route/ash-inheritance-20260909/hand-value-v1/execution-1/v5/11/v5-110.cpu.txt
 create mode 100644 research/p9-six-route/ash-inheritance-20260909/hand-value-v1/execution-1/v5/11/v5-110.outcomes.jsonl.xz
 create mode 100644 research/p9-six-route/ash-inheritance-20260909/hand-value-v1/execution-1/v5/11/v5-110.stderr
 create mode 100644 research/p9-six-route/ash-inheritance-20260909/hand-value-v1/execution-1/v5/11/v5-110.stdout
 create mode 100644 research/p9-six-route/ash-inheritance-20260909/hand-value-v1/execution-1/v5/11/v5-110.traces.jsonl.xz
[detached HEAD 7cd1ff1] research(p9): preserve Hand v5 matched group 29
 65 files changed, 596 insertions(+), 4 deletions(-)
 create mode 100644 research/p9-six-route/ash-inheritance-20260909/hand-value-v1/execution-1/v5/00/v5-112.RECEIPT.json
 create mode 100644 research/p9-six-route/ash-inheritance-20260909/hand-value-v1/execution-1/v5/00/v5-112.command.json
 create mode 100644 research/p9-six-route/ash-inheritance-20260909/hand-value-v1/execution-1/v5/00/v5-112.config.json
 create mode 100644 research/p9-six-route/ash-inheritance-20260909/hand-value-v1/execution-1/v5/00/v5-112.cpu.txt
 create mode 100644 research/p9-six-route/ash-inheritance-20260909/hand-value-v1/execution-1/v5/00/v5-112.outcomes.jsonl.xz
 create mode 100644 research/p9-six-route/ash-inheritance-20260909/hand-value-v1/execution-1/v5/00/v5-112.stderr
 create mode 100644 research/p9-six-route/ash-inheritance-20260909/hand-value-v1/execution-1/v5/00/v5-112.stdout
 create mode 100644 research/p9-six-route/ash-inheritance-20260909/hand-value-v1/execution-1/v5/00/v5-112.traces.jsonl.xz
 create mode 100644 research/p9-six-route/ash-inheritance-20260909/hand-value-v1/execution-1/v5/00/v5-114.RECEIPT.json
 create mode 100644 research/p9-six-route/ash-inheritance-20260909/hand-value-v1/execution-1/v5/00/v5-114.command.json
 create mode 100644 research/p9-six-route/ash-inheritance-20260909/hand-value-v1/execution-1/v5/00/v5-114.config.json
 create mode 100644 research/p9-six-route/ash-inheritance-20260909/hand-value-v1/execution-1/v5/00/v5-114.cpu.txt
 create mode 100644 research/p9-six-route/ash-inheritance-20260909/hand-value-v1/execution-1/v5/00/v5-114.outcomes.jsonl.xz
 create mode 100644 research/p9-six-route/ash-inheritance-20260909/hand-value-v1/execution-1/v5/00/v5-114.stderr
 create mode 100644 research/p9-six-route/ash-inheritance-20260909/hand-value-v1/execution-1/v5/00/v5-114.stdout
 create mode 100644 research/p9-six-route/ash-inheritance-20260909/hand-value-v1/execution-1/v5/00/v5-114.traces.jsonl.xz
 create mode 100644 research/p9-six-route/ash-inheritance-20260909/hand-value-v1/execution-1/v5/01/v5-112.RECEIPT.json
 create mode 100644 research/p9-six-route/ash-inheritance-20260909/hand-value-v1/execution-1/v5/01/v5-112.command.json
 create mode 100644 research/p9-six-route/ash-inheritance-20260909/hand-value-v1/execution-1/v5/01/v5-112.config.json
 create mode 100644 research/p9-six-route/ash-inheritance-20260909/hand-value-v1/execution-1/v5/01/v5-112.cpu.txt
 create mode 100644 research/p9-six-route/ash-inheritance-20260909/hand-value-v1/execution-1/v5/01/v5-112.outcomes.jsonl.xz
 create mode 100644 research/p9-six-route/ash-inheritance-20260909/hand-value-v1/execution-1/v5/01/v5-112.stderr
 create mode 100644 research/p9-six-route/ash-inheritance-20260909/hand-value-v1/execution-1/v5/01/v5-112.stdout
 create mode 100644 research/p9-six-route/ash-inheritance-20260909/hand-value-v1/execution-1/v5/01/v5-112.traces.jsonl.xz
 create mode 100644 research/p9-six-route/ash-inheritance-20260909/hand-value-v1/execution-1/v5/01/v5-114.RECEIPT.json
 create mode 100644 research/p9-six-route/ash-inheritance-20260909/hand-value-v1/execution-1/v5/01/v5-114.command.json
 create mode 100644 research/p9-six-route/ash-inheritance-20260909/hand-value-v1/execution-1/v5/01/v5-114.config.json
 create mode 100644 research/p9-six-route/ash-inheritance-20260909/hand-value-v1/execution-1/v5/01/v5-114.cpu.txt
 create mode 100644 research/p9-six-route/ash-inheritance-20260909/hand-value-v1/execution-1/v5/01/v5-114.outcomes.jsonl.xz
 create mode 100644 research/p9-six-route/ash-inheritance-20260909/hand-value-v1/execution-1/v5/01/v5-114.stderr
 create mode 100644 research/p9-six-route/ash-inheritance-20260909/hand-value-v1/execution-1/v5/01/v5-114.stdout
 create mode 100644 research/p9-six-route/ash-inheritance-20260909/hand-value-v1/execution-1/v5/01/v5-114.traces.jsonl.xz
 create mode 100644 research/p9-six-route/ash-inheritance-20260909/hand-value-v1/execution-1/v5/10/v5-112.RECEIPT.json
 create mode 100644 research/p9-six-route/ash-inheritance-20260909/hand-value-v1/execution-1/v5/10/v5-112.command.json
 create mode 100644 research/p9-six-route/ash-inheritance-20260909/hand-value-v1/execution-1/v5/10/v5-112.config.json
 create mode 100644 research/p9-six-route/ash-inheritance-20260909/hand-value-v1/execution-1/v5/10/v5-112.cpu.txt
 create mode 100644 research/p9-six-route/ash-inheritance-20260909/hand-value-v1/execution-1/v5/10/v5-112.outcomes.jsonl.xz
 create mode 100644 research/p9-six-route/ash-inheritance-20260909/hand-value-v1/execution-1/v5/10/v5-112.stderr
 create mode 100644 research/p9-six-route/ash-inheritance-20260909/hand-value-v1/execution-1/v5/10/v5-112.stdout
 create mode 100644 research/p9-six-route/ash-inheritance-20260909/hand-value-v1/execution-1/v5/10/v5-112.traces.jsonl.xz
 create mode 100644 research/p9-six-route/ash-inheritance-20260909/hand-value-v1/execution-1/v5/10/v5-114.RECEIPT.json
 create mode 100644 research/p9-six-route/ash-inheritance-20260909/hand-value-v1/execution-1/v5/10/v5-114.command.json
 create mode 100644 research/p9-six-route/ash-inheritance-20260909/hand-value-v1/execution-1/v5/10/v5-114.config.json
 create mode 100644 research/p9-six-route/ash-inheritance-20260909/hand-value-v1/execution-1/v5/10/v5-114.cpu.txt
 create mode 100644 research/p9-six-route/ash-inheritance-20260909/hand-value-v1/execution-1/v5/10/v5-114.outcomes.jsonl.xz
 create mode 100644 research/p9-six-route/ash-inheritance-20260909/hand-value-v1/execution-1/v5/10/v5-114.stderr
 create mode 100644 research/p9-six-route/ash-inheritance-20260909/hand-value-v1/execution-1/v5/10/v5-114.stdout
 create mode 100644 research/p9-six-route/ash-inheritance-20260909/hand-value-v1/execution-1/v5/10/v5-114.traces.jsonl.xz
 create mode 100644 research/p9-six-route/ash-inheritance-20260909/hand-value-v1/execution-1/v5/11/v5-112.RECEIPT.json
 create mode 100644 research/p9-six-route/ash-inheritance-20260909/hand-value-v1/execution-1/v5/11/v5-112.command.json
 create mode 100644 research/p9-six-route/ash-inheritance-20260909/hand-value-v1/execution-1/v5/11/v5-112.config.json
 create mode 100644 research/p9-six-route/ash-inheritance-20260909/hand-value-v1/execution-1/v5/11/v5-112.cpu.txt
 create mode 100644 research/p9-six-route/ash-inheritance-20260909/hand-value-v1/execution-1/v5/11/v5-112.outcomes.jsonl.xz
 create mode 100644 research/p9-six-route/ash-inheritance-20260909/hand-value-v1/execution-1/v5/11/v5-112.stderr
 create mode 100644 research/p9-six-route/ash-inheritance-20260909/hand-value-v1/execution-1/v5/11/v5-112.stdout
 create mode 100644 research/p9-six-route/ash-inheritance-20260909/hand-value-v1/execution-1/v5/11/v5-112.traces.jsonl.xz
 create mode 100644 research/p9-six-route/ash-inheritance-20260909/hand-value-v1/execution-1/v5/11/v5-114.RECEIPT.json
 create mode 100644 research/p9-six-route/ash-inheritance-20260909/hand-value-v1/execution-1/v5/11/v5-114.command.json
 create mode 100644 research/p9-six-route/ash-inheritance-20260909/hand-value-v1/execution-1/v5/11/v5-114.config.json
 create mode 100644 research/p9-six-route/ash-inheritance-20260909/hand-value-v1/execution-1/v5/11/v5-114.cpu.txt
 create mode 100644 research/p9-six-route/ash-inheritance-20260909/hand-value-v1/execution-1/v5/11/v5-114.outcomes.jsonl.xz
 create mode 100644 research/p9-six-route/ash-inheritance-20260909/hand-value-v1/execution-1/v5/11/v5-114.stderr
 create mode 100644 research/p9-six-route/ash-inheritance-20260909/hand-value-v1/execution-1/v5/11/v5-114.stdout
 create mode 100644 research/p9-six-route/ash-inheritance-20260909/hand-value-v1/execution-1/v5/11/v5-114.traces.jsonl.xz
[detached HEAD ac62f64] research(p9): preserve Hand v5 matched group 30
 65 files changed, 596 insertions(+), 4 deletions(-)
 create mode 100644 research/p9-six-route/ash-inheritance-20260909/hand-value-v1/execution-1/v5/00/v5-116.RECEIPT.json
 create mode 100644 research/p9-six-route/ash-inheritance-20260909/hand-value-v1/execution-1/v5/00/v5-116.command.json
 create mode 100644 research/p9-six-route/ash-inheritance-20260909/hand-value-v1/execution-1/v5/00/v5-116.config.json
 create mode 100644 research/p9-six-route/ash-inheritance-20260909/hand-value-v1/execution-1/v5/00/v5-116.cpu.txt
 create mode 100644 research/p9-six-route/ash-inheritance-20260909/hand-value-v1/execution-1/v5/00/v5-116.outcomes.jsonl.xz
 create mode 100644 research/p9-six-route/ash-inheritance-20260909/hand-value-v1/execution-1/v5/00/v5-116.stderr
 create mode 100644 research/p9-six-route/ash-inheritance-20260909/hand-value-v1/execution-1/v5/00/v5-116.stdout
 create mode 100644 research/p9-six-route/ash-inheritance-20260909/hand-value-v1/execution-1/v5/00/v5-116.traces.jsonl.xz
 create mode 100644 research/p9-six-route/ash-inheritance-20260909/hand-value-v1/execution-1/v5/00/v5-118.RECEIPT.json
 create mode 100644 research/p9-six-route/ash-inheritance-20260909/hand-value-v1/execution-1/v5/00/v5-118.command.json
 create mode 100644 research/p9-six-route/ash-inheritance-20260909/hand-value-v1/execution-1/v5/00/v5-118.config.json
 create mode 100644 research/p9-six-route/ash-inheritance-20260909/hand-value-v1/execution-1/v5/00/v5-118.cpu.txt
 create mode 100644 research/p9-six-route/ash-inheritance-20260909/hand-value-v1/execution-1/v5/00/v5-118.outcomes.jsonl.xz
 create mode 100644 research/p9-six-route/ash-inheritance-20260909/hand-value-v1/execution-1/v5/00/v5-118.stderr
 create mode 100644 research/p9-six-route/ash-inheritance-20260909/hand-value-v1/execution-1/v5/00/v5-118.stdout
 create mode 100644 research/p9-six-route/ash-inheritance-20260909/hand-value-v1/execution-1/v5/00/v5-118.traces.jsonl.xz
 create mode 100644 research/p9-six-route/ash-inheritance-20260909/hand-value-v1/execution-1/v5/01/v5-116.RECEIPT.json
 create mode 100644 research/p9-six-route/ash-inheritance-20260909/hand-value-v1/execution-1/v5/01/v5-116.command.json
 create mode 100644 research/p9-six-route/ash-inheritance-20260909/hand-value-v1/execution-1/v5/01/v5-116.config.json
 create mode 100644 research/p9-six-route/ash-inheritance-20260909/hand-value-v1/execution-1/v5/01/v5-116.cpu.txt
 create mode 100644 research/p9-six-route/ash-inheritance-20260909/hand-value-v1/execution-1/v5/01/v5-116.outcomes.jsonl.xz
 create mode 100644 research/p9-six-route/ash-inheritance-20260909/hand-value-v1/execution-1/v5/01/v5-116.stderr
 create mode 100644 research/p9-six-route/ash-inheritance-20260909/hand-value-v1/execution-1/v5/01/v5-116.stdout
 create mode 100644 research/p9-six-route/ash-inheritance-20260909/hand-value-v1/execution-1/v5/01/v5-116.traces.jsonl.xz
 create mode 100644 research/p9-six-route/ash-inheritance-20260909/hand-value-v1/execution-1/v5/01/v5-118.RECEIPT.json
 create mode 100644 research/p9-six-route/ash-inheritance-20260909/hand-value-v1/execution-1/v5/01/v5-118.command.json
 create mode 100644 research/p9-six-route/ash-inheritance-20260909/hand-value-v1/execution-1/v5/01/v5-118.config.json
 create mode 100644 research/p9-six-route/ash-inheritance-20260909/hand-value-v1/execution-1/v5/01/v5-118.cpu.txt
 create mode 100644 research/p9-six-route/ash-inheritance-20260909/hand-value-v1/execution-1/v5/01/v5-118.outcomes.jsonl.xz
 create mode 100644 research/p9-six-route/ash-inheritance-20260909/hand-value-v1/execution-1/v5/01/v5-118.stderr
 create mode 100644 research/p9-six-route/ash-inheritance-20260909/hand-value-v1/execution-1/v5/01/v5-118.stdout
 create mode 100644 research/p9-six-route/ash-inheritance-20260909/hand-value-v1/execution-1/v5/01/v5-118.traces.jsonl.xz
 create mode 100644 research/p9-six-route/ash-inheritance-20260909/hand-value-v1/execution-1/v5/10/v5-116.RECEIPT.json
 create mode 100644 research/p9-six-route/ash-inheritance-20260909/hand-value-v1/execution-1/v5/10/v5-116.command.json
 create mode 100644 research/p9-six-route/ash-inheritance-20260909/hand-value-v1/execution-1/v5/10/v5-116.config.json
 create mode 100644 research/p9-six-route/ash-inheritance-20260909/hand-value-v1/execution-1/v5/10/v5-116.cpu.txt
 create mode 100644 research/p9-six-route/ash-inheritance-20260909/hand-value-v1/execution-1/v5/10/v5-116.outcomes.jsonl.xz
 create mode 100644 research/p9-six-route/ash-inheritance-20260909/hand-value-v1/execution-1/v5/10/v5-116.stderr
 create mode 100644 research/p9-six-route/ash-inheritance-20260909/hand-value-v1/execution-1/v5/10/v5-116.stdout
 create mode 100644 research/p9-six-route/ash-inheritance-20260909/hand-value-v1/execution-1/v5/10/v5-116.traces.jsonl.xz
 create mode 100644 research/p9-six-route/ash-inheritance-20260909/hand-value-v1/execution-1/v5/10/v5-118.RECEIPT.json
 create mode 100644 research/p9-six-route/ash-inheritance-20260909/hand-value-v1/execution-1/v5/10/v5-118.command.json
 create mode 100644 research/p9-six-route/ash-inheritance-20260909/hand-value-v1/execution-1/v5/10/v5-118.config.json
 create mode 100644 research/p9-six-route/ash-inheritance-20260909/hand-value-v1/execution-1/v5/10/v5-118.cpu.txt
 create mode 100644 research/p9-six-route/ash-inheritance-20260909/hand-value-v1/execution-1/v5/10/v5-118.outcomes.jsonl.xz
 create mode 100644 research/p9-six-route/ash-inheritance-20260909/hand-value-v1/execution-1/v5/10/v5-118.stderr
 create mode 100644 research/p9-six-route/ash-inheritance-20260909/hand-value-v1/execution-1/v5/10/v5-118.stdout
 create mode 100644 research/p9-six-route/ash-inheritance-20260909/hand-value-v1/execution-1/v5/10/v5-118.traces.jsonl.xz
 create mode 100644 research/p9-six-route/ash-inheritance-20260909/hand-value-v1/execution-1/v5/11/v5-116.RECEIPT.json
 create mode 100644 research/p9-six-route/ash-inheritance-20260909/hand-value-v1/execution-1/v5/11/v5-116.command.json
 create mode 100644 research/p9-six-route/ash-inheritance-20260909/hand-value-v1/execution-1/v5/11/v5-116.config.json
 create mode 100644 research/p9-six-route/ash-inheritance-20260909/hand-value-v1/execution-1/v5/11/v5-116.cpu.txt
 create mode 100644 research/p9-six-route/ash-inheritance-20260909/hand-value-v1/execution-1/v5/11/v5-116.outcomes.jsonl.xz
 create mode 100644 research/p9-six-route/ash-inheritance-20260909/hand-value-v1/execution-1/v5/11/v5-116.stderr
 create mode 100644 research/p9-six-route/ash-inheritance-20260909/hand-value-v1/execution-1/v5/11/v5-116.stdout
 create mode 100644 research/p9-six-route/ash-inheritance-20260909/hand-value-v1/execution-1/v5/11/v5-116.traces.jsonl.xz
 create mode 100644 research/p9-six-route/ash-inheritance-20260909/hand-value-v1/execution-1/v5/11/v5-118.RECEIPT.json
 create mode 100644 research/p9-six-route/ash-inheritance-20260909/hand-value-v1/execution-1/v5/11/v5-118.command.json
 create mode 100644 research/p9-six-route/ash-inheritance-20260909/hand-value-v1/execution-1/v5/11/v5-118.config.json
 create mode 100644 research/p9-six-route/ash-inheritance-20260909/hand-value-v1/execution-1/v5/11/v5-118.cpu.txt
 create mode 100644 research/p9-six-route/ash-inheritance-20260909/hand-value-v1/execution-1/v5/11/v5-118.outcomes.jsonl.xz
 create mode 100644 research/p9-six-route/ash-inheritance-20260909/hand-value-v1/execution-1/v5/11/v5-118.stderr
 create mode 100644 research/p9-six-route/ash-inheritance-20260909/hand-value-v1/execution-1/v5/11/v5-118.stdout
 create mode 100644 research/p9-six-route/ash-inheritance-20260909/hand-value-v1/execution-1/v5/11/v5-118.traces.jsonl.xz
[detached HEAD 4b3def8] research(p9): preserve Hand v5 matched group 31
 65 files changed, 596 insertions(+), 4 deletions(-)
 create mode 100644 research/p9-six-route/ash-inheritance-20260909/hand-value-v1/execution-1/v5/00/v5-120.RECEIPT.json
 create mode 100644 research/p9-six-route/ash-inheritance-20260909/hand-value-v1/execution-1/v5/00/v5-120.command.json
 create mode 100644 research/p9-six-route/ash-inheritance-20260909/hand-value-v1/execution-1/v5/00/v5-120.config.json
 create mode 100644 research/p9-six-route/ash-inheritance-20260909/hand-value-v1/execution-1/v5/00/v5-120.cpu.txt
 create mode 100644 research/p9-six-route/ash-inheritance-20260909/hand-value-v1/execution-1/v5/00/v5-120.outcomes.jsonl.xz
 create mode 100644 research/p9-six-route/ash-inheritance-20260909/hand-value-v1/execution-1/v5/00/v5-120.stderr
 create mode 100644 research/p9-six-route/ash-inheritance-20260909/hand-value-v1/execution-1/v5/00/v5-120.stdout
 create mode 100644 research/p9-six-route/ash-inheritance-20260909/hand-value-v1/execution-1/v5/00/v5-120.traces.jsonl.xz
 create mode 100644 research/p9-six-route/ash-inheritance-20260909/hand-value-v1/execution-1/v5/00/v5-122.RECEIPT.json
 create mode 100644 research/p9-six-route/ash-inheritance-20260909/hand-value-v1/execution-1/v5/00/v5-122.command.json
 create mode 100644 research/p9-six-route/ash-inheritance-20260909/hand-value-v1/execution-1/v5/00/v5-122.config.json
 create mode 100644 research/p9-six-route/ash-inheritance-20260909/hand-value-v1/execution-1/v5/00/v5-122.cpu.txt
 create mode 100644 research/p9-six-route/ash-inheritance-20260909/hand-value-v1/execution-1/v5/00/v5-122.outcomes.jsonl.xz
 create mode 100644 research/p9-six-route/ash-inheritance-20260909/hand-value-v1/execution-1/v5/00/v5-122.stderr
 create mode 100644 research/p9-six-route/ash-inheritance-20260909/hand-value-v1/execution-1/v5/00/v5-122.stdout
 create mode 100644 research/p9-six-route/ash-inheritance-20260909/hand-value-v1/execution-1/v5/00/v5-122.traces.jsonl.xz
 create mode 100644 research/p9-six-route/ash-inheritance-20260909/hand-value-v1/execution-1/v5/01/v5-120.RECEIPT.json
 create mode 100644 research/p9-six-route/ash-inheritance-20260909/hand-value-v1/execution-1/v5/01/v5-120.command.json
 create mode 100644 research/p9-six-route/ash-inheritance-20260909/hand-value-v1/execution-1/v5/01/v5-120.config.json
 create mode 100644 research/p9-six-route/ash-inheritance-20260909/hand-value-v1/execution-1/v5/01/v5-120.cpu.txt
 create mode 100644 research/p9-six-route/ash-inheritance-20260909/hand-value-v1/execution-1/v5/01/v5-120.outcomes.jsonl.xz
 create mode 100644 research/p9-six-route/ash-inheritance-20260909/hand-value-v1/execution-1/v5/01/v5-120.stderr
 create mode 100644 research/p9-six-route/ash-inheritance-20260909/hand-value-v1/execution-1/v5/01/v5-120.stdout
 create mode 100644 research/p9-six-route/ash-inheritance-20260909/hand-value-v1/execution-1/v5/01/v5-120.traces.jsonl.xz
 create mode 100644 research/p9-six-route/ash-inheritance-20260909/hand-value-v1/execution-1/v5/01/v5-122.RECEIPT.json
 create mode 100644 research/p9-six-route/ash-inheritance-20260909/hand-value-v1/execution-1/v5/01/v5-122.command.json
 create mode 100644 research/p9-six-route/ash-inheritance-20260909/hand-value-v1/execution-1/v5/01/v5-122.config.json
 create mode 100644 research/p9-six-route/ash-inheritance-20260909/hand-value-v1/execution-1/v5/01/v5-122.cpu.txt
 create mode 100644 research/p9-six-route/ash-inheritance-20260909/hand-value-v1/execution-1/v5/01/v5-122.outcomes.jsonl.xz
 create mode 100644 research/p9-six-route/ash-inheritance-20260909/hand-value-v1/execution-1/v5/01/v5-122.stderr
 create mode 100644 research/p9-six-route/ash-inheritance-20260909/hand-value-v1/execution-1/v5/01/v5-122.stdout
 create mode 100644 research/p9-six-route/ash-inheritance-20260909/hand-value-v1/execution-1/v5/01/v5-122.traces.jsonl.xz
 create mode 100644 research/p9-six-route/ash-inheritance-20260909/hand-value-v1/execution-1/v5/10/v5-120.RECEIPT.json
 create mode 100644 research/p9-six-route/ash-inheritance-20260909/hand-value-v1/execution-1/v5/10/v5-120.command.json
 create mode 100644 research/p9-six-route/ash-inheritance-20260909/hand-value-v1/execution-1/v5/10/v5-120.config.json
 create mode 100644 research/p9-six-route/ash-inheritance-20260909/hand-value-v1/execution-1/v5/10/v5-120.cpu.txt
 create mode 100644 research/p9-six-route/ash-inheritance-20260909/hand-value-v1/execution-1/v5/10/v5-120.outcomes.jsonl.xz
 create mode 100644 research/p9-six-route/ash-inheritance-20260909/hand-value-v1/execution-1/v5/10/v5-120.stderr
 create mode 100644 research/p9-six-route/ash-inheritance-20260909/hand-value-v1/execution-1/v5/10/v5-120.stdout
 create mode 100644 research/p9-six-route/ash-inheritance-20260909/hand-value-v1/execution-1/v5/10/v5-120.traces.jsonl.xz
 create mode 100644 research/p9-six-route/ash-inheritance-20260909/hand-value-v1/execution-1/v5/10/v5-122.RECEIPT.json
 create mode 100644 research/p9-six-route/ash-inheritance-20260909/hand-value-v1/execution-1/v5/10/v5-122.command.json
 create mode 100644 research/p9-six-route/ash-inheritance-20260909/hand-value-v1/execution-1/v5/10/v5-122.config.json
 create mode 100644 research/p9-six-route/ash-inheritance-20260909/hand-value-v1/execution-1/v5/10/v5-122.cpu.txt
 create mode 100644 research/p9-six-route/ash-inheritance-20260909/hand-value-v1/execution-1/v5/10/v5-122.outcomes.jsonl.xz
 create mode 100644 research/p9-six-route/ash-inheritance-20260909/hand-value-v1/execution-1/v5/10/v5-122.stderr
 create mode 100644 research/p9-six-route/ash-inheritance-20260909/hand-value-v1/execution-1/v5/10/v5-122.stdout
 create mode 100644 research/p9-six-route/ash-inheritance-20260909/hand-value-v1/execution-1/v5/10/v5-122.traces.jsonl.xz
 create mode 100644 research/p9-six-route/ash-inheritance-20260909/hand-value-v1/execution-1/v5/11/v5-120.RECEIPT.json
 create mode 100644 research/p9-six-route/ash-inheritance-20260909/hand-value-v1/execution-1/v5/11/v5-120.command.json
 create mode 100644 research/p9-six-route/ash-inheritance-20260909/hand-value-v1/execution-1/v5/11/v5-120.config.json
 create mode 100644 research/p9-six-route/ash-inheritance-20260909/hand-value-v1/execution-1/v5/11/v5-120.cpu.txt
 create mode 100644 research/p9-six-route/ash-inheritance-20260909/hand-value-v1/execution-1/v5/11/v5-120.outcomes.jsonl.xz
 create mode 100644 research/p9-six-route/ash-inheritance-20260909/hand-value-v1/execution-1/v5/11/v5-120.stderr
 create mode 100644 research/p9-six-route/ash-inheritance-20260909/hand-value-v1/execution-1/v5/11/v5-120.stdout
 create mode 100644 research/p9-six-route/ash-inheritance-20260909/hand-value-v1/execution-1/v5/11/v5-120.traces.jsonl.xz
 create mode 100644 research/p9-six-route/ash-inheritance-20260909/hand-value-v1/execution-1/v5/11/v5-122.RECEIPT.json
 create mode 100644 research/p9-six-route/ash-inheritance-20260909/hand-value-v1/execution-1/v5/11/v5-122.command.json
 create mode 100644 research/p9-six-route/ash-inheritance-20260909/hand-value-v1/execution-1/v5/11/v5-122.config.json
 create mode 100644 research/p9-six-route/ash-inheritance-20260909/hand-value-v1/execution-1/v5/11/v5-122.cpu.txt
 create mode 100644 research/p9-six-route/ash-inheritance-20260909/hand-value-v1/execution-1/v5/11/v5-122.outcomes.jsonl.xz
 create mode 100644 research/p9-six-route/ash-inheritance-20260909/hand-value-v1/execution-1/v5/11/v5-122.stderr
 create mode 100644 research/p9-six-route/ash-inheritance-20260909/hand-value-v1/execution-1/v5/11/v5-122.stdout
 create mode 100644 research/p9-six-route/ash-inheritance-20260909/hand-value-v1/execution-1/v5/11/v5-122.traces.jsonl.xz
[detached HEAD 9250e39] research(p9): preserve Hand v5 matched group 32
 65 files changed, 596 insertions(+), 4 deletions(-)
 create mode 100644 research/p9-six-route/ash-inheritance-20260909/hand-value-v1/execution-1/v5/00/v5-124.RECEIPT.json
 create mode 100644 research/p9-six-route/ash-inheritance-20260909/hand-value-v1/execution-1/v5/00/v5-124.command.json
 create mode 100644 research/p9-six-route/ash-inheritance-20260909/hand-value-v1/execution-1/v5/00/v5-124.config.json
 create mode 100644 research/p9-six-route/ash-inheritance-20260909/hand-value-v1/execution-1/v5/00/v5-124.cpu.txt
 create mode 100644 research/p9-six-route/ash-inheritance-20260909/hand-value-v1/execution-1/v5/00/v5-124.outcomes.jsonl.xz
 create mode 100644 research/p9-six-route/ash-inheritance-20260909/hand-value-v1/execution-1/v5/00/v5-124.stderr
 create mode 100644 research/p9-six-route/ash-inheritance-20260909/hand-value-v1/execution-1/v5/00/v5-124.stdout
 create mode 100644 research/p9-six-route/ash-inheritance-20260909/hand-value-v1/execution-1/v5/00/v5-124.traces.jsonl.xz
 create mode 100644 research/p9-six-route/ash-inheritance-20260909/hand-value-v1/execution-1/v5/00/v5-126.RECEIPT.json
 create mode 100644 research/p9-six-route/ash-inheritance-20260909/hand-value-v1/execution-1/v5/00/v5-126.command.json
 create mode 100644 research/p9-six-route/ash-inheritance-20260909/hand-value-v1/execution-1/v5/00/v5-126.config.json
 create mode 100644 research/p9-six-route/ash-inheritance-20260909/hand-value-v1/execution-1/v5/00/v5-126.cpu.txt
 create mode 100644 research/p9-six-route/ash-inheritance-20260909/hand-value-v1/execution-1/v5/00/v5-126.outcomes.jsonl.xz
 create mode 100644 research/p9-six-route/ash-inheritance-20260909/hand-value-v1/execution-1/v5/00/v5-126.stderr
 create mode 100644 research/p9-six-route/ash-inheritance-20260909/hand-value-v1/execution-1/v5/00/v5-126.stdout
 create mode 100644 research/p9-six-route/ash-inheritance-20260909/hand-value-v1/execution-1/v5/00/v5-126.traces.jsonl.xz
 create mode 100644 research/p9-six-route/ash-inheritance-20260909/hand-value-v1/execution-1/v5/01/v5-124.RECEIPT.json
 create mode 100644 research/p9-six-route/ash-inheritance-20260909/hand-value-v1/execution-1/v5/01/v5-124.command.json
 create mode 100644 research/p9-six-route/ash-inheritance-20260909/hand-value-v1/execution-1/v5/01/v5-124.config.json
 create mode 100644 research/p9-six-route/ash-inheritance-20260909/hand-value-v1/execution-1/v5/01/v5-124.cpu.txt
 create mode 100644 research/p9-six-route/ash-inheritance-20260909/hand-value-v1/execution-1/v5/01/v5-124.outcomes.jsonl.xz
 create mode 100644 research/p9-six-route/ash-inheritance-20260909/hand-value-v1/execution-1/v5/01/v5-124.stderr
 create mode 100644 research/p9-six-route/ash-inheritance-20260909/hand-value-v1/execution-1/v5/01/v5-124.stdout
 create mode 100644 research/p9-six-route/ash-inheritance-20260909/hand-value-v1/execution-1/v5/01/v5-124.traces.jsonl.xz
 create mode 100644 research/p9-six-route/ash-inheritance-20260909/hand-value-v1/execution-1/v5/01/v5-126.RECEIPT.json
 create mode 100644 research/p9-six-route/ash-inheritance-20260909/hand-value-v1/execution-1/v5/01/v5-126.command.json
 create mode 100644 research/p9-six-route/ash-inheritance-20260909/hand-value-v1/execution-1/v5/01/v5-126.config.json
 create mode 100644 research/p9-six-route/ash-inheritance-20260909/hand-value-v1/execution-1/v5/01/v5-126.cpu.txt
 create mode 100644 research/p9-six-route/ash-inheritance-20260909/hand-value-v1/execution-1/v5/01/v5-126.outcomes.jsonl.xz
 create mode 100644 research/p9-six-route/ash-inheritance-20260909/hand-value-v1/execution-1/v5/01/v5-126.stderr
 create mode 100644 research/p9-six-route/ash-inheritance-20260909/hand-value-v1/execution-1/v5/01/v5-126.stdout
 create mode 100644 research/p9-six-route/ash-inheritance-20260909/hand-value-v1/execution-1/v5/01/v5-126.traces.jsonl.xz
 create mode 100644 research/p9-six-route/ash-inheritance-20260909/hand-value-v1/execution-1/v5/10/v5-124.RECEIPT.json
 create mode 100644 research/p9-six-route/ash-inheritance-20260909/hand-value-v1/execution-1/v5/10/v5-124.command.json
 create mode 100644 research/p9-six-route/ash-inheritance-20260909/hand-value-v1/execution-1/v5/10/v5-124.config.json
 create mode 100644 research/p9-six-route/ash-inheritance-20260909/hand-value-v1/execution-1/v5/10/v5-124.cpu.txt
 create mode 100644 research/p9-six-route/ash-inheritance-20260909/hand-value-v1/execution-1/v5/10/v5-124.outcomes.jsonl.xz
 create mode 100644 research/p9-six-route/ash-inheritance-20260909/hand-value-v1/execution-1/v5/10/v5-124.stderr
 create mode 100644 research/p9-six-route/ash-inheritance-20260909/hand-value-v1/execution-1/v5/10/v5-124.stdout
 create mode 100644 research/p9-six-route/ash-inheritance-20260909/hand-value-v1/execution-1/v5/10/v5-124.traces.jsonl.xz
 create mode 100644 research/p9-six-route/ash-inheritance-20260909/hand-value-v1/execution-1/v5/10/v5-126.RECEIPT.json
 create mode 100644 research/p9-six-route/ash-inheritance-20260909/hand-value-v1/execution-1/v5/10/v5-126.command.json
 create mode 100644 research/p9-six-route/ash-inheritance-20260909/hand-value-v1/execution-1/v5/10/v5-126.config.json
 create mode 100644 research/p9-six-route/ash-inheritance-20260909/hand-value-v1/execution-1/v5/10/v5-126.cpu.txt
 create mode 100644 research/p9-six-route/ash-inheritance-20260909/hand-value-v1/execution-1/v5/10/v5-126.outcomes.jsonl.xz
 create mode 100644 research/p9-six-route/ash-inheritance-20260909/hand-value-v1/execution-1/v5/10/v5-126.stderr
 create mode 100644 research/p9-six-route/ash-inheritance-20260909/hand-value-v1/execution-1/v5/10/v5-126.stdout
 create mode 100644 research/p9-six-route/ash-inheritance-20260909/hand-value-v1/execution-1/v5/10/v5-126.traces.jsonl.xz
 create mode 100644 research/p9-six-route/ash-inheritance-20260909/hand-value-v1/execution-1/v5/11/v5-124.RECEIPT.json
 create mode 100644 research/p9-six-route/ash-inheritance-20260909/hand-value-v1/execution-1/v5/11/v5-124.command.json
 create mode 100644 research/p9-six-route/ash-inheritance-20260909/hand-value-v1/execution-1/v5/11/v5-124.config.json
 create mode 100644 research/p9-six-route/ash-inheritance-20260909/hand-value-v1/execution-1/v5/11/v5-124.cpu.txt
 create mode 100644 research/p9-six-route/ash-inheritance-20260909/hand-value-v1/execution-1/v5/11/v5-124.outcomes.jsonl.xz
 create mode 100644 research/p9-six-route/ash-inheritance-20260909/hand-value-v1/execution-1/v5/11/v5-124.stderr
 create mode 100644 research/p9-six-route/ash-inheritance-20260909/hand-value-v1/execution-1/v5/11/v5-124.stdout
 create mode 100644 research/p9-six-route/ash-inheritance-20260909/hand-value-v1/execution-1/v5/11/v5-124.traces.jsonl.xz
 create mode 100644 research/p9-six-route/ash-inheritance-20260909/hand-value-v1/execution-1/v5/11/v5-126.RECEIPT.json
 create mode 100644 research/p9-six-route/ash-inheritance-20260909/hand-value-v1/execution-1/v5/11/v5-126.command.json
 create mode 100644 research/p9-six-route/ash-inheritance-20260909/hand-value-v1/execution-1/v5/11/v5-126.config.json
 create mode 100644 research/p9-six-route/ash-inheritance-20260909/hand-value-v1/execution-1/v5/11/v5-126.cpu.txt
 create mode 100644 research/p9-six-route/ash-inheritance-20260909/hand-value-v1/execution-1/v5/11/v5-126.outcomes.jsonl.xz
 create mode 100644 research/p9-six-route/ash-inheritance-20260909/hand-value-v1/execution-1/v5/11/v5-126.stderr
 create mode 100644 research/p9-six-route/ash-inheritance-20260909/hand-value-v1/execution-1/v5/11/v5-126.stdout
 create mode 100644 research/p9-six-route/ash-inheritance-20260909/hand-value-v1/execution-1/v5/11/v5-126.traces.jsonl.xz
[detached HEAD ce51bbf] research(p9): preserve complete Hand v5 adaptive-value decision
 1 file changed, 221 insertions(+)
 create mode 100644 research/p9-six-route/ash-inheritance-20260909/hand-value-v1/execution-1/v5/RESULTS.json
[detached HEAD e4100de] research(p9): preserve actual Hand adaptive-value terminal and every captured byte
 2 files changed, 10651 insertions(+)
 create mode 100644 research/p9-six-route/ash-inheritance-20260909/hand-value-v1/execution-1/FILES.json
 create mode 100644 research/p9-six-route/ash-inheritance-20260909/hand-value-v1/execution-1/TERMINAL.json
{
  "status": "HAND_ADAPTIVE_GROUP_VALUE_NOT_ESTABLISHED",
  "source_head": "a5680efc5c12f21235ce5b5e9151b93f2b77ee38",
  "stages": {
    "5": {
      "rows_per_world": 512,
      "policy_configurations": 128,
      "distinct_seed_blocks": 256,
      "wins": {
        "00": 289,
        "01": 295,
        "10": 316,
        "11": 322
      },
      "contrasts": {
        "source_group": {
          "point": 0.052734375,
          "interval": [
            0.017578125,
            0.08984375
          ],
          "positive_lower_bound": true
        },
        "consumer": {
          "point": 0.01171875,
          "interval": [
            -0.015625,
            0.0390625
          ],
          "positive_lower_bound": false
        },
        "interaction": {
          "point": 0.0,
          "interval": [
            -0.025390625,
            0.0234375
          ],
          "positive_lower_bound": false
        }
      },
      "outcome_patterns_00_01_10_11": {
        "0000": 163,
        "0001": 5,
        "0010": 4,
        "0011": 33,
        "0100": 2,
        "0101": 10,
        "0111": 6,
        "1010": 6,
        "1011": 6,
        "1100": 12,
        "1101": 4,
        "1110": 3,
        "1111": 258
      },
      "primary_pass": false,
      "uncertainty": "Preserved 10000-resample seed-block bootstrap, Random(421), linear Bonferroni percentiles .05/6 and 1-.05/6. Approximate fixed-policy inference, not final P9 error control.",
      "vow": 5,
      "cpu_seconds": {
        "00": 2703.3699999999994,
        "01": 2713.3300000000004,
        "10": 2868.8100000000004,
        "11": 2855.0600000000004
      },
      "resource_pass": true,
      "pass_all": false,
      "packages_admitted": 0,
      "p9_certified": false,
      "scope": "Joint direct Preparation/Surge draw group and Phantom payoff at the unchanged audit policy. Not separate producer-variant necessity or full package admission.",
      "status": "HAND_ADAPTIVE_GROUP_VALUE_NOT_ESTABLISHED"
    }
  },
  "packages_admitted": 0,
  "p9_certified": false,
  "qualification": {
    "status": "HAND_WORLD_ENTRY_BINDING_PASS",
    "worlds": [
      "00",
      "01",
      "10",
      "11"
    ],
    "all_on_entry_state_events_equal": true,
    "population_outcomes": 0,
    "scope": "New constructor assignment and per-command invariant only; original384-mask qualification carried, not rerun."
  },
  "last_vow": 5,
  "v0_skipped": true
}
